"componentType","logicalName","displayName","sourcePath","parent","dependencies","rootComponent","dataType","requiredLevel","description","domain","targetSolution","disposition","rationale","licenceReview","maturityReview","sourceOnly"
"AppModule","cr7e8_AdvisorCockpit","cr7e8_AdvisorCockpit","AppModules/cr7e8_AdvisorCockpit/AppModule.xml","","","True","","","","Sales and opportunity management","crmshow_Sales","Redesign","Rebuild around native Lead and Opportunity; offer or quote data remains an externally referenced projection.","Investigate","Not required","True"
"AppModule","cr7e8_BrokerManager","cr7e8_BrokerManager","AppModules/cr7e8_BrokerManager/AppModule.xml","","","True","","","","Party, household, and relationship","crmshow_Sales","Redesign","Broker is an Account type with dated relationship and ownership roles, not a parallel party table.","Investigate","Not required","True"
"AppModule","cr7e8_ClaimCockpit","cr7e8_ClaimCockpit","AppModules/cr7e8_ClaimCockpit/AppModule.xml","","","True","","","","Service and case management","crmshow_Service","Redesign","Claim must become an Account-owned, externally referenced thin projection rather than a Contact-owned CRM record.","Investigate","Not required","True"
"AppModule","msdyn_CustomerServiceWorkspace","msdyn_CustomerServiceWorkspace","AppModules/msdyn_CustomerServiceWorkspace/AppModule.xml","","","True","","","","Service and case management","crmshow_Service","Refactor","Retain the service requirement but rebuild through native Customer Service configuration and governed extensions.","Investigate","Not required","True"
"AppModule","msdyncrm_MarketingSMBApp","msdyncrm_MarketingSMBApp","AppModules/msdyncrm_MarketingSMBApp/AppModule.xml","","","True","","","","Marketing, consent, and journeys","crmshow_Marketing","Redesign","Validate against native Customer Insights - Journeys and consent-per-contact-per-channel before rebuilding custom campaign artefacts.","Required","Not required","True"
"Attribute","cr7e8_account","","Entities/cr7e8_broker/Entity.xml","cr7e8_broker","","False","lookup","none","","Party, household, and relationship","crmshow_DataModel","Redesign","Broker is an Account type with dated relationship and ownership roles, not a parallel party table.","Investigate","Not required","True"
"Attribute","cr7e8_broker_name","Broker Name","Entities/cr7e8_broker/Entity.xml","cr7e8_broker","","False","nvarchar","none","","Party, household, and relationship","crmshow_DataModel","Redesign","Broker is an Account type with dated relationship and ownership roles, not a parallel party table.","Investigate","Not required","True"
"Attribute","cr7e8_brokerid","Broker","Entities/cr7e8_broker/Entity.xml","cr7e8_broker","","False","primarykey","systemrequired","Unique identifier for entity instances","Party, household, and relationship","crmshow_DataModel","Redesign","Broker is an Account type with dated relationship and ownership roles, not a parallel party table.","Investigate","Not required","True"
"Attribute","cr7e8_conversion_rate","Conversion Rate","Entities/cr7e8_broker/Entity.xml","cr7e8_broker","","False","decimal","none","","Party, household, and relationship","crmshow_DataModel","Redesign","Broker is an Account type with dated relationship and ownership roles, not a parallel party table.","Investigate","Not required","True"
"Attribute","cr7e8_finma_number","FINMA Number","Entities/cr7e8_broker/Entity.xml","cr7e8_broker","","False","nvarchar","none","","Party, household, and relationship","crmshow_DataModel","Redesign","Broker is an Account type with dated relationship and ownership roles, not a parallel party table.","Investigate","Not required","True"
"Attribute","cr7e8_makler_betreuer","","Entities/cr7e8_broker/Entity.xml","cr7e8_broker","","False","lookup","none","","Party, household, and relationship","crmshow_DataModel","Redesign","Broker is an Account type with dated relationship and ownership roles, not a parallel party table.","Investigate","Not required","True"
"Attribute","cr7e8_mandate_count","Mandate Count","Entities/cr7e8_broker/Entity.xml","cr7e8_broker","","False","int","none","","Party, household, and relationship","crmshow_DataModel","Redesign","Broker is an Account type with dated relationship and ownership roles, not a parallel party table.","Investigate","Not required","True"
"Attribute","cr7e8_name","Broker Name","Entities/cr7e8_broker/Entity.xml","cr7e8_broker","","False","nvarchar","none","","Party, household, and relationship","crmshow_DataModel","Redesign","Broker is an Account type with dated relationship and ownership roles, not a parallel party table.","Investigate","Not required","True"
"Attribute","cr7e8_primary_contact","","Entities/cr7e8_broker/Entity.xml","cr7e8_broker","","False","lookup","none","","Party, household, and relationship","crmshow_DataModel","Redesign","Broker is an Account type with dated relationship and ownership roles, not a parallel party table.","Investigate","Not required","True"
"Attribute","createdby","Created By","Entities/cr7e8_broker/Entity.xml","cr7e8_broker","","False","lookup","none","Unique identifier of the user who created the record.","Party, household, and relationship","crmshow_DataModel","Redesign","Broker is an Account type with dated relationship and ownership roles, not a parallel party table.","Investigate","Not required","True"
"Attribute","createdon","Created On","Entities/cr7e8_broker/Entity.xml","cr7e8_broker","","False","datetime","none","Date and time when the record was created.","Party, household, and relationship","crmshow_DataModel","Redesign","Broker is an Account type with dated relationship and ownership roles, not a parallel party table.","Investigate","Not required","True"
"Attribute","createdonbehalfby","Created By (Delegate)","Entities/cr7e8_broker/Entity.xml","cr7e8_broker","","False","lookup","none","Unique identifier of the delegate user who created the record.","Party, household, and relationship","crmshow_DataModel","Redesign","Broker is an Account type with dated relationship and ownership roles, not a parallel party table.","Investigate","Not required","True"
"Attribute","exchangerate","Exchange Rate","Entities/cr7e8_broker/Entity.xml","cr7e8_broker","","False","decimal","none","Exchange rate for the currency associated with the entity with respect to the base currency.","Party, household, and relationship","crmshow_DataModel","Redesign","Broker is an Account type with dated relationship and ownership roles, not a parallel party table.","Investigate","Not required","True"
"Attribute","importsequencenumber","Import Sequence Number","Entities/cr7e8_broker/Entity.xml","cr7e8_broker","","False","int","none","Sequence number of the import that created this record.","Party, household, and relationship","crmshow_DataModel","Redesign","Broker is an Account type with dated relationship and ownership roles, not a parallel party table.","Investigate","Not required","True"
"Attribute","modifiedby","Modified By","Entities/cr7e8_broker/Entity.xml","cr7e8_broker","","False","lookup","none","Unique identifier of the user who modified the record.","Party, household, and relationship","crmshow_DataModel","Redesign","Broker is an Account type with dated relationship and ownership roles, not a parallel party table.","Investigate","Not required","True"
"Attribute","modifiedon","Modified On","Entities/cr7e8_broker/Entity.xml","cr7e8_broker","","False","datetime","none","Date and time when the record was modified.","Party, household, and relationship","crmshow_DataModel","Redesign","Broker is an Account type with dated relationship and ownership roles, not a parallel party table.","Investigate","Not required","True"
"Attribute","modifiedonbehalfby","Modified By (Delegate)","Entities/cr7e8_broker/Entity.xml","cr7e8_broker","","False","lookup","none","Unique identifier of the delegate user who modified the record.","Party, household, and relationship","crmshow_DataModel","Redesign","Broker is an Account type with dated relationship and ownership roles, not a parallel party table.","Investigate","Not required","True"
"Attribute","overriddencreatedon","Record Created On","Entities/cr7e8_broker/Entity.xml","cr7e8_broker","","False","datetime","none","Date and time that the record was migrated.","Party, household, and relationship","crmshow_DataModel","Redesign","Broker is an Account type with dated relationship and ownership roles, not a parallel party table.","Investigate","Not required","True"
"Attribute","ownerid","Owner","Entities/cr7e8_broker/Entity.xml","cr7e8_broker","","False","owner","systemrequired","Owner Id","Party, household, and relationship","crmshow_DataModel","Redesign","Broker is an Account type with dated relationship and ownership roles, not a parallel party table.","Investigate","Not required","True"
"Attribute","owningbusinessunit","Owning Business Unit","Entities/cr7e8_broker/Entity.xml","cr7e8_broker","","False","lookup","none","Unique identifier for the business unit that owns the record","Party, household, and relationship","crmshow_DataModel","Redesign","Broker is an Account type with dated relationship and ownership roles, not a parallel party table.","Investigate","Not required","True"
"Attribute","owningteam","Owning Team","Entities/cr7e8_broker/Entity.xml","cr7e8_broker","","False","lookup","none","Unique identifier for the team that owns the record.","Party, household, and relationship","crmshow_DataModel","Redesign","Broker is an Account type with dated relationship and ownership roles, not a parallel party table.","Investigate","Not required","True"
"Attribute","owninguser","Owning User","Entities/cr7e8_broker/Entity.xml","cr7e8_broker","","False","lookup","none","Unique identifier for the user that owns the record.","Party, household, and relationship","crmshow_DataModel","Redesign","Broker is an Account type with dated relationship and ownership roles, not a parallel party table.","Investigate","Not required","True"
"Attribute","statecode","Status","Entities/cr7e8_broker/Entity.xml","cr7e8_broker","","False","state","systemrequired","Status of the Broker","Party, household, and relationship","crmshow_DataModel","Redesign","Broker is an Account type with dated relationship and ownership roles, not a parallel party table.","Investigate","Not required","True"
"Attribute","statuscode","Status Reason","Entities/cr7e8_broker/Entity.xml","cr7e8_broker","","False","status","none","Reason for the status of the Broker","Party, household, and relationship","crmshow_DataModel","Redesign","Broker is an Account type with dated relationship and ownership roles, not a parallel party table.","Investigate","Not required","True"
"Attribute","timezoneruleversionnumber","Time Zone Rule Version Number","Entities/cr7e8_broker/Entity.xml","cr7e8_broker","","False","int","none","For internal use only.","Party, household, and relationship","crmshow_DataModel","Redesign","Broker is an Account type with dated relationship and ownership roles, not a parallel party table.","Investigate","Not required","True"
"Attribute","utcconversiontimezonecode","UTC Conversion Time Zone Code","Entities/cr7e8_broker/Entity.xml","cr7e8_broker","","False","int","none","Time zone code that was in use when the record was created.","Party, household, and relationship","crmshow_DataModel","Redesign","Broker is an Account type with dated relationship and ownership roles, not a parallel party table.","Investigate","Not required","True"
"Attribute","cr7e8_account","","Entities/cr7e8_campaign/Entity.xml","cr7e8_campaign","","False","lookup","none","","Marketing, consent, and journeys","crmshow_Marketing","Redesign","Validate against native Customer Insights - Journeys and consent-per-contact-per-channel before rebuilding custom campaign artefacts.","Required","Not required","True"
"Attribute","cr7e8_campaignid","Kampagne","Entities/cr7e8_campaign/Entity.xml","cr7e8_campaign","","False","primarykey","systemrequired","Unique identifier for entity instances","Marketing, consent, and journeys","crmshow_Marketing","Redesign","Validate against native Customer Insights - Journeys and consent-per-contact-per-channel before rebuilding custom campaign artefacts.","Required","Not required","True"
"Attribute","cr7e8_contact","","Entities/cr7e8_campaign/Entity.xml","cr7e8_campaign","","False","lookup","none","","Marketing, consent, and journeys","crmshow_Marketing","Redesign","Validate against native Customer Insights - Journeys and consent-per-contact-per-channel before rebuilding custom campaign artefacts.","Required","Not required","True"
"Attribute","cr7e8_diagnose_healthcheck","Diagnose Healthcheck","Entities/cr7e8_campaign/Entity.xml","cr7e8_campaign","","False","bit","none","","Marketing, consent, and journeys","crmshow_Marketing","Redesign","Validate against native Customer Insights - Journeys and consent-per-contact-per-channel before rebuilding custom campaign artefacts.","Required","Not required","True"
"Attribute","cr7e8_go_live_datum","Go Live Datum","Entities/cr7e8_campaign/Entity.xml","cr7e8_campaign","","False","datetime","none","","Marketing, consent, and journeys","crmshow_Marketing","Redesign","Validate against native Customer Insights - Journeys and consent-per-contact-per-channel before rebuilding custom campaign artefacts.","Required","Not required","True"
"Attribute","cr7e8_kampagnencode","Kampagnencode","Entities/cr7e8_campaign/Entity.xml","cr7e8_campaign","","False","nvarchar","none","","Marketing, consent, and journeys","crmshow_Marketing","Redesign","Validate against native Customer Insights - Journeys and consent-per-contact-per-channel before rebuilding custom campaign artefacts.","Required","Not required","True"
"Attribute","cr7e8_name","Kampagne Name","Entities/cr7e8_campaign/Entity.xml","cr7e8_campaign","","False","nvarchar","none","","Marketing, consent, and journeys","crmshow_Marketing","Redesign","Validate against native Customer Insights - Journeys and consent-per-contact-per-channel before rebuilding custom campaign artefacts.","Required","Not required","True"
"Attribute","cr7e8_product","","Entities/cr7e8_campaign/Entity.xml","cr7e8_campaign","","False","lookup","none","","Marketing, consent, and journeys","crmshow_Marketing","Redesign","Validate against native Customer Insights - Journeys and consent-per-contact-per-channel before rebuilding custom campaign artefacts.","Required","Not required","True"
"Attribute","cr7e8_sprachen","Sprachen","Entities/cr7e8_campaign/Entity.xml","cr7e8_campaign","","False","multiselectpicklist","none","","Marketing, consent, and journeys","crmshow_Marketing","Redesign","Validate against native Customer Insights - Journeys and consent-per-contact-per-channel before rebuilding custom campaign artefacts.","Required","Not required","True"
"Attribute","cr7e8_ziel_abschluesse","Ziel Abschluesse","Entities/cr7e8_campaign/Entity.xml","cr7e8_campaign","","False","int","none","","Marketing, consent, and journeys","crmshow_Marketing","Redesign","Validate against native Customer Insights - Journeys and consent-per-contact-per-channel before rebuilding custom campaign artefacts.","Required","Not required","True"
"Attribute","cr7e8_ziel_leads","Ziel Leads","Entities/cr7e8_campaign/Entity.xml","cr7e8_campaign","","False","int","none","","Marketing, consent, and journeys","crmshow_Marketing","Redesign","Validate against native Customer Insights - Journeys and consent-per-contact-per-channel before rebuilding custom campaign artefacts.","Required","Not required","True"
"Attribute","cr7e8_zielgruppen_hypothese","Zielgruppen Hypothese","Entities/cr7e8_campaign/Entity.xml","cr7e8_campaign","","False","ntext","none","","Marketing, consent, and journeys","crmshow_Marketing","Redesign","Validate against native Customer Insights - Journeys and consent-per-contact-per-channel before rebuilding custom campaign artefacts.","Required","Not required","True"
"Attribute","createdby","Created By","Entities/cr7e8_campaign/Entity.xml","cr7e8_campaign","","False","lookup","none","Unique identifier of the user who created the record.","Marketing, consent, and journeys","crmshow_Marketing","Redesign","Validate against native Customer Insights - Journeys and consent-per-contact-per-channel before rebuilding custom campaign artefacts.","Required","Not required","True"
"Attribute","createdon","Created On","Entities/cr7e8_campaign/Entity.xml","cr7e8_campaign","","False","datetime","none","Date and time when the record was created.","Marketing, consent, and journeys","crmshow_Marketing","Redesign","Validate against native Customer Insights - Journeys and consent-per-contact-per-channel before rebuilding custom campaign artefacts.","Required","Not required","True"
"Attribute","createdonbehalfby","Created By (Delegate)","Entities/cr7e8_campaign/Entity.xml","cr7e8_campaign","","False","lookup","none","Unique identifier of the delegate user who created the record.","Marketing, consent, and journeys","crmshow_Marketing","Redesign","Validate against native Customer Insights - Journeys and consent-per-contact-per-channel before rebuilding custom campaign artefacts.","Required","Not required","True"
"Attribute","exchangerate","Exchange Rate","Entities/cr7e8_campaign/Entity.xml","cr7e8_campaign","","False","decimal","none","Exchange rate for the currency associated with the entity with respect to the base currency.","Marketing, consent, and journeys","crmshow_Marketing","Redesign","Validate against native Customer Insights - Journeys and consent-per-contact-per-channel before rebuilding custom campaign artefacts.","Required","Not required","True"
"Attribute","importsequencenumber","Import Sequence Number","Entities/cr7e8_campaign/Entity.xml","cr7e8_campaign","","False","int","none","Sequence number of the import that created this record.","Marketing, consent, and journeys","crmshow_Marketing","Redesign","Validate against native Customer Insights - Journeys and consent-per-contact-per-channel before rebuilding custom campaign artefacts.","Required","Not required","True"
"Attribute","modifiedby","Modified By","Entities/cr7e8_campaign/Entity.xml","cr7e8_campaign","","False","lookup","none","Unique identifier of the user who modified the record.","Marketing, consent, and journeys","crmshow_Marketing","Redesign","Validate against native Customer Insights - Journeys and consent-per-contact-per-channel before rebuilding custom campaign artefacts.","Required","Not required","True"
"Attribute","modifiedon","Modified On","Entities/cr7e8_campaign/Entity.xml","cr7e8_campaign","","False","datetime","none","Date and time when the record was modified.","Marketing, consent, and journeys","crmshow_Marketing","Redesign","Validate against native Customer Insights - Journeys and consent-per-contact-per-channel before rebuilding custom campaign artefacts.","Required","Not required","True"
"Attribute","modifiedonbehalfby","Modified By (Delegate)","Entities/cr7e8_campaign/Entity.xml","cr7e8_campaign","","False","lookup","none","Unique identifier of the delegate user who modified the record.","Marketing, consent, and journeys","crmshow_Marketing","Redesign","Validate against native Customer Insights - Journeys and consent-per-contact-per-channel before rebuilding custom campaign artefacts.","Required","Not required","True"
"Attribute","overriddencreatedon","Record Created On","Entities/cr7e8_campaign/Entity.xml","cr7e8_campaign","","False","datetime","none","Date and time that the record was migrated.","Marketing, consent, and journeys","crmshow_Marketing","Redesign","Validate against native Customer Insights - Journeys and consent-per-contact-per-channel before rebuilding custom campaign artefacts.","Required","Not required","True"
"Attribute","ownerid","Owner","Entities/cr7e8_campaign/Entity.xml","cr7e8_campaign","","False","owner","systemrequired","Owner Id","Marketing, consent, and journeys","crmshow_Marketing","Redesign","Validate against native Customer Insights - Journeys and consent-per-contact-per-channel before rebuilding custom campaign artefacts.","Required","Not required","True"
"Attribute","owningbusinessunit","Owning Business Unit","Entities/cr7e8_campaign/Entity.xml","cr7e8_campaign","","False","lookup","none","Unique identifier for the business unit that owns the record","Marketing, consent, and journeys","crmshow_Marketing","Redesign","Validate against native Customer Insights - Journeys and consent-per-contact-per-channel before rebuilding custom campaign artefacts.","Required","Not required","True"
"Attribute","owningteam","Owning Team","Entities/cr7e8_campaign/Entity.xml","cr7e8_campaign","","False","lookup","none","Unique identifier for the team that owns the record.","Marketing, consent, and journeys","crmshow_Marketing","Redesign","Validate against native Customer Insights - Journeys and consent-per-contact-per-channel before rebuilding custom campaign artefacts.","Required","Not required","True"
"Attribute","owninguser","Owning User","Entities/cr7e8_campaign/Entity.xml","cr7e8_campaign","","False","lookup","none","Unique identifier for the user that owns the record.","Marketing, consent, and journeys","crmshow_Marketing","Redesign","Validate against native Customer Insights - Journeys and consent-per-contact-per-channel before rebuilding custom campaign artefacts.","Required","Not required","True"
"Attribute","statecode","Status","Entities/cr7e8_campaign/Entity.xml","cr7e8_campaign","","False","state","systemrequired","Status of the Kampagne","Marketing, consent, and journeys","crmshow_Marketing","Redesign","Validate against native Customer Insights - Journeys and consent-per-contact-per-channel before rebuilding custom campaign artefacts.","Required","Not required","True"
"Attribute","statuscode","Status Reason","Entities/cr7e8_campaign/Entity.xml","cr7e8_campaign","","False","status","none","Reason for the status of the Kampagne","Marketing, consent, and journeys","crmshow_Marketing","Redesign","Validate against native Customer Insights - Journeys and consent-per-contact-per-channel before rebuilding custom campaign artefacts.","Required","Not required","True"
"Attribute","timezoneruleversionnumber","Time Zone Rule Version Number","Entities/cr7e8_campaign/Entity.xml","cr7e8_campaign","","False","int","none","For internal use only.","Marketing, consent, and journeys","crmshow_Marketing","Redesign","Validate against native Customer Insights - Journeys and consent-per-contact-per-channel before rebuilding custom campaign artefacts.","Required","Not required","True"
"Attribute","utcconversiontimezonecode","UTC Conversion Time Zone Code","Entities/cr7e8_campaign/Entity.xml","cr7e8_campaign","","False","int","none","Time zone code that was in use when the record was created.","Marketing, consent, and journeys","crmshow_Marketing","Redesign","Validate against native Customer Insights - Journeys and consent-per-contact-per-channel before rebuilding custom campaign artefacts.","Required","Not required","True"
"Attribute","cr7e8_claim","Claim","Entities/cr7e8_Claim/Entity.xml","cr7e8_Claim","","False","nvarchar","none","","Service and case management","crmshow_DataModel","Redesign","Claim must become an Account-owned, externally referenced thin projection rather than a Contact-owned CRM record.","Investigate","Not required","True"
"Attribute","cr7e8_claimid","Claim","Entities/cr7e8_Claim/Entity.xml","cr7e8_Claim","","False","primarykey","systemrequired","Unique identifier for entity instances","Service and case management","crmshow_DataModel","Redesign","Claim must become an Account-owned, externally referenced thin projection rather than a Contact-owned CRM record.","Investigate","Not required","True"
"Attribute","cr7e8_claimnumber","Claim Number","Entities/cr7e8_Claim/Entity.xml","cr7e8_Claim","","False","nvarchar","none","External claim reference number","Service and case management","crmshow_DataModel","Redesign","Claim must become an Account-owned, externally referenced thin projection rather than a Contact-owned CRM record.","Investigate","Not required","True"
"Attribute","cr7e8_claimtype","Claim Type","Entities/cr7e8_Claim/Entity.xml","cr7e8_Claim","","False","picklist","none","Category of the claim","Service and case management","crmshow_DataModel","Redesign","Claim must become an Account-owned, externally referenced thin projection rather than a Contact-owned CRM record.","Investigate","Not required","True"
"Attribute","cr7e8_contact","Contact","Entities/cr7e8_Claim/Entity.xml","cr7e8_Claim","","False","lookup","none","","Service and case management","crmshow_DataModel","Redesign","Claim must become an Account-owned, externally referenced thin projection rather than a Contact-owned CRM record.","Investigate","Not required","True"
"Attribute","cr7e8_dateofloss","Date of Loss","Entities/cr7e8_Claim/Entity.xml","cr7e8_Claim","","False","datetime","none","Date the insured event occurred","Service and case management","crmshow_DataModel","Redesign","Claim must become an Account-owned, externally referenced thin projection rather than a Contact-owned CRM record.","Investigate","Not required","True"
"Attribute","cr7e8_estimatedamount","Estimated Amount (CHF)","Entities/cr7e8_Claim/Entity.xml","cr7e8_Claim","","False","decimal","none","Estimated claim amount in CHF","Service and case management","crmshow_DataModel","Redesign","Claim must become an Account-owned, externally referenced thin projection rather than a Contact-owned CRM record.","Investigate","Not required","True"
"Attribute","createdby","Created By","Entities/cr7e8_Claim/Entity.xml","cr7e8_Claim","","False","lookup","none","Unique identifier of the user who created the record.","Service and case management","crmshow_DataModel","Redesign","Claim must become an Account-owned, externally referenced thin projection rather than a Contact-owned CRM record.","Investigate","Not required","True"
"Attribute","createdon","Created On","Entities/cr7e8_Claim/Entity.xml","cr7e8_Claim","","False","datetime","none","Date and time when the record was created.","Service and case management","crmshow_DataModel","Redesign","Claim must become an Account-owned, externally referenced thin projection rather than a Contact-owned CRM record.","Investigate","Not required","True"
"Attribute","createdonbehalfby","Created By (Delegate)","Entities/cr7e8_Claim/Entity.xml","cr7e8_Claim","","False","lookup","none","Unique identifier of the delegate user who created the record.","Service and case management","crmshow_DataModel","Redesign","Claim must become an Account-owned, externally referenced thin projection rather than a Contact-owned CRM record.","Investigate","Not required","True"
"Attribute","importsequencenumber","Import Sequence Number","Entities/cr7e8_Claim/Entity.xml","cr7e8_Claim","","False","int","none","Sequence number of the import that created this record.","Service and case management","crmshow_DataModel","Redesign","Claim must become an Account-owned, externally referenced thin projection rather than a Contact-owned CRM record.","Investigate","Not required","True"
"Attribute","modifiedby","Modified By","Entities/cr7e8_Claim/Entity.xml","cr7e8_Claim","","False","lookup","none","Unique identifier of the user who modified the record.","Service and case management","crmshow_DataModel","Redesign","Claim must become an Account-owned, externally referenced thin projection rather than a Contact-owned CRM record.","Investigate","Not required","True"
"Attribute","modifiedon","Modified On","Entities/cr7e8_Claim/Entity.xml","cr7e8_Claim","","False","datetime","none","Date and time when the record was modified.","Service and case management","crmshow_DataModel","Redesign","Claim must become an Account-owned, externally referenced thin projection rather than a Contact-owned CRM record.","Investigate","Not required","True"
"Attribute","modifiedonbehalfby","Modified By (Delegate)","Entities/cr7e8_Claim/Entity.xml","cr7e8_Claim","","False","lookup","none","Unique identifier of the delegate user who modified the record.","Service and case management","crmshow_DataModel","Redesign","Claim must become an Account-owned, externally referenced thin projection rather than a Contact-owned CRM record.","Investigate","Not required","True"
"Attribute","overriddencreatedon","Record Created On","Entities/cr7e8_Claim/Entity.xml","cr7e8_Claim","","False","datetime","none","Date and time that the record was migrated.","Service and case management","crmshow_DataModel","Redesign","Claim must become an Account-owned, externally referenced thin projection rather than a Contact-owned CRM record.","Investigate","Not required","True"
"Attribute","ownerid","Owner","Entities/cr7e8_Claim/Entity.xml","cr7e8_Claim","","False","owner","systemrequired","Owner Id","Service and case management","crmshow_DataModel","Redesign","Claim must become an Account-owned, externally referenced thin projection rather than a Contact-owned CRM record.","Investigate","Not required","True"
"Attribute","owningbusinessunit","Owning Business Unit","Entities/cr7e8_Claim/Entity.xml","cr7e8_Claim","","False","lookup","none","Unique identifier for the business unit that owns the record","Service and case management","crmshow_DataModel","Redesign","Claim must become an Account-owned, externally referenced thin projection rather than a Contact-owned CRM record.","Investigate","Not required","True"
"Attribute","owningteam","Owning Team","Entities/cr7e8_Claim/Entity.xml","cr7e8_Claim","","False","lookup","none","Unique identifier for the team that owns the record.","Service and case management","crmshow_DataModel","Redesign","Claim must become an Account-owned, externally referenced thin projection rather than a Contact-owned CRM record.","Investigate","Not required","True"
"Attribute","owninguser","Owning User","Entities/cr7e8_Claim/Entity.xml","cr7e8_Claim","","False","lookup","none","Unique identifier for the user that owns the record.","Service and case management","crmshow_DataModel","Redesign","Claim must become an Account-owned, externally referenced thin projection rather than a Contact-owned CRM record.","Investigate","Not required","True"
"Attribute","statecode","Status","Entities/cr7e8_Claim/Entity.xml","cr7e8_Claim","","False","state","systemrequired","Status of the Claim","Service and case management","crmshow_DataModel","Redesign","Claim must become an Account-owned, externally referenced thin projection rather than a Contact-owned CRM record.","Investigate","Not required","True"
"Attribute","statuscode","Status Reason","Entities/cr7e8_Claim/Entity.xml","cr7e8_Claim","","False","status","none","Reason for the status of the Claim","Service and case management","crmshow_DataModel","Redesign","Claim must become an Account-owned, externally referenced thin projection rather than a Contact-owned CRM record.","Investigate","Not required","True"
"Attribute","timezoneruleversionnumber","Time Zone Rule Version Number","Entities/cr7e8_Claim/Entity.xml","cr7e8_Claim","","False","int","none","For internal use only.","Service and case management","crmshow_DataModel","Redesign","Claim must become an Account-owned, externally referenced thin projection rather than a Contact-owned CRM record.","Investigate","Not required","True"
"Attribute","utcconversiontimezonecode","UTC Conversion Time Zone Code","Entities/cr7e8_Claim/Entity.xml","cr7e8_Claim","","False","int","none","Time zone code that was in use when the record was created.","Service and case management","crmshow_DataModel","Redesign","Claim must become an Account-owned, externally referenced thin projection rather than a Contact-owned CRM record.","Investigate","Not required","True"
"Attribute","cr7e8_account","cr7e8_Account","metadata:DataverseModelBuilder/cr7e8_household","cr7e8_household","","False","Microsoft.Xrm.Sdk.EntityReference","","Enriched from live Dataverse table metadata because the solution package omitted the definition.","Party, household, and relationship","crmshow_DataModel","Redesign","Household must be represented by Account with accountType=Household; the parallel household table is retired.","Investigate","Not required","True"
"Attribute","cr7e8_annual_household_income","cr7e8_Annual_Household_Income","metadata:DataverseModelBuilder/cr7e8_household","cr7e8_household","","False","Microsoft.Xrm.Sdk.Money","","Enriched from live Dataverse table metadata because the solution package omitted the definition.","Party, household, and relationship","crmshow_DataModel","Redesign","Household must be represented by Account with accountType=Household; the parallel household table is retired.","Investigate","Not required","True"
"Attribute","cr7e8_annual_household_income_base","cr7e8_annual_household_income_Base","metadata:DataverseModelBuilder/cr7e8_household","cr7e8_household","","False","Microsoft.Xrm.Sdk.Money","","Enriched from live Dataverse table metadata because the solution package omitted the definition.","Party, household, and relationship","crmshow_DataModel","Redesign","Household must be represented by Account with accountType=Household; the parallel household table is retired.","Investigate","Not required","True"
"Attribute","cr7e8_household_name","cr7e8_Household_Name","metadata:DataverseModelBuilder/cr7e8_household","cr7e8_household","","False","string","","Enriched from live Dataverse table metadata because the solution package omitted the definition.","Party, household, and relationship","crmshow_DataModel","Redesign","Household must be represented by Account with accountType=Household; the parallel household table is retired.","Investigate","Not required","True"
"Attribute","cr7e8_householdid","cr7e8_householdId","metadata:DataverseModelBuilder/cr7e8_household","cr7e8_household","","False","System.Nullable<System.Guid>","","Enriched from live Dataverse table metadata because the solution package omitted the definition.","Party, household, and relationship","crmshow_DataModel","Redesign","Household must be represented by Account with accountType=Household; the parallel household table is retired.","Investigate","Not required","True"
"Attribute","cr7e8_name","cr7e8_name","metadata:DataverseModelBuilder/cr7e8_household","cr7e8_household","","False","string","","Enriched from live Dataverse table metadata because the solution package omitted the definition.","Party, household, and relationship","crmshow_DataModel","Redesign","Household must be represented by Account with accountType=Household; the parallel household table is retired.","Investigate","Not required","True"
"Attribute","cr7e8_number_of_members","cr7e8_Number_of_Members","metadata:DataverseModelBuilder/cr7e8_household","cr7e8_household","","False","System.Nullable<int>","","Enriched from live Dataverse table metadata because the solution package omitted the definition.","Party, household, and relationship","crmshow_DataModel","Redesign","Household must be represented by Account with accountType=Household; the parallel household table is retired.","Investigate","Not required","True"
"Attribute","cr7e8_primary_contact","cr7e8_Primary_Contact","metadata:DataverseModelBuilder/cr7e8_household","cr7e8_household","","False","Microsoft.Xrm.Sdk.EntityReference","","Enriched from live Dataverse table metadata because the solution package omitted the definition.","Party, household, and relationship","crmshow_DataModel","Redesign","Household must be represented by Account with accountType=Household; the parallel household table is retired.","Investigate","Not required","True"
"Attribute","cr7e8_segment","cr7e8_Segment","metadata:DataverseModelBuilder/cr7e8_household","cr7e8_household","","False","new_cr7e8_household_cr7e8_segment?","","Enriched from live Dataverse table metadata because the solution package omitted the definition.","Party, household, and relationship","crmshow_DataModel","Redesign","Household must be represented by Account with accountType=Household; the parallel household table is retired.","Investigate","Not required","True"
"Attribute","createdby","CreatedBy","metadata:DataverseModelBuilder/cr7e8_household","cr7e8_household","","False","Microsoft.Xrm.Sdk.EntityReference","","Enriched from live Dataverse table metadata because the solution package omitted the definition.","Party, household, and relationship","crmshow_DataModel","Redesign","Household must be represented by Account with accountType=Household; the parallel household table is retired.","Investigate","Not required","True"
"Attribute","createdon","CreatedOn","metadata:DataverseModelBuilder/cr7e8_household","cr7e8_household","","False","System.Nullable<System.DateTime>","","Enriched from live Dataverse table metadata because the solution package omitted the definition.","Party, household, and relationship","crmshow_DataModel","Redesign","Household must be represented by Account with accountType=Household; the parallel household table is retired.","Investigate","Not required","True"
"Attribute","createdonbehalfby","CreatedOnBehalfBy","metadata:DataverseModelBuilder/cr7e8_household","cr7e8_household","","False","Microsoft.Xrm.Sdk.EntityReference","","Enriched from live Dataverse table metadata because the solution package omitted the definition.","Party, household, and relationship","crmshow_DataModel","Redesign","Household must be represented by Account with accountType=Household; the parallel household table is retired.","Investigate","Not required","True"
"Attribute","exchangerate","ExchangeRate","metadata:DataverseModelBuilder/cr7e8_household","cr7e8_household","","False","System.Nullable<decimal>","","Enriched from live Dataverse table metadata because the solution package omitted the definition.","Party, household, and relationship","crmshow_DataModel","Redesign","Household must be represented by Account with accountType=Household; the parallel household table is retired.","Investigate","Not required","True"
"Attribute","importsequencenumber","ImportSequenceNumber","metadata:DataverseModelBuilder/cr7e8_household","cr7e8_household","","False","System.Nullable<int>","","Enriched from live Dataverse table metadata because the solution package omitted the definition.","Party, household, and relationship","crmshow_DataModel","Redesign","Household must be represented by Account with accountType=Household; the parallel household table is retired.","Investigate","Not required","True"
"Attribute","modifiedby","ModifiedBy","metadata:DataverseModelBuilder/cr7e8_household","cr7e8_household","","False","Microsoft.Xrm.Sdk.EntityReference","","Enriched from live Dataverse table metadata because the solution package omitted the definition.","Party, household, and relationship","crmshow_DataModel","Redesign","Household must be represented by Account with accountType=Household; the parallel household table is retired.","Investigate","Not required","True"
"Attribute","modifiedon","ModifiedOn","metadata:DataverseModelBuilder/cr7e8_household","cr7e8_household","","False","System.Nullable<System.DateTime>","","Enriched from live Dataverse table metadata because the solution package omitted the definition.","Party, household, and relationship","crmshow_DataModel","Redesign","Household must be represented by Account with accountType=Household; the parallel household table is retired.","Investigate","Not required","True"
"Attribute","modifiedonbehalfby","ModifiedOnBehalfBy","metadata:DataverseModelBuilder/cr7e8_household","cr7e8_household","","False","Microsoft.Xrm.Sdk.EntityReference","","Enriched from live Dataverse table metadata because the solution package omitted the definition.","Party, household, and relationship","crmshow_DataModel","Redesign","Household must be represented by Account with accountType=Household; the parallel household table is retired.","Investigate","Not required","True"
"Attribute","overriddencreatedon","OverriddenCreatedOn","metadata:DataverseModelBuilder/cr7e8_household","cr7e8_household","","False","System.Nullable<System.DateTime>","","Enriched from live Dataverse table metadata because the solution package omitted the definition.","Party, household, and relationship","crmshow_DataModel","Redesign","Household must be represented by Account with accountType=Household; the parallel household table is retired.","Investigate","Not required","True"
"Attribute","ownerid","OwnerId","metadata:DataverseModelBuilder/cr7e8_household","cr7e8_household","","False","Microsoft.Xrm.Sdk.EntityReference","","Enriched from live Dataverse table metadata because the solution package omitted the definition.","Party, household, and relationship","crmshow_DataModel","Redesign","Household must be represented by Account with accountType=Household; the parallel household table is retired.","Investigate","Not required","True"
"Attribute","owningbusinessunit","OwningBusinessUnit","metadata:DataverseModelBuilder/cr7e8_household","cr7e8_household","","False","Microsoft.Xrm.Sdk.EntityReference","","Enriched from live Dataverse table metadata because the solution package omitted the definition.","Party, household, and relationship","crmshow_DataModel","Redesign","Household must be represented by Account with accountType=Household; the parallel household table is retired.","Investigate","Not required","True"
"Attribute","owningteam","OwningTeam","metadata:DataverseModelBuilder/cr7e8_household","cr7e8_household","","False","Microsoft.Xrm.Sdk.EntityReference","","Enriched from live Dataverse table metadata because the solution package omitted the definition.","Party, household, and relationship","crmshow_DataModel","Redesign","Household must be represented by Account with accountType=Household; the parallel household table is retired.","Investigate","Not required","True"
"Attribute","owninguser","OwningUser","metadata:DataverseModelBuilder/cr7e8_household","cr7e8_household","","False","Microsoft.Xrm.Sdk.EntityReference","","Enriched from live Dataverse table metadata because the solution package omitted the definition.","Party, household, and relationship","crmshow_DataModel","Redesign","Household must be represented by Account with accountType=Household; the parallel household table is retired.","Investigate","Not required","True"
"Attribute","statecode","statecode","metadata:DataverseModelBuilder/cr7e8_household","cr7e8_household","","False","cr7e8_household_statecode?","","Enriched from live Dataverse table metadata because the solution package omitted the definition.","Party, household, and relationship","crmshow_DataModel","Redesign","Household must be represented by Account with accountType=Household; the parallel household table is retired.","Investigate","Not required","True"
"Attribute","statuscode","statuscode","metadata:DataverseModelBuilder/cr7e8_household","cr7e8_household","","False","cr7e8_household_statuscode?","","Enriched from live Dataverse table metadata because the solution package omitted the definition.","Party, household, and relationship","crmshow_DataModel","Redesign","Household must be represented by Account with accountType=Household; the parallel household table is retired.","Investigate","Not required","True"
"Attribute","timezoneruleversionnumber","TimeZoneRuleVersionNumber","metadata:DataverseModelBuilder/cr7e8_household","cr7e8_household","","False","System.Nullable<int>","","Enriched from live Dataverse table metadata because the solution package omitted the definition.","Party, household, and relationship","crmshow_DataModel","Redesign","Household must be represented by Account with accountType=Household; the parallel household table is retired.","Investigate","Not required","True"
"Attribute","transactioncurrencyid","TransactionCurrencyId","metadata:DataverseModelBuilder/cr7e8_household","cr7e8_household","","False","Microsoft.Xrm.Sdk.EntityReference","","Enriched from live Dataverse table metadata because the solution package omitted the definition.","Party, household, and relationship","crmshow_DataModel","Redesign","Household must be represented by Account with accountType=Household; the parallel household table is retired.","Investigate","Not required","True"
"Attribute","utcconversiontimezonecode","UTCConversionTimeZoneCode","metadata:DataverseModelBuilder/cr7e8_household","cr7e8_household","","False","System.Nullable<int>","","Enriched from live Dataverse table metadata because the solution package omitted the definition.","Party, household, and relationship","crmshow_DataModel","Redesign","Household must be represented by Account with accountType=Household; the parallel household table is retired.","Investigate","Not required","True"
"Attribute","versionnumber","VersionNumber","metadata:DataverseModelBuilder/cr7e8_household","cr7e8_household","","False","System.Nullable<long>","","Enriched from live Dataverse table metadata because the solution package omitted the definition.","Party, household, and relationship","crmshow_DataModel","Redesign","Household must be represented by Account with accountType=Household; the parallel household table is retired.","Investigate","Not required","True"
"Attribute","cr7e8_account","cr7e8_Account","metadata:DataverseModelBuilder/cr7e8_offer","cr7e8_offer","","False","Microsoft.Xrm.Sdk.EntityReference","","Enriched from live Dataverse table metadata because the solution package omitted the definition.","Party, household, and relationship","crmshow_DataModel","Refactor","Reuse native party tables while rebuilding only approved extensions and role relationships.","Investigate","Not required","True"
"Attribute","cr7e8_contact","cr7e8_Contact","metadata:DataverseModelBuilder/cr7e8_offer","cr7e8_offer","","False","Microsoft.Xrm.Sdk.EntityReference","","Enriched from live Dataverse table metadata because the solution package omitted the definition.","Party, household, and relationship","crmshow_DataModel","Refactor","Reuse native party tables while rebuilding only approved extensions and role relationships.","Investigate","Not required","True"
"Attribute","cr7e8_lead","cr7e8_Lead","metadata:DataverseModelBuilder/cr7e8_offer","cr7e8_offer","","False","Microsoft.Xrm.Sdk.EntityReference","","Enriched from live Dataverse table metadata because the solution package omitted the definition.","Sales and opportunity management","crmshow_DataModel","Redesign","Rebuild around native Lead and Opportunity; offer or quote data remains an externally referenced projection.","Investigate","Not required","True"
"Attribute","cr7e8_name","cr7e8_name","metadata:DataverseModelBuilder/cr7e8_offer","cr7e8_offer","","False","string","","Enriched from live Dataverse table metadata because the solution package omitted the definition.","Sales and opportunity management","crmshow_DataModel","Redesign","Rebuild around native Lead and Opportunity; offer or quote data remains an externally referenced projection.","Investigate","Not required","True"
"Attribute","cr7e8_offer_amount","cr7e8_Offer_Amount","metadata:DataverseModelBuilder/cr7e8_offer","cr7e8_offer","","False","Microsoft.Xrm.Sdk.Money","","Enriched from live Dataverse table metadata because the solution package omitted the definition.","Sales and opportunity management","crmshow_DataModel","Redesign","Rebuild around native Lead and Opportunity; offer or quote data remains an externally referenced projection.","Investigate","Not required","True"
"Attribute","cr7e8_offer_amount_base","cr7e8_offer_amount_Base","metadata:DataverseModelBuilder/cr7e8_offer","cr7e8_offer","","False","Microsoft.Xrm.Sdk.Money","","Enriched from live Dataverse table metadata because the solution package omitted the definition.","Sales and opportunity management","crmshow_DataModel","Redesign","Rebuild around native Lead and Opportunity; offer or quote data remains an externally referenced projection.","Investigate","Not required","True"
"Attribute","cr7e8_offer_name","cr7e8_Offer_Name","metadata:DataverseModelBuilder/cr7e8_offer","cr7e8_offer","","False","string","","Enriched from live Dataverse table metadata because the solution package omitted the definition.","Sales and opportunity management","crmshow_DataModel","Redesign","Rebuild around native Lead and Opportunity; offer or quote data remains an externally referenced projection.","Investigate","Not required","True"
"Attribute","cr7e8_offer_status","cr7e8_Offer_Status","metadata:DataverseModelBuilder/cr7e8_offer","cr7e8_offer","","False","new_cr7e8_offer_cr7e8_offer_status?","","Enriched from live Dataverse table metadata because the solution package omitted the definition.","Sales and opportunity management","crmshow_DataModel","Redesign","Rebuild around native Lead and Opportunity; offer or quote data remains an externally referenced projection.","Investigate","Not required","True"
"Attribute","cr7e8_offerid","cr7e8_offerId","metadata:DataverseModelBuilder/cr7e8_offer","cr7e8_offer","","False","System.Nullable<System.Guid>","","Enriched from live Dataverse table metadata because the solution package omitted the definition.","Sales and opportunity management","crmshow_DataModel","Redesign","Rebuild around native Lead and Opportunity; offer or quote data remains an externally referenced projection.","Investigate","Not required","True"
"Attribute","cr7e8_product_line","cr7e8_Product_Line","metadata:DataverseModelBuilder/cr7e8_offer","cr7e8_offer","","False","new_cr7e8_offer_cr7e8_product_line?","","Enriched from live Dataverse table metadata because the solution package omitted the definition.","Sales and opportunity management","crmshow_DataModel","Redesign","Rebuild around native Lead and Opportunity; offer or quote data remains an externally referenced projection.","Investigate","Not required","True"
"Attribute","cr7e8_related_policy","cr7e8_Related_Policy","metadata:DataverseModelBuilder/cr7e8_offer","cr7e8_offer","","False","Microsoft.Xrm.Sdk.EntityReference","","Enriched from live Dataverse table metadata because the solution package omitted the definition.","Policy, claim, quote, and insured-object projections","crmshow_DataModel","Redesign","Policy must be a thin Account-owned projection with external system and external reference keys.","Investigate","Not required","True"
"Attribute","cr7e8_valid_until","cr7e8_Valid_Until","metadata:DataverseModelBuilder/cr7e8_offer","cr7e8_offer","","False","System.Nullable<System.DateTime>","","Enriched from live Dataverse table metadata because the solution package omitted the definition.","Sales and opportunity management","crmshow_DataModel","Redesign","Rebuild around native Lead and Opportunity; offer or quote data remains an externally referenced projection.","Investigate","Not required","True"
"Attribute","createdby","CreatedBy","metadata:DataverseModelBuilder/cr7e8_offer","cr7e8_offer","","False","Microsoft.Xrm.Sdk.EntityReference","","Enriched from live Dataverse table metadata because the solution package omitted the definition.","Sales and opportunity management","crmshow_DataModel","Redesign","Rebuild around native Lead and Opportunity; offer or quote data remains an externally referenced projection.","Investigate","Not required","True"
"Attribute","createdon","CreatedOn","metadata:DataverseModelBuilder/cr7e8_offer","cr7e8_offer","","False","System.Nullable<System.DateTime>","","Enriched from live Dataverse table metadata because the solution package omitted the definition.","Sales and opportunity management","crmshow_DataModel","Redesign","Rebuild around native Lead and Opportunity; offer or quote data remains an externally referenced projection.","Investigate","Not required","True"
"Attribute","createdonbehalfby","CreatedOnBehalfBy","metadata:DataverseModelBuilder/cr7e8_offer","cr7e8_offer","","False","Microsoft.Xrm.Sdk.EntityReference","","Enriched from live Dataverse table metadata because the solution package omitted the definition.","Sales and opportunity management","crmshow_DataModel","Redesign","Rebuild around native Lead and Opportunity; offer or quote data remains an externally referenced projection.","Investigate","Not required","True"
"Attribute","exchangerate","ExchangeRate","metadata:DataverseModelBuilder/cr7e8_offer","cr7e8_offer","","False","System.Nullable<decimal>","","Enriched from live Dataverse table metadata because the solution package omitted the definition.","Sales and opportunity management","crmshow_DataModel","Redesign","Rebuild around native Lead and Opportunity; offer or quote data remains an externally referenced projection.","Investigate","Not required","True"
"Attribute","importsequencenumber","ImportSequenceNumber","metadata:DataverseModelBuilder/cr7e8_offer","cr7e8_offer","","False","System.Nullable<int>","","Enriched from live Dataverse table metadata because the solution package omitted the definition.","Sales and opportunity management","crmshow_DataModel","Redesign","Rebuild around native Lead and Opportunity; offer or quote data remains an externally referenced projection.","Investigate","Not required","True"
"Attribute","modifiedby","ModifiedBy","metadata:DataverseModelBuilder/cr7e8_offer","cr7e8_offer","","False","Microsoft.Xrm.Sdk.EntityReference","","Enriched from live Dataverse table metadata because the solution package omitted the definition.","Sales and opportunity management","crmshow_DataModel","Redesign","Rebuild around native Lead and Opportunity; offer or quote data remains an externally referenced projection.","Investigate","Not required","True"
"Attribute","modifiedon","ModifiedOn","metadata:DataverseModelBuilder/cr7e8_offer","cr7e8_offer","","False","System.Nullable<System.DateTime>","","Enriched from live Dataverse table metadata because the solution package omitted the definition.","Sales and opportunity management","crmshow_DataModel","Redesign","Rebuild around native Lead and Opportunity; offer or quote data remains an externally referenced projection.","Investigate","Not required","True"
"Attribute","modifiedonbehalfby","ModifiedOnBehalfBy","metadata:DataverseModelBuilder/cr7e8_offer","cr7e8_offer","","False","Microsoft.Xrm.Sdk.EntityReference","","Enriched from live Dataverse table metadata because the solution package omitted the definition.","Sales and opportunity management","crmshow_DataModel","Redesign","Rebuild around native Lead and Opportunity; offer or quote data remains an externally referenced projection.","Investigate","Not required","True"
"Attribute","overriddencreatedon","OverriddenCreatedOn","metadata:DataverseModelBuilder/cr7e8_offer","cr7e8_offer","","False","System.Nullable<System.DateTime>","","Enriched from live Dataverse table metadata because the solution package omitted the definition.","Sales and opportunity management","crmshow_DataModel","Redesign","Rebuild around native Lead and Opportunity; offer or quote data remains an externally referenced projection.","Investigate","Not required","True"
"Attribute","ownerid","OwnerId","metadata:DataverseModelBuilder/cr7e8_offer","cr7e8_offer","","False","Microsoft.Xrm.Sdk.EntityReference","","Enriched from live Dataverse table metadata because the solution package omitted the definition.","Sales and opportunity management","crmshow_DataModel","Redesign","Rebuild around native Lead and Opportunity; offer or quote data remains an externally referenced projection.","Investigate","Not required","True"
"Attribute","owningbusinessunit","OwningBusinessUnit","metadata:DataverseModelBuilder/cr7e8_offer","cr7e8_offer","","False","Microsoft.Xrm.Sdk.EntityReference","","Enriched from live Dataverse table metadata because the solution package omitted the definition.","Sales and opportunity management","crmshow_DataModel","Redesign","Rebuild around native Lead and Opportunity; offer or quote data remains an externally referenced projection.","Investigate","Not required","True"
"Attribute","owningteam","OwningTeam","metadata:DataverseModelBuilder/cr7e8_offer","cr7e8_offer","","False","Microsoft.Xrm.Sdk.EntityReference","","Enriched from live Dataverse table metadata because the solution package omitted the definition.","Sales and opportunity management","crmshow_DataModel","Redesign","Rebuild around native Lead and Opportunity; offer or quote data remains an externally referenced projection.","Investigate","Not required","True"
"Attribute","owninguser","OwningUser","metadata:DataverseModelBuilder/cr7e8_offer","cr7e8_offer","","False","Microsoft.Xrm.Sdk.EntityReference","","Enriched from live Dataverse table metadata because the solution package omitted the definition.","Sales and opportunity management","crmshow_DataModel","Redesign","Rebuild around native Lead and Opportunity; offer or quote data remains an externally referenced projection.","Investigate","Not required","True"
"Attribute","statecode","statecode","metadata:DataverseModelBuilder/cr7e8_offer","cr7e8_offer","","False","cr7e8_offer_statecode?","","Enriched from live Dataverse table metadata because the solution package omitted the definition.","Sales and opportunity management","crmshow_DataModel","Redesign","Rebuild around native Lead and Opportunity; offer or quote data remains an externally referenced projection.","Investigate","Not required","True"
"Attribute","statuscode","statuscode","metadata:DataverseModelBuilder/cr7e8_offer","cr7e8_offer","","False","cr7e8_offer_statuscode?","","Enriched from live Dataverse table metadata because the solution package omitted the definition.","Sales and opportunity management","crmshow_DataModel","Redesign","Rebuild around native Lead and Opportunity; offer or quote data remains an externally referenced projection.","Investigate","Not required","True"
"Attribute","timezoneruleversionnumber","TimeZoneRuleVersionNumber","metadata:DataverseModelBuilder/cr7e8_offer","cr7e8_offer","","False","System.Nullable<int>","","Enriched from live Dataverse table metadata because the solution package omitted the definition.","Sales and opportunity management","crmshow_DataModel","Redesign","Rebuild around native Lead and Opportunity; offer or quote data remains an externally referenced projection.","Investigate","Not required","True"
"Attribute","transactioncurrencyid","TransactionCurrencyId","metadata:DataverseModelBuilder/cr7e8_offer","cr7e8_offer","","False","Microsoft.Xrm.Sdk.EntityReference","","Enriched from live Dataverse table metadata because the solution package omitted the definition.","Sales and opportunity management","crmshow_DataModel","Redesign","Rebuild around native Lead and Opportunity; offer or quote data remains an externally referenced projection.","Investigate","Not required","True"
"Attribute","utcconversiontimezonecode","UTCConversionTimeZoneCode","metadata:DataverseModelBuilder/cr7e8_offer","cr7e8_offer","","False","System.Nullable<int>","","Enriched from live Dataverse table metadata because the solution package omitted the definition.","Sales and opportunity management","crmshow_DataModel","Redesign","Rebuild around native Lead and Opportunity; offer or quote data remains an externally referenced projection.","Investigate","Not required","True"
"Attribute","versionnumber","VersionNumber","metadata:DataverseModelBuilder/cr7e8_offer","cr7e8_offer","","False","System.Nullable<long>","","Enriched from live Dataverse table metadata because the solution package omitted the definition.","Sales and opportunity management","crmshow_DataModel","Redesign","Rebuild around native Lead and Opportunity; offer or quote data remains an externally referenced projection.","Investigate","Not required","True"
"Attribute","cr7e8_account","cr7e8_Account","metadata:DataverseModelBuilder/cr7e8_policy","cr7e8_policy","","False","Microsoft.Xrm.Sdk.EntityReference","","Enriched from live Dataverse table metadata because the solution package omitted the definition.","Party, household, and relationship","crmshow_DataModel","Refactor","Reuse native party tables while rebuilding only approved extensions and role relationships.","Investigate","Not required","True"
"Attribute","cr7e8_annual_premium","cr7e8_Annual_Premium","metadata:DataverseModelBuilder/cr7e8_policy","cr7e8_policy","","False","Microsoft.Xrm.Sdk.Money","","Enriched from live Dataverse table metadata because the solution package omitted the definition.","Policy, claim, quote, and insured-object projections","crmshow_DataModel","Redesign","Policy must be a thin Account-owned projection with external system and external reference keys.","Investigate","Not required","True"
"Attribute","cr7e8_annual_premium_base","cr7e8_annual_premium_Base","metadata:DataverseModelBuilder/cr7e8_policy","cr7e8_policy","","False","Microsoft.Xrm.Sdk.Money","","Enriched from live Dataverse table metadata because the solution package omitted the definition.","Policy, claim, quote, and insured-object projections","crmshow_DataModel","Redesign","Policy must be a thin Account-owned projection with external system and external reference keys.","Investigate","Not required","True"
"Attribute","cr7e8_household","cr7e8_Household","metadata:DataverseModelBuilder/cr7e8_policy","cr7e8_policy","","False","Microsoft.Xrm.Sdk.EntityReference","","Enriched from live Dataverse table metadata because the solution package omitted the definition.","Party, household, and relationship","crmshow_DataModel","Redesign","Household must be represented by Account with accountType=Household; the parallel household table is retired.","Investigate","Not required","True"
"Attribute","cr7e8_name","cr7e8_name","metadata:DataverseModelBuilder/cr7e8_policy","cr7e8_policy","","False","string","","Enriched from live Dataverse table metadata because the solution package omitted the definition.","Policy, claim, quote, and insured-object projections","crmshow_DataModel","Redesign","Policy must be a thin Account-owned projection with external system and external reference keys.","Investigate","Not required","True"
"Attribute","cr7e8_policy_number","cr7e8_Policy_Number","metadata:DataverseModelBuilder/cr7e8_policy","cr7e8_policy","","False","string","","Enriched from live Dataverse table metadata because the solution package omitted the definition.","Policy, claim, quote, and insured-object projections","crmshow_DataModel","Redesign","Policy must be a thin Account-owned projection with external system and external reference keys.","Investigate","Not required","True"
"Attribute","cr7e8_policy_status","cr7e8_Policy_Status","metadata:DataverseModelBuilder/cr7e8_policy","cr7e8_policy","","False","new_cr7e8_policy_cr7e8_policy_status?","","Enriched from live Dataverse table metadata because the solution package omitted the definition.","Policy, claim, quote, and insured-object projections","crmshow_DataModel","Redesign","Policy must be a thin Account-owned projection with external system and external reference keys.","Investigate","Not required","True"
"Attribute","cr7e8_policyholder","cr7e8_Policyholder","metadata:DataverseModelBuilder/cr7e8_policy","cr7e8_policy","","False","Microsoft.Xrm.Sdk.EntityReference","","Enriched from live Dataverse table metadata because the solution package omitted the definition.","Policy, claim, quote, and insured-object projections","crmshow_DataModel","Redesign","Policy must be a thin Account-owned projection with external system and external reference keys.","Investigate","Not required","True"
"Attribute","cr7e8_policyid","cr7e8_policyId","metadata:DataverseModelBuilder/cr7e8_policy","cr7e8_policy","","False","System.Nullable<System.Guid>","","Enriched from live Dataverse table metadata because the solution package omitted the definition.","Policy, claim, quote, and insured-object projections","crmshow_DataModel","Redesign","Policy must be a thin Account-owned projection with external system and external reference keys.","Investigate","Not required","True"
"Attribute","cr7e8_product_line","cr7e8_Product_Line","metadata:DataverseModelBuilder/cr7e8_policy","cr7e8_policy","","False","new_cr7e8_policy_cr7e8_product_line?","","Enriched from live Dataverse table metadata because the solution package omitted the definition.","Policy, claim, quote, and insured-object projections","crmshow_DataModel","Redesign","Policy must be a thin Account-owned projection with external system and external reference keys.","Investigate","Not required","True"
"Attribute","cr7e8_renewal_date","cr7e8_Renewal_Date","metadata:DataverseModelBuilder/cr7e8_policy","cr7e8_policy","","False","System.Nullable<System.DateTime>","","Enriched from live Dataverse table metadata because the solution package omitted the definition.","Policy, claim, quote, and insured-object projections","crmshow_DataModel","Redesign","Policy must be a thin Account-owned projection with external system and external reference keys.","Investigate","Not required","True"
"Attribute","cr7e8_start_date","cr7e8_Start_Date","metadata:DataverseModelBuilder/cr7e8_policy","cr7e8_policy","","False","System.Nullable<System.DateTime>","","Enriched from live Dataverse table metadata because the solution package omitted the definition.","Policy, claim, quote, and insured-object projections","crmshow_DataModel","Redesign","Policy must be a thin Account-owned projection with external system and external reference keys.","Investigate","Not required","True"
"Attribute","createdby","CreatedBy","metadata:DataverseModelBuilder/cr7e8_policy","cr7e8_policy","","False","Microsoft.Xrm.Sdk.EntityReference","","Enriched from live Dataverse table metadata because the solution package omitted the definition.","Policy, claim, quote, and insured-object projections","crmshow_DataModel","Redesign","Policy must be a thin Account-owned projection with external system and external reference keys.","Investigate","Not required","True"
"Attribute","createdon","CreatedOn","metadata:DataverseModelBuilder/cr7e8_policy","cr7e8_policy","","False","System.Nullable<System.DateTime>","","Enriched from live Dataverse table metadata because the solution package omitted the definition.","Policy, claim, quote, and insured-object projections","crmshow_DataModel","Redesign","Policy must be a thin Account-owned projection with external system and external reference keys.","Investigate","Not required","True"
"Attribute","createdonbehalfby","CreatedOnBehalfBy","metadata:DataverseModelBuilder/cr7e8_policy","cr7e8_policy","","False","Microsoft.Xrm.Sdk.EntityReference","","Enriched from live Dataverse table metadata because the solution package omitted the definition.","Policy, claim, quote, and insured-object projections","crmshow_DataModel","Redesign","Policy must be a thin Account-owned projection with external system and external reference keys.","Investigate","Not required","True"
"Attribute","exchangerate","ExchangeRate","metadata:DataverseModelBuilder/cr7e8_policy","cr7e8_policy","","False","System.Nullable<decimal>","","Enriched from live Dataverse table metadata because the solution package omitted the definition.","Policy, claim, quote, and insured-object projections","crmshow_DataModel","Redesign","Policy must be a thin Account-owned projection with external system and external reference keys.","Investigate","Not required","True"
"Attribute","importsequencenumber","ImportSequenceNumber","metadata:DataverseModelBuilder/cr7e8_policy","cr7e8_policy","","False","System.Nullable<int>","","Enriched from live Dataverse table metadata because the solution package omitted the definition.","Policy, claim, quote, and insured-object projections","crmshow_DataModel","Redesign","Policy must be a thin Account-owned projection with external system and external reference keys.","Investigate","Not required","True"
"Attribute","modifiedby","ModifiedBy","metadata:DataverseModelBuilder/cr7e8_policy","cr7e8_policy","","False","Microsoft.Xrm.Sdk.EntityReference","","Enriched from live Dataverse table metadata because the solution package omitted the definition.","Policy, claim, quote, and insured-object projections","crmshow_DataModel","Redesign","Policy must be a thin Account-owned projection with external system and external reference keys.","Investigate","Not required","True"
"Attribute","modifiedon","ModifiedOn","metadata:DataverseModelBuilder/cr7e8_policy","cr7e8_policy","","False","System.Nullable<System.DateTime>","","Enriched from live Dataverse table metadata because the solution package omitted the definition.","Policy, claim, quote, and insured-object projections","crmshow_DataModel","Redesign","Policy must be a thin Account-owned projection with external system and external reference keys.","Investigate","Not required","True"
"Attribute","modifiedonbehalfby","ModifiedOnBehalfBy","metadata:DataverseModelBuilder/cr7e8_policy","cr7e8_policy","","False","Microsoft.Xrm.Sdk.EntityReference","","Enriched from live Dataverse table metadata because the solution package omitted the definition.","Policy, claim, quote, and insured-object projections","crmshow_DataModel","Redesign","Policy must be a thin Account-owned projection with external system and external reference keys.","Investigate","Not required","True"
"Attribute","overriddencreatedon","OverriddenCreatedOn","metadata:DataverseModelBuilder/cr7e8_policy","cr7e8_policy","","False","System.Nullable<System.DateTime>","","Enriched from live Dataverse table metadata because the solution package omitted the definition.","Policy, claim, quote, and insured-object projections","crmshow_DataModel","Redesign","Policy must be a thin Account-owned projection with external system and external reference keys.","Investigate","Not required","True"
"Attribute","ownerid","OwnerId","metadata:DataverseModelBuilder/cr7e8_policy","cr7e8_policy","","False","Microsoft.Xrm.Sdk.EntityReference","","Enriched from live Dataverse table metadata because the solution package omitted the definition.","Policy, claim, quote, and insured-object projections","crmshow_DataModel","Redesign","Policy must be a thin Account-owned projection with external system and external reference keys.","Investigate","Not required","True"
"Attribute","owningbusinessunit","OwningBusinessUnit","metadata:DataverseModelBuilder/cr7e8_policy","cr7e8_policy","","False","Microsoft.Xrm.Sdk.EntityReference","","Enriched from live Dataverse table metadata because the solution package omitted the definition.","Policy, claim, quote, and insured-object projections","crmshow_DataModel","Redesign","Policy must be a thin Account-owned projection with external system and external reference keys.","Investigate","Not required","True"
"Attribute","owningteam","OwningTeam","metadata:DataverseModelBuilder/cr7e8_policy","cr7e8_policy","","False","Microsoft.Xrm.Sdk.EntityReference","","Enriched from live Dataverse table metadata because the solution package omitted the definition.","Policy, claim, quote, and insured-object projections","crmshow_DataModel","Redesign","Policy must be a thin Account-owned projection with external system and external reference keys.","Investigate","Not required","True"
"Attribute","owninguser","OwningUser","metadata:DataverseModelBuilder/cr7e8_policy","cr7e8_policy","","False","Microsoft.Xrm.Sdk.EntityReference","","Enriched from live Dataverse table metadata because the solution package omitted the definition.","Policy, claim, quote, and insured-object projections","crmshow_DataModel","Redesign","Policy must be a thin Account-owned projection with external system and external reference keys.","Investigate","Not required","True"
"Attribute","statecode","statecode","metadata:DataverseModelBuilder/cr7e8_policy","cr7e8_policy","","False","cr7e8_policy_statecode?","","Enriched from live Dataverse table metadata because the solution package omitted the definition.","Policy, claim, quote, and insured-object projections","crmshow_DataModel","Redesign","Policy must be a thin Account-owned projection with external system and external reference keys.","Investigate","Not required","True"
"Attribute","statuscode","statuscode","metadata:DataverseModelBuilder/cr7e8_policy","cr7e8_policy","","False","cr7e8_policy_statuscode?","","Enriched from live Dataverse table metadata because the solution package omitted the definition.","Policy, claim, quote, and insured-object projections","crmshow_DataModel","Redesign","Policy must be a thin Account-owned projection with external system and external reference keys.","Investigate","Not required","True"
"Attribute","timezoneruleversionnumber","TimeZoneRuleVersionNumber","metadata:DataverseModelBuilder/cr7e8_policy","cr7e8_policy","","False","System.Nullable<int>","","Enriched from live Dataverse table metadata because the solution package omitted the definition.","Policy, claim, quote, and insured-object projections","crmshow_DataModel","Redesign","Policy must be a thin Account-owned projection with external system and external reference keys.","Investigate","Not required","True"
"Attribute","transactioncurrencyid","TransactionCurrencyId","metadata:DataverseModelBuilder/cr7e8_policy","cr7e8_policy","","False","Microsoft.Xrm.Sdk.EntityReference","","Enriched from live Dataverse table metadata because the solution package omitted the definition.","Policy, claim, quote, and insured-object projections","crmshow_DataModel","Redesign","Policy must be a thin Account-owned projection with external system and external reference keys.","Investigate","Not required","True"
"Attribute","utcconversiontimezonecode","UTCConversionTimeZoneCode","metadata:DataverseModelBuilder/cr7e8_policy","cr7e8_policy","","False","System.Nullable<int>","","Enriched from live Dataverse table metadata because the solution package omitted the definition.","Policy, claim, quote, and insured-object projections","crmshow_DataModel","Redesign","Policy must be a thin Account-owned projection with external system and external reference keys.","Investigate","Not required","True"
"Attribute","versionnumber","VersionNumber","metadata:DataverseModelBuilder/cr7e8_policy","cr7e8_policy","","False","System.Nullable<long>","","Enriched from live Dataverse table metadata because the solution package omitted the definition.","Policy, claim, quote, and insured-object projections","crmshow_DataModel","Redesign","Policy must be a thin Account-owned projection with external system and external reference keys.","Investigate","Not required","True"
"Bot","cr7e8_ContosoInsurance","cr7e8_ContosoInsurance","bots/cr7e8_ContosoInsurance/bot.xml","","","False","","","","AI and agent-assisted capabilities","None","Investigate","Prototype agent evidence only; requires Responsible AI, grounding, safety, licensing, and maturity review.","Required","Required","True"
"BotComponent","cr7e8_ContosoInsurance.gpt.default","cr7e8_ContosoInsurance.gpt.default","botcomponents/cr7e8_ContosoInsurance.gpt.default/botcomponent.xml","","","False","","","","AI and agent-assisted capabilities","None","Investigate","Prototype agent evidence only; requires Responsible AI, grounding, safety, licensing, and maturity review.","Required","Required","True"
"BotComponent","cr7e8_ContosoInsurance.settings.Ivr","cr7e8_ContosoInsurance.settings.Ivr","botcomponents/cr7e8_ContosoInsurance.settings.Ivr/botcomponent.xml","","","False","","","","AI and agent-assisted capabilities","None","Investigate","Prototype agent evidence only; requires Responsible AI, grounding, safety, licensing, and maturity review.","Required","Required","True"
"BotComponent","cr7e8_ContosoInsurance.topic.AnsweringMachineDetection","cr7e8_ContosoInsurance.topic.AnsweringMachineDetection","botcomponents/cr7e8_ContosoInsurance.topic.AnsweringMachineDetection/botcomponent.xml","","","False","","","","AI and agent-assisted capabilities","None","Investigate","Prototype agent evidence only; requires Responsible AI, grounding, safety, licensing, and maturity review.","Required","Required","True"
"BotComponent","cr7e8_ContosoInsurance.topic.ConversationStart","cr7e8_ContosoInsurance.topic.ConversationStart","botcomponents/cr7e8_ContosoInsurance.topic.ConversationStart/botcomponent.xml","","","False","","","","AI and agent-assisted capabilities","None","Investigate","Prototype agent evidence only; requires Responsible AI, grounding, safety, licensing, and maturity review.","Required","Required","True"
"BotComponent","cr7e8_ContosoInsurance.topic.EndofConversation","cr7e8_ContosoInsurance.topic.EndofConversation","botcomponents/cr7e8_ContosoInsurance.topic.EndofConversation/botcomponent.xml","","","False","","","","AI and agent-assisted capabilities","None","Investigate","Prototype agent evidence only; requires Responsible AI, grounding, safety, licensing, and maturity review.","Required","Required","True"
"BotComponent","cr7e8_ContosoInsurance.topic.Escalate","cr7e8_ContosoInsurance.topic.Escalate","botcomponents/cr7e8_ContosoInsurance.topic.Escalate/botcomponent.xml","","","False","","","","AI and agent-assisted capabilities","None","Investigate","Prototype agent evidence only; requires Responsible AI, grounding, safety, licensing, and maturity review.","Required","Required","True"
"BotComponent","cr7e8_ContosoInsurance.topic.Fallback","cr7e8_ContosoInsurance.topic.Fallback","botcomponents/cr7e8_ContosoInsurance.topic.Fallback/botcomponent.xml","","","False","","","","AI and agent-assisted capabilities","None","Investigate","Prototype agent evidence only; requires Responsible AI, grounding, safety, licensing, and maturity review.","Required","Required","True"
"BotComponent","cr7e8_ContosoInsurance.topic.Goodbye","cr7e8_ContosoInsurance.topic.Goodbye","botcomponents/cr7e8_ContosoInsurance.topic.Goodbye/botcomponent.xml","","","False","","","","AI and agent-assisted capabilities","None","Investigate","Prototype agent evidence only; requires Responsible AI, grounding, safety, licensing, and maturity review.","Required","Required","True"
"BotComponent","cr7e8_ContosoInsurance.topic.Greeting","cr7e8_ContosoInsurance.topic.Greeting","botcomponents/cr7e8_ContosoInsurance.topic.Greeting/botcomponent.xml","","","False","","","","AI and agent-assisted capabilities","None","Investigate","Prototype agent evidence only; requires Responsible AI, grounding, safety, licensing, and maturity review.","Required","Required","True"
"BotComponent","cr7e8_ContosoInsurance.topic.MultipleTopicsMatched","cr7e8_ContosoInsurance.topic.MultipleTopicsMatched","botcomponents/cr7e8_ContosoInsurance.topic.MultipleTopicsMatched/botcomponent.xml","","","False","","","","AI and agent-assisted capabilities","None","Investigate","Prototype agent evidence only; requires Responsible AI, grounding, safety, licensing, and maturity review.","Required","Required","True"
"BotComponent","cr7e8_ContosoInsurance.topic.OnError","cr7e8_ContosoInsurance.topic.OnError","botcomponents/cr7e8_ContosoInsurance.topic.OnError/botcomponent.xml","","","False","","","","AI and agent-assisted capabilities","None","Investigate","Prototype agent evidence only; requires Responsible AI, grounding, safety, licensing, and maturity review.","Required","Required","True"
"BotComponent","cr7e8_ContosoInsurance.topic.ResetConversation","cr7e8_ContosoInsurance.topic.ResetConversation","botcomponents/cr7e8_ContosoInsurance.topic.ResetConversation/botcomponent.xml","","","False","","","","AI and agent-assisted capabilities","None","Investigate","Prototype agent evidence only; requires Responsible AI, grounding, safety, licensing, and maturity review.","Required","Required","True"
"BotComponent","cr7e8_ContosoInsurance.topic.Search","cr7e8_ContosoInsurance.topic.Search","botcomponents/cr7e8_ContosoInsurance.topic.Search/botcomponent.xml","","","False","","","","AI and agent-assisted capabilities","None","Investigate","Prototype agent evidence only; requires Responsible AI, grounding, safety, licensing, and maturity review.","Required","Required","True"
"BotComponent","cr7e8_ContosoInsurance.topic.Signin","cr7e8_ContosoInsurance.topic.Signin","botcomponents/cr7e8_ContosoInsurance.topic.Signin/botcomponent.xml","","","False","","","","AI and agent-assisted capabilities","None","Investigate","Prototype agent evidence only; requires Responsible AI, grounding, safety, licensing, and maturity review.","Required","Required","True"
"BotComponent","cr7e8_ContosoInsurance.topic.Silence","cr7e8_ContosoInsurance.topic.Silence","botcomponents/cr7e8_ContosoInsurance.topic.Silence/botcomponent.xml","","","False","","","","AI and agent-assisted capabilities","None","Investigate","Prototype agent evidence only; requires Responsible AI, grounding, safety, licensing, and maturity review.","Required","Required","True"
"BotComponent","cr7e8_ContosoInsurance.topic.StartOver","cr7e8_ContosoInsurance.topic.StartOver","botcomponents/cr7e8_ContosoInsurance.topic.StartOver/botcomponent.xml","","","False","","","","AI and agent-assisted capabilities","None","Investigate","Prototype agent evidence only; requires Responsible AI, grounding, safety, licensing, and maturity review.","Required","Required","True"
"BotComponent","cr7e8_ContosoInsurance.topic.ThankYou","cr7e8_ContosoInsurance.topic.ThankYou","botcomponents/cr7e8_ContosoInsurance.topic.ThankYou/botcomponent.xml","","","False","","","","AI and agent-assisted capabilities","None","Investigate","Prototype agent evidence only; requires Responsible AI, grounding, safety, licensing, and maturity review.","Required","Required","True"
"BotComponent","cr7e8_ContosoInsurance.topic.UnknownDtmfKey","cr7e8_ContosoInsurance.topic.UnknownDtmfKey","botcomponents/cr7e8_ContosoInsurance.topic.UnknownDtmfKey/botcomponent.xml","","","False","","","","AI and agent-assisted capabilities","None","Investigate","Prototype agent evidence only; requires Responsible AI, grounding, safety, licensing, and maturity review.","Required","Required","True"
"BotComponent","cr7e8_ContosoInsurance.topic.UnrecognizedSpeech","cr7e8_ContosoInsurance.topic.UnrecognizedSpeech","botcomponents/cr7e8_ContosoInsurance.topic.UnrecognizedSpeech/botcomponent.xml","","","False","","","","AI and agent-assisted capabilities","None","Investigate","Prototype agent evidence only; requires Responsible AI, grounding, safety, licensing, and maturity review.","Required","Required","True"
"ChoiceOption","cr7e8_diagnose_healthcheck:0","No","Entities/cr7e8_campaign/Entity.xml","cr7e8_campaign.cr7e8_diagnose_healthcheck","","False","","","","Marketing, consent, and journeys","crmshow_Marketing","Redesign","Validate against native Customer Insights - Journeys and consent-per-contact-per-channel before rebuilding custom campaign artefacts.","Required","Not required","True"
"ChoiceOption","cr7e8_diagnose_healthcheck:1","Yes","Entities/cr7e8_campaign/Entity.xml","cr7e8_campaign.cr7e8_diagnose_healthcheck","","False","","","","Marketing, consent, and journeys","crmshow_Marketing","Redesign","Validate against native Customer Insights - Journeys and consent-per-contact-per-channel before rebuilding custom campaign artefacts.","Required","Not required","True"
"ChoiceOption","cr7e8_sprachen:100000000","DE","Entities/cr7e8_campaign/Entity.xml","cr7e8_campaign.cr7e8_sprachen","","False","","","","Marketing, consent, and journeys","crmshow_Marketing","Redesign","Validate against native Customer Insights - Journeys and consent-per-contact-per-channel before rebuilding custom campaign artefacts.","Required","Not required","True"
"ChoiceOption","cr7e8_sprachen:100000001","FR","Entities/cr7e8_campaign/Entity.xml","cr7e8_campaign.cr7e8_sprachen","","False","","","","Marketing, consent, and journeys","crmshow_Marketing","Redesign","Validate against native Customer Insights - Journeys and consent-per-contact-per-channel before rebuilding custom campaign artefacts.","Required","Not required","True"
"ChoiceOption","cr7e8_sprachen:100000002","IT","Entities/cr7e8_campaign/Entity.xml","cr7e8_campaign.cr7e8_sprachen","","False","","","","Marketing, consent, and journeys","crmshow_Marketing","Redesign","Validate against native Customer Insights - Journeys and consent-per-contact-per-channel before rebuilding custom campaign artefacts.","Required","Not required","True"
"ChoiceOption","cr7e8_claimtype:100000000","Property","Entities/cr7e8_Claim/Entity.xml","cr7e8_Claim.cr7e8_claimtype","","False","","","","Service and case management","crmshow_DataModel","Redesign","Claim must become an Account-owned, externally referenced thin projection rather than a Contact-owned CRM record.","Investigate","Not required","True"
"ChoiceOption","cr7e8_claimtype:100000001","Motor","Entities/cr7e8_Claim/Entity.xml","cr7e8_Claim.cr7e8_claimtype","","False","","","","Service and case management","crmshow_DataModel","Redesign","Claim must become an Account-owned, externally referenced thin projection rather than a Contact-owned CRM record.","Investigate","Not required","True"
"ChoiceOption","cr7e8_claimtype:100000002","Liability","Entities/cr7e8_Claim/Entity.xml","cr7e8_Claim.cr7e8_claimtype","","False","","","","Service and case management","crmshow_DataModel","Redesign","Claim must become an Account-owned, externally referenced thin projection rather than a Contact-owned CRM record.","Investigate","Not required","True"
"ChoiceOption","cr7e8_claimtype:100000003","Personal Accident","Entities/cr7e8_Claim/Entity.xml","cr7e8_Claim.cr7e8_claimtype","","False","","","","Service and case management","crmshow_DataModel","Redesign","Claim must become an Account-owned, externally referenced thin projection rather than a Contact-owned CRM record.","Investigate","Not required","True"
"ChoiceOption","cr7e8_claimtype:100000004","Other","Entities/cr7e8_Claim/Entity.xml","cr7e8_Claim.cr7e8_claimtype","","False","","","","Service and case management","crmshow_DataModel","Redesign","Claim must become an Account-owned, externally referenced thin projection rather than a Contact-owned CRM record.","Investigate","Not required","True"
"DataverseSearch","525a0ec0-5f69-f111-ab0c-7ced8d703047","525a0ec0-5f69-f111-ab0c-7ced8d703047","dvtablesearchs/525a0ec0-5f69-f111-ab0c-7ced8d703047/dvtablesearch.xml","","","False","","","","Foundation and shared configuration","crmshow_Foundation","Investigate","Validate the environment-level configuration independently before adopting it.","Investigate","Not required","True"
"DataverseSearch","c9891b87-b368-f111-a825-7ced8d6e82b9","c9891b87-b368-f111-a825-7ced8d6e82b9","dvtablesearchs/c9891b87-b368-f111-a825-7ced8d6e82b9/dvtablesearch.xml","","","False","","","","Foundation and shared configuration","crmshow_Foundation","Investigate","Validate the environment-level configuration independently before adopting it.","Investigate","Not required","True"
"DataverseSearchEntity","148b2e78-0b6b-f111-ab0c-000d3a3839bf","148b2e78-0b6b-f111-ab0c-000d3a3839bf","dvtablesearchentities/148b2e78-0b6b-f111-ab0c-000d3a3839bf/dvtablesearchentity.xml","","","False","","","","Foundation and shared configuration","crmshow_Foundation","Investigate","Validate the environment-level configuration independently before adopting it.","Investigate","Not required","True"
"DataverseSearchEntity","40fe633d-6069-f111-ab0c-7ced8d703047","40fe633d-6069-f111-ab0c-7ced8d703047","dvtablesearchentities/40fe633d-6069-f111-ab0c-7ced8d703047/dvtablesearchentity.xml","","","False","","","","Foundation and shared configuration","crmshow_Foundation","Investigate","Validate the environment-level configuration independently before adopting it.","Investigate","Not required","True"
"DataverseSearchEntity","535a0ec0-5f69-f111-ab0c-7ced8d703047","535a0ec0-5f69-f111-ab0c-7ced8d703047","dvtablesearchentities/535a0ec0-5f69-f111-ab0c-7ced8d703047/dvtablesearchentity.xml","","","False","","","","Foundation and shared configuration","crmshow_Foundation","Investigate","Validate the environment-level configuration independently before adopting it.","Investigate","Not required","True"
"DataverseSearchEntity","7880dcbe-0b6b-f111-ab0c-000d3a3839bf","7880dcbe-0b6b-f111-ab0c-000d3a3839bf","dvtablesearchentities/7880dcbe-0b6b-f111-ab0c-000d3a3839bf/dvtablesearchentity.xml","","","False","","","","Foundation and shared configuration","crmshow_Foundation","Investigate","Validate the environment-level configuration independently before adopting it.","Investigate","Not required","True"
"DataverseSearchEntity","7a80dcbe-0b6b-f111-ab0c-000d3a3839bf","7a80dcbe-0b6b-f111-ab0c-000d3a3839bf","dvtablesearchentities/7a80dcbe-0b6b-f111-ab0c-000d3a3839bf/dvtablesearchentity.xml","","","False","","","","Foundation and shared configuration","crmshow_Foundation","Investigate","Validate the environment-level configuration independently before adopting it.","Investigate","Not required","True"
"DataverseSearchEntity","9d45ab66-0b6b-f111-ab0c-000d3a3839bf","9d45ab66-0b6b-f111-ab0c-000d3a3839bf","dvtablesearchentities/9d45ab66-0b6b-f111-ab0c-000d3a3839bf/dvtablesearchentity.xml","","","False","","","","Foundation and shared configuration","crmshow_Foundation","Investigate","Validate the environment-level configuration independently before adopting it.","Investigate","Not required","True"
"DataverseSearchEntity","ca891b87-b368-f111-a825-7ced8d6e82b9","ca891b87-b368-f111-a825-7ced8d6e82b9","dvtablesearchentities/ca891b87-b368-f111-a825-7ced8d6e82b9/dvtablesearchentity.xml","","","False","","","","Foundation and shared configuration","crmshow_Foundation","Investigate","Validate the environment-level configuration independently before adopting it.","Investigate","Not required","True"
"DataverseSearchEntity","cb891b87-b368-f111-a825-7ced8d6e82b9","cb891b87-b368-f111-a825-7ced8d6e82b9","dvtablesearchentities/cb891b87-b368-f111-a825-7ced8d6e82b9/dvtablesearchentity.xml","","","False","","","","Foundation and shared configuration","crmshow_Foundation","Investigate","Validate the environment-level configuration independently before adopting it.","Investigate","Not required","True"
"DataverseSearchEntity","cc891b87-b368-f111-a825-7ced8d6e82b9","cc891b87-b368-f111-a825-7ced8d6e82b9","dvtablesearchentities/cc891b87-b368-f111-a825-7ced8d6e82b9/dvtablesearchentity.xml","","","False","","","","Foundation and shared configuration","crmshow_Foundation","Investigate","Validate the environment-level configuration independently before adopting it.","Investigate","Not required","True"
"DataverseSearchEntity","e5da4692-c868-f111-a825-70a8a59a6865","e5da4692-c868-f111-a825-70a8a59a6865","dvtablesearchentities/e5da4692-c868-f111-a825-70a8a59a6865/dvtablesearchentity.xml","","","False","","","","Foundation and shared configuration","crmshow_Foundation","Investigate","Validate the environment-level configuration independently before adopting it.","Investigate","Not required","True"
"DataverseSearchEntity","e84c99e0-5f69-f111-ab0c-7ced8d703047","e84c99e0-5f69-f111-ab0c-7ced8d703047","dvtablesearchentities/e84c99e0-5f69-f111-ab0c-7ced8d703047/dvtablesearchentity.xml","","","False","","","","Foundation and shared configuration","crmshow_Foundation","Investigate","Validate the environment-level configuration independently before adopting it.","Investigate","Not required","True"
"DataverseSearchEntity","fa1094c8-5f69-f111-ab0c-7ced8d703047","fa1094c8-5f69-f111-ab0c-7ced8d703047","dvtablesearchentities/fa1094c8-5f69-f111-ab0c-7ced8d703047/dvtablesearchentity.xml","","","False","","","","Foundation and shared configuration","crmshow_Foundation","Investigate","Validate the environment-level configuration independently before adopting it.","Investigate","Not required","True"
"Entity","Account","Account","Entities/Account/Entity.xml","","","True","","","","Party, household, and relationship","crmshow_DataModel","Refactor","Reuse native party tables while rebuilding only approved extensions and role relationships.","Investigate","Not required","True"
"Entity","Contact","Contact","Entities/Contact/Entity.xml","","","True","","","","Party, household, and relationship","crmshow_DataModel","Refactor","Reuse native party tables while rebuilding only approved extensions and role relationships.","Investigate","Not required","True"
"Entity","cr7e8_broker","Broker","Entities/cr7e8_broker/Entity.xml","","","True","","","","Party, household, and relationship","crmshow_DataModel","Redesign","Broker is an Account type with dated relationship and ownership roles, not a parallel party table.","Investigate","Not required","True"
"Entity","cr7e8_campaign","Kampagne","Entities/cr7e8_campaign/Entity.xml","","","True","","","","Marketing, consent, and journeys","crmshow_Marketing","Redesign","Validate against native Customer Insights - Journeys and consent-per-contact-per-channel before rebuilding custom campaign artefacts.","Required","Not required","True"
"Entity","cr7e8_Claim","Claim","Entities/cr7e8_Claim/Entity.xml","","","True","","","","Service and case management","crmshow_DataModel","Redesign","Claim must become an Account-owned, externally referenced thin projection rather than a Contact-owned CRM record.","Investigate","Not required","True"
"Entity","cr7e8_household","Household","Entities/cr7e8_household/Entity.xml","","","True","","","","Party, household, and relationship","crmshow_DataModel","Redesign","Household must be represented by Account with accountType=Household; the parallel household table is retired.","Investigate","Not required","True"
"Entity","cr7e8_offer","Offer","Entities/cr7e8_offer/Entity.xml","","","True","","","","Sales and opportunity management","crmshow_DataModel","Redesign","Rebuild around native Lead and Opportunity; offer or quote data remains an externally referenced projection.","Investigate","Not required","True"
"Entity","cr7e8_policy","Policy","Entities/cr7e8_policy/Entity.xml","","","True","","","","Policy, claim, quote, and insured-object projections","crmshow_DataModel","Redesign","Policy must be a thin Account-owned projection with external system and external reference keys.","Investigate","Not required","True"
"Entity","Incident","Case","Entities/Incident/Entity.xml","","","True","","","","Service and case management","crmshow_DataModel","Refactor","Retain the service requirement but rebuild through native Customer Service configuration and governed extensions.","Investigate","Not required","True"
"Entity","Lead","Lead","Entities/Lead/Entity.xml","","","True","","","","Sales and opportunity management","crmshow_DataModel","Redesign","Rebuild around native Lead and Opportunity; offer or quote data remains an externally referenced projection.","Investigate","Not required","True"
"Entity","msdyn_ocliveworkitem","Conversation","Entities/msdyn_ocliveworkitem/Entity.xml","","","True","","","","Service and case management","crmshow_DataModel","Refactor","Retain the service requirement but rebuild through native Customer Service configuration and governed extensions.","Investigate","Not required","True"
"Form","{8448b78f-8f42-454e-8e2a-f8196b0419af}","main","Entities/Account/FormXml/main/{8448b78f-8f42-454e-8e2a-f8196b0419af}.xml","Account","","False","","","","Party, household, and relationship","crmshow_Sales","Refactor","Reuse native party tables while rebuilding only approved extensions and role relationships.","Investigate","Not required","True"
"Form","{1fed44d1-ae68-4a41-bd2b-f13acac4acfa}","main","Entities/Contact/FormXml/main/{1fed44d1-ae68-4a41-bd2b-f13acac4acfa}.xml","Contact","","False","","","","Party, household, and relationship","crmshow_Sales","Refactor","Reuse native party tables while rebuilding only approved extensions and role relationships.","Investigate","Not required","True"
"Form","{0439e40d-ab7e-4a6f-be3c-9a539edd7524}","quick","Entities/cr7e8_broker/FormXml/quick/{0439e40d-ab7e-4a6f-be3c-9a539edd7524}.xml","cr7e8_broker","","False","","","","Party, household, and relationship","crmshow_Sales","Redesign","Broker is an Account type with dated relationship and ownership roles, not a parallel party table.","Investigate","Not required","True"
"Form","{1ad1538a-65b9-4e60-a0d5-7f92fa64082e}","card","Entities/cr7e8_broker/FormXml/card/{1ad1538a-65b9-4e60-a0d5-7f92fa64082e}.xml","cr7e8_broker","","False","","","","Party, household, and relationship","crmshow_Sales","Redesign","Broker is an Account type with dated relationship and ownership roles, not a parallel party table.","Investigate","Not required","True"
"Form","{525f0105-f260-4d12-8d54-07841a730dfc}","main","Entities/cr7e8_broker/FormXml/main/{525f0105-f260-4d12-8d54-07841a730dfc}.xml","cr7e8_broker","","False","","","","Party, household, and relationship","crmshow_Sales","Redesign","Broker is an Account type with dated relationship and ownership roles, not a parallel party table.","Investigate","Not required","True"
"Form","{2f253079-fa84-4fdd-9174-689aab822797}","main","Entities/cr7e8_campaign/FormXml/main/{2f253079-fa84-4fdd-9174-689aab822797}.xml","cr7e8_campaign","","False","","","","Marketing, consent, and journeys","crmshow_Marketing","Redesign","Validate against native Customer Insights - Journeys and consent-per-contact-per-channel before rebuilding custom campaign artefacts.","Required","Not required","True"
"Form","{baa53450-9b36-4d67-8a8c-61b43fd3772a}","quick","Entities/cr7e8_campaign/FormXml/quick/{baa53450-9b36-4d67-8a8c-61b43fd3772a}.xml","cr7e8_campaign","","False","","","","Marketing, consent, and journeys","crmshow_Marketing","Redesign","Validate against native Customer Insights - Journeys and consent-per-contact-per-channel before rebuilding custom campaign artefacts.","Required","Not required","True"
"Form","{ed75fb7e-0b08-435e-a292-19f2b5238d59}","card","Entities/cr7e8_campaign/FormXml/card/{ed75fb7e-0b08-435e-a292-19f2b5238d59}.xml","cr7e8_campaign","","False","","","","Marketing, consent, and journeys","crmshow_Marketing","Redesign","Validate against native Customer Insights - Journeys and consent-per-contact-per-channel before rebuilding custom campaign artefacts.","Required","Not required","True"
"Form","{7cbee9f4-367a-4634-b0de-4ff27572061e}","main","Entities/cr7e8_Claim/FormXml/main/{7cbee9f4-367a-4634-b0de-4ff27572061e}.xml","cr7e8_Claim","","False","","","","Service and case management","crmshow_Service","Redesign","Claim must become an Account-owned, externally referenced thin projection rather than a Contact-owned CRM record.","Investigate","Not required","True"
"Form","{925e5d2f-ce12-430b-b395-7205ce7cd4a6}","card","Entities/cr7e8_Claim/FormXml/card/{925e5d2f-ce12-430b-b395-7205ce7cd4a6}.xml","cr7e8_Claim","","False","","","","Service and case management","crmshow_Service","Redesign","Claim must become an Account-owned, externally referenced thin projection rather than a Contact-owned CRM record.","Investigate","Not required","True"
"Form","{a2cba315-ee73-f111-ab0f-00224806d754}","quickCreate","Entities/cr7e8_Claim/FormXml/quickCreate/{a2cba315-ee73-f111-ab0f-00224806d754}.xml","cr7e8_Claim","","False","","","","Service and case management","crmshow_Service","Redesign","Claim must become an Account-owned, externally referenced thin projection rather than a Contact-owned CRM record.","Investigate","Not required","True"
"Form","{ba7ee869-3d6d-4e83-9845-3e4305a50c74}","quick","Entities/cr7e8_Claim/FormXml/quick/{ba7ee869-3d6d-4e83-9845-3e4305a50c74}.xml","cr7e8_Claim","","False","","","","Service and case management","crmshow_Service","Redesign","Claim must become an Account-owned, externally referenced thin projection rather than a Contact-owned CRM record.","Investigate","Not required","True"
"Form","{28bb9d20-137b-4f6c-b5ea-9c1f10179c8f}","main","Entities/cr7e8_household/FormXml/main/{28bb9d20-137b-4f6c-b5ea-9c1f10179c8f}.xml","cr7e8_household","","False","","","","Party, household, and relationship","crmshow_Sales","Redesign","Household must be represented by Account with accountType=Household; the parallel household table is retired.","Investigate","Not required","True"
"Form","{718c41cf-1d7e-4bfd-a9a0-c7a6695af599}","main","Entities/cr7e8_offer/FormXml/main/{718c41cf-1d7e-4bfd-a9a0-c7a6695af599}.xml","cr7e8_offer","","False","","","","Sales and opportunity management","crmshow_Sales","Redesign","Rebuild around native Lead and Opportunity; offer or quote data remains an externally referenced projection.","Investigate","Not required","True"
"Form","{0b87b795-3546-43a1-91b9-ac2d6934e955}","main","Entities/cr7e8_policy/FormXml/main/{0b87b795-3546-43a1-91b9-ac2d6934e955}.xml","cr7e8_policy","","False","","","","Policy, claim, quote, and insured-object projections","crmshow_Sales","Redesign","Policy must be a thin Account-owned projection with external system and external reference keys.","Investigate","Not required","True"
"Form","{4a63c8d1-6c1e-48ec-9db4-3e6c7155334c}","main","Entities/Incident/FormXml/main/{4a63c8d1-6c1e-48ec-9db4-3e6c7155334c}.xml","Incident","","False","","","","Service and case management","crmshow_Service","Refactor","Retain the service requirement but rebuild through native Customer Service configuration and governed extensions.","Investigate","Not required","True"
"Form","{b05c1e9c-94d0-46c1-8968-df49b8f33ec7}","main","Entities/Incident/FormXml/main/{b05c1e9c-94d0-46c1-8968-df49b8f33ec7}.xml","Incident","","False","","","","Service and case management","crmshow_Service","Refactor","Retain the service requirement but rebuild through native Customer Service configuration and governed extensions.","Investigate","Not required","True"
"Form","{e1ec2c0c-1744-42fa-a346-fb8237357d0f}","main","Entities/Lead/FormXml/main/{e1ec2c0c-1744-42fa-a346-fb8237357d0f}.xml","Lead","","False","","","","Sales and opportunity management","crmshow_Sales","Redesign","Rebuild around native Lead and Opportunity; offer or quote data remains an externally referenced projection.","Investigate","Not required","True"
"MissingDependency","cr7e8_name","Policy Name","Other/Solution.xml","{0b87b795-3546-43a1-91b9-ac2d6934e955}","Active","False","","","Dependency reported by the Dataverse solution export.","Foundation and shared configuration","None","Investigate","External dependency must be validated for necessity, licensing, and target availability.","Required","Not required","True"
"MissingDependency","ownerid","Owner","Other/Solution.xml","{0b87b795-3546-43a1-91b9-ac2d6934e955}","Active","False","","","Dependency reported by the Dataverse solution export.","Foundation and shared configuration","None","Investigate","External dependency must be validated for necessity, licensing, and target availability.","Required","Not required","True"
"MissingDependency","{1fed44d1-ae68-4a41-bd2b-f13acac4acfa}","Kontakt","Other/Solution.xml","{1fed44d1-ae68-4a41-bd2b-f13acac4acfa}","msdynce_AppCommon (9.0.4.0066);msdynce_AppCommonAnchor (9.0.26034.10001)","False","","","Dependency reported by the Dataverse solution export.","Foundation and shared configuration","None","Investigate","External dependency must be validated for necessity, licensing, and target availability.","Required","Not required","True"
"MissingDependency","{29de27bc-a257-4f29-99cf-bab4a84e688f}","Kontaktkarte für Konto","Other/Solution.xml","{1fed44d1-ae68-4a41-bd2b-f13acac4acfa}","msdynce_AppCommon (9.0.4.0066);msdynce_AppCommonAnchor (9.0.26034.10001)","False","","","Dependency reported by the Dataverse solution export.","Foundation and shared configuration","None","Investigate","External dependency must be validated for necessity, licensing, and target availability.","Required","Not required","True"
"MissingDependency","01 Aktive Abonnementlisten","01 Aktive Abonnementlisten","Other/Solution.xml","{1fed44d1-ae68-4a41-bd2b-f13acac4acfa}","MicrosoftDynamics_MktCompleteAnchorSolution (1.122.2010.408);MicrosoftDynamics_MktCompleteAnchorSolution (1.122.2010.510);MicrosoftDynamics_SubscriptionList (1.140.1940.0)","False","","","Dependency reported by the Dataverse solution export.","Foundation and shared configuration","None","Investigate","External dependency must be validated for necessity, licensing, and target availability.","Required","Not required","True"
"MissingDependency","06 Aktive Abonnementlisten – einfache Ansicht","06 Aktive Abonnementlisten – einfache Ansicht","Other/Solution.xml","{1fed44d1-ae68-4a41-bd2b-f13acac4acfa}","MicrosoftDynamics_MktCompleteAnchorSolution (1.122.2010.408);MicrosoftDynamics_MktCompleteAnchorSolution (1.122.2010.510);MicrosoftDynamics_SubscriptionList (1.140.1940.0)","False","","","Dependency reported by the Dataverse solution export.","Foundation and shared configuration","None","Investigate","External dependency must be validated for necessity, licensing, and target availability.","Required","Not required","True"
"MissingDependency","adx_created_by_portal_contact","adx_created_by_portal_contact","Other/Solution.xml","{1fed44d1-ae68-4a41-bd2b-f13acac4acfa}","MicrosoftPartnerPipeline_V2 (9.2.2012.0);PowerPages_PartnerPortal_V2 (9.4.2607.263)","False","","","Dependency reported by the Dataverse solution export.","Foundation and shared configuration","None","Investigate","External dependency must be validated for necessity, licensing, and target availability.","Required","Not required","True"
"MissingDependency","adx_createdbyportalcontactid","Created By (portal contact)","Other/Solution.xml","{1fed44d1-ae68-4a41-bd2b-f13acac4acfa}","MicrosoftPartnerPipeline_V2 (9.2.2012.0);PowerPages_PartnerPortal_V2 (9.4.2607.263)","False","","","Dependency reported by the Dataverse solution export.","Foundation and shared configuration","None","Investigate","External dependency must be validated for necessity, licensing, and target availability.","Required","Not required","True"
"MissingDependency","Aktive Check-Ins","Aktive Check-Ins","Other/Solution.xml","{1fed44d1-ae68-4a41-bd2b-f13acac4acfa}","DynamicsMKT_AnchorSolution (1.2.1258.89);DynamicsMKT_AnchorSolution (1.2.437.94);MicrosoftDynamics_EventManagement (1.52.2104.96);MicrosoftDynamics_MktCompleteAnchorSolution (1.122.2010.408);MicrosoftDynamics_MktCompleteAnchorSolution (1.122.2010.510)","False","","","Dependency reported by the Dataverse solution export.","Foundation and shared configuration","None","Investigate","External dependency must be validated for necessity, licensing, and target availability.","Required","Not required","True"
"MissingDependency","Aktive Ereignisregistrierungen","Aktive Ereignisregistrierungen","Other/Solution.xml","{1fed44d1-ae68-4a41-bd2b-f13acac4acfa}","DynamicsMKT_AnchorSolution (1.2.1258.89);DynamicsMKT_AnchorSolution (1.2.437.94);MicrosoftDynamics_EventManagement (1.52.2104.96);MicrosoftDynamics_MktCompleteAnchorSolution (1.122.2010.408);MicrosoftDynamics_MktCompleteAnchorSolution (1.122.2010.510)","False","","","Dependency reported by the Dataverse solution export.","Foundation and shared configuration","None","Investigate","External dependency must be validated for necessity, licensing, and target availability.","Required","Not required","True"
"MissingDependency","Aktive Sitzungsregistrierungen","Aktive Sitzungsregistrierungen","Other/Solution.xml","{1fed44d1-ae68-4a41-bd2b-f13acac4acfa}","DynamicsMKT_AnchorSolution (1.2.1258.89);DynamicsMKT_AnchorSolution (1.2.437.94);MicrosoftDynamics_EventManagement (1.52.2104.96);MicrosoftDynamics_MktCompleteAnchorSolution (1.122.2010.408);MicrosoftDynamics_MktCompleteAnchorSolution (1.122.2010.510)","False","","","Dependency reported by the Dataverse solution export.","Foundation and shared configuration","None","Investigate","External dependency must be validated for necessity, licensing, and target availability.","Required","Not required","True"
"MissingDependency","Aktuelle Anfragen","Aktuelle Anfragen","Other/Solution.xml","{1fed44d1-ae68-4a41-bd2b-f13acac4acfa}","msdynce_Service (9.0.5.56);msdynce_ServiceAnchor (9.0.26064.1006)","False","","","Dependency reported by the Dataverse solution export.","Foundation and shared configuration","None","Investigate","External dependency must be validated for necessity, licensing, and target availability.","Required","Not required","True"
"MissingDependency","Aktuelle Verkaufschancen","Aktuelle Verkaufschancen","Other/Solution.xml","{1fed44d1-ae68-4a41-bd2b-f13acac4acfa}","msdynce_Sales (9.0.4.0076);msdynce_SalesAnchor (9.0.26071.10006)","False","","","Dependency reported by the Dataverse solution export.","Foundation and shared configuration","None","Investigate","External dependency must be validated for necessity, licensing, and target availability.","Required","Not required","True"
"MissingDependency","Alle Berechtigungen","Alle Berechtigungen","Other/Solution.xml","{1fed44d1-ae68-4a41-bd2b-f13acac4acfa}","msdynce_Service (9.0.5.56);msdynce_ServiceAnchor (9.0.26064.1006)","False","","","Dependency reported by the Dataverse solution export.","Foundation and shared configuration","None","Investigate","External dependency must be validated for necessity, licensing, and target availability.","Required","Not required","True"
"MissingDependency","Anfragemix (nach Unternehmenseinheit)","Anfragemix (nach Unternehmenseinheit)","Other/Solution.xml","{1fed44d1-ae68-4a41-bd2b-f13acac4acfa}","msdynce_Service (9.0.5.56);msdynce_ServiceAnchor (9.0.26064.1006)","False","","","Dependency reported by the Dataverse solution export.","Foundation and shared configuration","None","Investigate","External dependency must be validated for necessity, licensing, and target availability.","Required","Not required","True"
"MissingDependency","Anzahl der zugehörigen Sitzungsregistrierungs-Datensätze nach Erstellungsdatum","Anzahl der zugehörigen Sitzungsregistrierungs-Datensätze nach Erstellungsdatum","Other/Solution.xml","{1fed44d1-ae68-4a41-bd2b-f13acac4acfa}","DynamicsMKT_AnchorSolution (1.2.1258.89);DynamicsMKT_AnchorSolution (1.2.437.94);MicrosoftDynamics_EventManagement (1.52.2104.96);MicrosoftDynamics_MktCompleteAnchorSolution (1.122.2010.408);MicrosoftDynamics_MktCompleteAnchorSolution (1.122.2010.510)","False","","","Dependency reported by the Dataverse solution export.","Foundation and shared configuration","None","Investigate","External dependency must be validated for necessity, licensing, and target availability.","Required","Not required","True"
"MissingDependency","Ausweise aktiver Teilnehmer","Ausweise aktiver Teilnehmer","Other/Solution.xml","{1fed44d1-ae68-4a41-bd2b-f13acac4acfa}","DynamicsMKT_AnchorSolution (1.2.1258.89);DynamicsMKT_AnchorSolution (1.2.437.94);MicrosoftDynamics_EventManagement (1.52.2104.96);MicrosoftDynamics_MktCompleteAnchorSolution (1.122.2010.408);MicrosoftDynamics_MktCompleteAnchorSolution (1.122.2010.510)","False","","","Dependency reported by the Dataverse solution export.","Foundation and shared configuration","None","Investigate","External dependency must be validated for necessity, licensing, and target availability.","Required","Not required","True"
"MissingDependency","Ausweise inaktiver Teilnehmer","Ausweise inaktiver Teilnehmer","Other/Solution.xml","{1fed44d1-ae68-4a41-bd2b-f13acac4acfa}","DynamicsMKT_AnchorSolution (1.2.1258.89);DynamicsMKT_AnchorSolution (1.2.437.94);MicrosoftDynamics_EventManagement (1.52.2104.96);MicrosoftDynamics_MktCompleteAnchorSolution (1.122.2010.408);MicrosoftDynamics_MktCompleteAnchorSolution (1.122.2010.510)","False","","","Dependency reported by the Dataverse solution export.","Foundation and shared configuration","None","Investigate","External dependency must be validated for necessity, licensing, and target availability.","Required","Not required","True"
"MissingDependency","Berechtigungsablauf","Berechtigungsablauf","Other/Solution.xml","{1fed44d1-ae68-4a41-bd2b-f13acac4acfa}","msdynce_Service (9.0.5.56);msdynce_ServiceAnchor (9.0.26064.1006)","False","","","Dependency reported by the Dataverse solution export.","Foundation and shared configuration","None","Investigate","External dependency must be validated for necessity, licensing, and target availability.","Required","Not required","True"
"MissingDependency","businesscard","Business Card","Other/Solution.xml","{1fed44d1-ae68-4a41-bd2b-f13acac4acfa}","msdynce_SalesAnchor (9.0.26071.10006);msdynce_SalesPatch201904 (9.0.1912.1007)","False","","","Dependency reported by the Dataverse solution export.","Foundation and shared configuration","None","Investigate","External dependency must be validated for necessity, licensing, and target availability.","Required","Not required","True"
"MissingDependency","businesscardattributes","BusinessCardAttributes","Other/Solution.xml","{1fed44d1-ae68-4a41-bd2b-f13acac4acfa}","msdynce_SalesAnchor (9.0.26071.10006);msdynce_SalesPatch201904 (9.0.1912.1007)","False","","","Dependency reported by the Dataverse solution export.","Foundation and shared configuration","None","Investigate","External dependency must be validated for necessity, licensing, and target availability.","Required","Not required","True"
"MissingDependency","Check-In-Datensätze nach Unternehmensgröße","Check-In-Datensätze nach Unternehmensgröße","Other/Solution.xml","{1fed44d1-ae68-4a41-bd2b-f13acac4acfa}","DynamicsMKT_AnchorSolution (1.2.1258.89);DynamicsMKT_AnchorSolution (1.2.437.94);MicrosoftDynamics_EventManagement (1.52.2104.96);MicrosoftDynamics_MktCompleteAnchorSolution (1.122.2010.408);MicrosoftDynamics_MktCompleteAnchorSolution (1.122.2010.510)","False","","","Dependency reported by the Dataverse solution export.","Foundation and shared configuration","None","Investigate","External dependency must be validated for necessity, licensing, and target availability.","Required","Not required","True"
"MissingDependency","Consent.ContactabilityControl.ContactabilityControl","Consent.ContactabilityControl.ContactabilityControl","Other/Solution.xml","{1fed44d1-ae68-4a41-bd2b-f13acac4acfa}","DynamicsMKT_AnchorSolution (1.2.1258.89);DynamicsMKT_AnchorSolution (1.2.437.94);DynamicsMKT_Consent (1.2.1258.87);DynamicsMKT_CxpSalesAnchorSolution (1.2.1258.46)","False","","","Dependency reported by the Dataverse solution export.","Foundation and shared configuration","None","Investigate","External dependency must be validated for necessity, licensing, and target availability.","Required","Not required","True"
"MissingDependency","Consent.ContactabilityGridControl.ContactabilityGridControl","Consent.ContactabilityGridControl.ContactabilityGridControl","Other/Solution.xml","{1fed44d1-ae68-4a41-bd2b-f13acac4acfa}","DynamicsMKT_AnchorSolution (1.2.1258.89);DynamicsMKT_AnchorSolution (1.2.437.94);DynamicsMKT_Consent (1.2.1258.87);DynamicsMKT_CxpSalesAnchorSolution (1.2.1258.46)","False","","","Dependency reported by the Dataverse solution export.","Foundation and shared configuration","None","Investigate","External dependency must be validated for necessity, licensing, and target availability.","Required","Not required","True"
"MissingDependency","CxpOrchestrationAnalytics.InsightsBannerControl.InsightsBannerControl","CxpOrchestrationAnalytics.InsightsBannerControl.InsightsBannerControl","Other/Solution.xml","{1fed44d1-ae68-4a41-bd2b-f13acac4acfa}","DynamicsMKT_AnchorSolution (1.2.1258.89);DynamicsMKT_AnchorSolution (1.2.437.94);DynamicsMKT_OrchestrationAnalytics (1.2.1258.87)","False","","","Dependency reported by the Dataverse solution export.","Foundation and shared configuration","None","Investigate","External dependency must be validated for necessity, licensing, and target availability.","Required","Not required","True"
"MissingDependency","Die wichtigsten Kunden","Die wichtigsten Kunden","Other/Solution.xml","{1fed44d1-ae68-4a41-bd2b-f13acac4acfa}","msdynce_Sales (9.0.4.0076);msdynce_SalesAnchor (9.0.26071.10006)","False","","","Dependency reported by the Dataverse solution export.","Foundation and shared configuration","None","Investigate","External dependency must be validated for necessity, licensing, and target availability.","Required","Not required","True"
"MissingDependency","Email Lookup View","Email Lookup View","Other/Solution.xml","{1fed44d1-ae68-4a41-bd2b-f13acac4acfa}","DynamicsMKT_AnchorSolution (1.2.1258.89);DynamicsMKT_AnchorSolution (1.2.437.94);DynamicsMKT_EmailChannel (1.2.1258.87)","False","","","Dependency reported by the Dataverse solution export.","Foundation and shared configuration","None","Investigate","External dependency must be validated for necessity, licensing, and target availability.","Required","Not required","True"
"MissingDependency","entitlement","Entitlement","Other/Solution.xml","{1fed44d1-ae68-4a41-bd2b-f13acac4acfa}","msdynce_Service (9.0.5.56);msdynce_ServiceAnchor (9.0.26064.1006)","False","","","Dependency reported by the Dataverse solution export.","Foundation and shared configuration","None","Investigate","External dependency must be validated for necessity, licensing, and target availability.","Required","Not required","True"
"MissingDependency","Intelligence.BusinessCardReaderControl.BusinessCardReader","Intelligence.BusinessCardReaderControl.BusinessCardReader","Other/Solution.xml","{1fed44d1-ae68-4a41-bd2b-f13acac4acfa}","BaseCustomControlsCore (9.0.2607.1005)","False","","","Dependency reported by the Dataverse solution export.","Foundation and shared configuration","None","Investigate","External dependency must be validated for necessity, licensing, and target availability.","Required","Not required","True"
"MissingDependency","Journey Lookup View","Journey Lookup View","Other/Solution.xml","{1fed44d1-ae68-4a41-bd2b-f13acac4acfa}","DynamicsMKT_AnchorSolution (1.2.1258.89);DynamicsMKT_AnchorSolution (1.2.437.94);DynamicsMKT_CxpOrchestrationUI (1.2.1258.87)","False","","","Dependency reported by the Dataverse solution export.","Foundation and shared configuration","None","Investigate","External dependency must be validated for necessity, licensing, and target availability.","Required","Not required","True"
"MissingDependency","LinkedInIntegration/Common/msdyn_LinkedInIntegrationCommon.js","LinkedInIntegration/Common/msdyn_LinkedInIntegrationCommon.js","Other/Solution.xml","{1fed44d1-ae68-4a41-bd2b-f13acac4acfa}","LinkedInSalesNavigatorControlsForUnifiedClient (3.1.3378.1);msdyn_LinkedInSalesNavigatorAnchor (3.0.1.1907);msdyn_LinkedInSalesNavigatorAnchor (3.1.3378.1)","False","","","Dependency reported by the Dataverse solution export.","Foundation and shared configuration","None","Investigate","External dependency must be validated for necessity, licensing, and target availability.","Required","Not required","True"
"MissingDependency","list","Marketing List","Other/Solution.xml","{1fed44d1-ae68-4a41-bd2b-f13acac4acfa}","msdynce_Marketing (9.0.4.37);msdynce_MarketingAnchor (9.0.26071.10004)","False","","","Dependency reported by the Dataverse solution export.","Foundation and shared configuration","None","Investigate","External dependency must be validated for necessity, licensing, and target availability.","Required","Not required","True"
"MissingDependency","Marketing Form Lookup View","Marketing Form Lookup View","Other/Solution.xml","{1fed44d1-ae68-4a41-bd2b-f13acac4acfa}","DynamicsMKT_AnchorSolution (1.2.1258.89);DynamicsMKT_AnchorSolution (1.2.437.94);DynamicsMKT_Forms (1.2.1258.87)","False","","","Dependency reported by the Dataverse solution export.","Foundation and shared configuration","None","Investigate","External dependency must be validated for necessity, licensing, and target availability.","Required","Not required","True"
"MissingDependency","Meine aktiven Anfragen","Meine aktiven Anfragen","Other/Solution.xml","{1fed44d1-ae68-4a41-bd2b-f13acac4acfa}","msdynce_Service (9.0.5.56);msdynce_ServiceAnchor (9.0.26064.1006)","False","","","Dependency reported by the Dataverse solution export.","Foundation and shared configuration","None","Investigate","External dependency must be validated for necessity, licensing, and target availability.","Required","Not required","True"
"MissingDependency","Meine offenen Verkaufschancen","Meine offenen Verkaufschancen","Other/Solution.xml","{1fed44d1-ae68-4a41-bd2b-f13acac4acfa}","msdynce_Sales (9.0.4.0076);msdynce_SalesAnchor (9.0.26071.10006)","False","","","Dependency reported by the Dataverse solution export.","Foundation and shared configuration","None","Investigate","External dependency must be validated for necessity, licensing, and target availability.","Required","Not required","True"
"MissingDependency","Microsoft.AddressInputUCI","Microsoft.AddressInputUCI","Other/Solution.xml","{1fed44d1-ae68-4a41-bd2b-f13acac4acfa}","BaseCustomControlsCore (9.0.2607.1005)","False","","","Dependency reported by the Dataverse solution export.","Foundation and shared configuration","None","Investigate","External dependency must be validated for necessity, licensing, and target availability.","Required","Not required","True"
"MissingDependency","msa_contact_managingpartner","msa_contact_managingpartner","Other/Solution.xml","{1fed44d1-ae68-4a41-bd2b-f13acac4acfa}","PowerPages_Core (1.1.2602.237);PowerPages_Core (1.1.2605.258);PowerPages_RuntimeCoreDependencies (1.0.2305.1)","False","","","Dependency reported by the Dataverse solution export.","Foundation and shared configuration","None","Investigate","External dependency must be validated for necessity, licensing, and target availability.","Required","Not required","True"
"MissingDependency","msa_managingpartnerid","Managing Partner","Other/Solution.xml","{1fed44d1-ae68-4a41-bd2b-f13acac4acfa}","PowerPages_Core (1.1.2602.237);PowerPages_Core (1.1.2605.258);PowerPages_RuntimeCoreDependencies (1.0.2305.1)","False","","","Dependency reported by the Dataverse solution export.","Foundation and shared configuration","None","Investigate","External dependency must be validated for necessity, licensing, and target availability.","Required","Not required","True"
"MissingDependency","MscrmControls.CardFeedContainer.CardFeedContainer","MscrmControls.CardFeedContainer.CardFeedContainer","Other/Solution.xml","{1fed44d1-ae68-4a41-bd2b-f13acac4acfa}","BaseCustomControlsCore (9.0.2607.1005)","False","","","Dependency reported by the Dataverse solution export.","Foundation and shared configuration","None","Investigate","External dependency must be validated for necessity, licensing, and target availability.","Required","Not required","True"
"MissingDependency","MscrmControls.InsightsControl.InsightsControl","MscrmControls.InsightsControl.InsightsControl","Other/Solution.xml","{1fed44d1-ae68-4a41-bd2b-f13acac4acfa}","MicrosoftDynamics_Marketing (1.122.2010.0);MicrosoftDynamics_MktCompleteAnchorSolution (1.122.2010.408);MicrosoftDynamics_MktCompleteAnchorSolution (1.122.2010.510)","False","","","Dependency reported by the Dataverse solution export.","Foundation and shared configuration","None","Investigate","External dependency must be validated for necessity, licensing, and target availability.","Required","Not required","True"
"MissingDependency","MscrmControls.LeadHygiene.ValidatedFieldControl","MscrmControls.LeadHygiene.ValidatedFieldControl","Other/Solution.xml","{1fed44d1-ae68-4a41-bd2b-f13acac4acfa}","msdyn_AcceleratedSalesAnchor (9.1.26064.10001);msdyn_leadhygiene (9.1.2605.4001)","False","","","Dependency reported by the Dataverse solution export.","Foundation and shared configuration","None","Investigate","External dependency must be validated for necessity, licensing, and target availability.","Required","Not required","True"
"MissingDependency","MscrmControls.LinkedInIntegration.LinkedInAccountLookupControl","MscrmControls.LinkedInIntegration.LinkedInAccountLookupControl","Other/Solution.xml","{1fed44d1-ae68-4a41-bd2b-f13acac4acfa}","LinkedInSalesNavigatorControlsForUnifiedClient (3.1.3378.1);msdyn_LinkedInSalesNavigatorAnchor (3.0.1.1907);msdyn_LinkedInSalesNavigatorAnchor (3.1.3378.1)","False","","","Dependency reported by the Dataverse solution export.","Foundation and shared configuration","None","Investigate","External dependency must be validated for necessity, licensing, and target availability.","Required","Not required","True"
"MissingDependency","MscrmControls.LinkedInIntegration.LinkedInLeadControl","MscrmControls.LinkedInIntegration.LinkedInLeadControl","Other/Solution.xml","{1fed44d1-ae68-4a41-bd2b-f13acac4acfa}","LinkedInSalesNavigatorControlsForUnifiedClient (3.1.3378.1);msdyn_LinkedInSalesNavigatorAnchor (3.0.1.1907);msdyn_LinkedInSalesNavigatorAnchor (3.1.3378.1)","False","","","Dependency reported by the Dataverse solution export.","Foundation and shared configuration","None","Investigate","External dependency must be validated for necessity, licensing, and target availability.","Required","Not required","True"
"MissingDependency","MscrmControls.TalkingPointsControl.TalkingPoints","MscrmControls.TalkingPointsControl.TalkingPoints","Other/Solution.xml","{1fed44d1-ae68-4a41-bd2b-f13acac4acfa}","msdynce_SalesInsightsAnchor (9.0.26052.10004);msdynce_SalesInsightsAnchor (9.0.26064.10003);msdynce_Talkingpoints (9.1.0.59)","False","","","Dependency reported by the Dataverse solution export.","Foundation and shared configuration","None","Investigate","External dependency must be validated for necessity, licensing, and target availability.","Required","Not required","True"
"MissingDependency","msdyn_/Contact/Contact.Library.js","msdyn_/Contact/Contact.Library.js","Other/Solution.xml","{1fed44d1-ae68-4a41-bd2b-f13acac4acfa}","FieldService (8.8.0.88);FieldService_Anchor (8.8.145.42);FieldService_Anchor (8.8.147.60)","False","","","Dependency reported by the Dataverse solution export.","Foundation and shared configuration","None","Investigate","External dependency must be validated for necessity, licensing, and target availability.","Required","Not required","True"
"MissingDependency","msdyn_/Scripts/WhoKnowsWhomLoader.js","msdyn_/Scripts/WhoKnowsWhomLoader.js","Other/Solution.xml","{1fed44d1-ae68-4a41-bd2b-f13acac4acfa}","msdyn_connectiongraph (9.3.26064.10001);msdynce_SalesInsightsAnchor (9.0.26052.10004);msdynce_SalesInsightsAnchor (9.0.26064.10003);SalesInsightsAddOn (9.0.23101.10001)","False","","","Dependency reported by the Dataverse solution export.","Foundation and shared configuration","None","Investigate","External dependency must be validated for necessity, licensing, and target availability.","Required","Not required","True"
"MissingDependency","msdyn_primarytimezone","Primary Time Zone","Other/Solution.xml","{1fed44d1-ae68-4a41-bd2b-f13acac4acfa}","FieldService_Anchor (8.8.145.42);FieldService_Anchor (8.8.147.60);msdyn_AssetCommon (1.0.3412.1);msdynce_ServiceAnchor (9.0.26064.1006)","False","","","Dependency reported by the Dataverse solution export.","Foundation and shared configuration","None","Investigate","External dependency must be validated for necessity, licensing, and target availability.","Required","Not required","True"
"MissingDependency","msdyn_SalesOmniChannel.SalesPhoneNumberControl","msdyn_SalesOmniChannel.SalesPhoneNumberControl","Other/Solution.xml","{1fed44d1-ae68-4a41-bd2b-f13acac4acfa}","msdyn_AcceleratedSalesAnchor (9.1.26064.10001);msdyn_SalesOmniChannel (9.1.26064.10001)","False","","","Dependency reported by the Dataverse solution export.","Foundation and shared configuration","None","Investigate","External dependency must be validated for necessity, licensing, and target availability.","Required","Not required","True"
"MissingDependency","msdyn_SalesOmniChannel/SalesPhoneNumber.Library.js","msdyn_SalesOmniChannel/SalesPhoneNumber.Library.js","Other/Solution.xml","{1fed44d1-ae68-4a41-bd2b-f13acac4acfa}","msdyn_AcceleratedSalesAnchor (9.1.26064.10001);msdyn_SalesOmniChannel (9.1.26064.10001)","False","","","Dependency reported by the Dataverse solution export.","Foundation and shared configuration","None","Investigate","External dependency must be validated for necessity, licensing, and target availability.","Required","Not required","True"
"MissingDependency","msdyn_talkingpointsloader.js","msdyn_talkingpointsloader.js","Other/Solution.xml","{1fed44d1-ae68-4a41-bd2b-f13acac4acfa}","msdynce_SalesInsightsAnchor (9.0.26052.10004);msdynce_SalesInsightsAnchor (9.0.26064.10003);msdynce_Talkingpoints (9.1.0.59)","False","","","Dependency reported by the Dataverse solution export.","Foundation and shared configuration","None","Investigate","External dependency must be validated for necessity, licensing, and target availability.","Required","Not required","True"
"MissingDependency","MsdynControls.WKWControls.ConnectionsWidget","MsdynControls.WKWControls.ConnectionsWidget","Other/Solution.xml","{1fed44d1-ae68-4a41-bd2b-f13acac4acfa}","msdyn_connectiongraph (9.3.26064.10001);msdynce_SalesInsightsAnchor (9.0.26052.10004);msdynce_SalesInsightsAnchor (9.0.26064.10003);SalesInsightsAddOn (9.0.23101.10001)","False","","","Dependency reported by the Dataverse solution export.","Foundation and shared configuration","None","Investigate","External dependency must be validated for necessity, licensing, and target availability.","Required","Not required","True"
"MissingDependency","msdyncrm_customerjourneyid","Source customer journey (outbound marketing)","Other/Solution.xml","{1fed44d1-ae68-4a41-bd2b-f13acac4acfa}","MicrosoftDynamics_Marketing (1.122.2010.0);MicrosoftDynamics_MktCompleteAnchorSolution (1.122.2010.408);MicrosoftDynamics_MktCompleteAnchorSolution (1.122.2010.510)","False","","","Dependency reported by the Dataverse solution export.","Foundation and shared configuration","None","Investigate","External dependency must be validated for necessity, licensing, and target availability.","Required","Not required","True"
"MissingDependency","msdyncrm_emailid","Source email (outbound marketing)","Other/Solution.xml","{1fed44d1-ae68-4a41-bd2b-f13acac4acfa}","MicrosoftDynamics_Marketing (1.122.2010.0);MicrosoftDynamics_MktCompleteAnchorSolution (1.122.2010.408);MicrosoftDynamics_MktCompleteAnchorSolution (1.122.2010.510)","False","","","Dependency reported by the Dataverse solution export.","Foundation and shared configuration","None","Investigate","External dependency must be validated for necessity, licensing, and target availability.","Required","Not required","True"
"MissingDependency","msdyncrm_insights_placeholder","Insights","Other/Solution.xml","{1fed44d1-ae68-4a41-bd2b-f13acac4acfa}","MicrosoftDynamics_Marketing (1.122.2010.0);MicrosoftDynamics_MktCompleteAnchorSolution (1.122.2010.408);MicrosoftDynamics_MktCompleteAnchorSolution (1.122.2010.510)","False","","","Dependency reported by the Dataverse solution export.","Foundation and shared configuration","None","Investigate","External dependency must be validated for necessity, licensing, and target availability.","Required","Not required","True"
"MissingDependency","msdyncrm_MarketingCjoFirst.CrmWebResource","msdyncrm_MarketingCjoFirst.CrmWebResource","Other/Solution.xml","{1fed44d1-ae68-4a41-bd2b-f13acac4acfa}","MicrosoftDynamics_Marketing (1.122.2010.0);MicrosoftDynamics_MktCompleteAnchorSolution (1.122.2010.408);MicrosoftDynamics_MktCompleteAnchorSolution (1.122.2010.510)","False","","","Dependency reported by the Dataverse solution export.","Foundation and shared configuration","None","Investigate","External dependency must be validated for necessity, licensing, and target availability.","Required","Not required","True"
"MissingDependency","msdyncrm_marketingformid","Source form (outbound marketing)","Other/Solution.xml","{1fed44d1-ae68-4a41-bd2b-f13acac4acfa}","MicrosoftDynamics_Marketing (1.122.2010.0);MicrosoftDynamics_MktCompleteAnchorSolution (1.122.2010.408);MicrosoftDynamics_MktCompleteAnchorSolution (1.122.2010.510)","False","","","Dependency reported by the Dataverse solution export.","Foundation and shared configuration","None","Investigate","External dependency must be validated for necessity, licensing, and target availability.","Required","Not required","True"
"MissingDependency","msdyncrm_marketingpageid","Source landing page (outbound marketing)","Other/Solution.xml","{1fed44d1-ae68-4a41-bd2b-f13acac4acfa}","MicrosoftDynamics_Marketing (1.122.2010.0);MicrosoftDynamics_MktCompleteAnchorSolution (1.122.2010.408);MicrosoftDynamics_MktCompleteAnchorSolution (1.122.2010.510)","False","","","Dependency reported by the Dataverse solution export.","Foundation and shared configuration","None","Investigate","External dependency must be validated for necessity, licensing, and target availability.","Required","Not required","True"
"MissingDependency","msdyncrm_msdyncrm_customerjourney_contact_customerjourneyid","msdyncrm_msdyncrm_customerjourney_contact_customerjourneyid","Other/Solution.xml","{1fed44d1-ae68-4a41-bd2b-f13acac4acfa}","MicrosoftDynamics_Marketing (1.122.2010.0);MicrosoftDynamics_MktCompleteAnchorSolution (1.122.2010.408);MicrosoftDynamics_MktCompleteAnchorSolution (1.122.2010.510)","False","","","Dependency reported by the Dataverse solution export.","Foundation and shared configuration","None","Investigate","External dependency must be validated for necessity, licensing, and target availability.","Required","Not required","True"
"MissingDependency","msdyncrm_msdyncrm_marketingemail_contact_emailid","msdyncrm_msdyncrm_marketingemail_contact_emailid","Other/Solution.xml","{1fed44d1-ae68-4a41-bd2b-f13acac4acfa}","MicrosoftDynamics_Marketing (1.122.2010.0);MicrosoftDynamics_MktCompleteAnchorSolution (1.122.2010.408);MicrosoftDynamics_MktCompleteAnchorSolution (1.122.2010.510)","False","","","Dependency reported by the Dataverse solution export.","Foundation and shared configuration","None","Investigate","External dependency must be validated for necessity, licensing, and target availability.","Required","Not required","True"
"MissingDependency","msdyncrm_msdyncrm_marketingform_contact_marketingformid","msdyncrm_msdyncrm_marketingform_contact_marketingformid","Other/Solution.xml","{1fed44d1-ae68-4a41-bd2b-f13acac4acfa}","MicrosoftDynamics_Marketing (1.122.2010.0);MicrosoftDynamics_MktCompleteAnchorSolution (1.122.2010.408);MicrosoftDynamics_MktCompleteAnchorSolution (1.122.2010.510)","False","","","Dependency reported by the Dataverse solution export.","Foundation and shared configuration","None","Investigate","External dependency must be validated for necessity, licensing, and target availability.","Required","Not required","True"
"MissingDependency","msdyncrm_msdyncrm_marketingpage_contact_marketingpageid","msdyncrm_msdyncrm_marketingpage_contact_marketingpageid","Other/Solution.xml","{1fed44d1-ae68-4a41-bd2b-f13acac4acfa}","MicrosoftDynamics_Marketing (1.122.2010.0);MicrosoftDynamics_MktCompleteAnchorSolution (1.122.2010.408);MicrosoftDynamics_MktCompleteAnchorSolution (1.122.2010.510)","False","","","Dependency reported by the Dataverse solution export.","Foundation and shared configuration","None","Investigate","External dependency must be validated for necessity, licensing, and target availability.","Required","Not required","True"
"MissingDependency","msdyncrm_rememberme","Remember me","Other/Solution.xml","{1fed44d1-ae68-4a41-bd2b-f13acac4acfa}","MicrosoftDynamics_Marketing (1.122.2010.0);MicrosoftDynamics_MktCompleteAnchorSolution (1.122.2010.408);MicrosoftDynamics_MktCompleteAnchorSolution (1.122.2010.510)","False","","","Dependency reported by the Dataverse solution export.","Foundation and shared configuration","None","Investigate","External dependency must be validated for necessity, licensing, and target availability.","Required","Not required","True"
"MissingDependency","msdynmkt_Consent.CrmWebResources","msdynmkt_Consent.CrmWebResources","Other/Solution.xml","{1fed44d1-ae68-4a41-bd2b-f13acac4acfa}","DynamicsMKT_AnchorSolution (1.2.1258.89);DynamicsMKT_AnchorSolution (1.2.437.94);DynamicsMKT_Consent (1.2.1258.87);DynamicsMKT_CxpSalesAnchorSolution (1.2.1258.46)","False","","","Dependency reported by the Dataverse solution export.","Foundation and shared configuration","None","Investigate","External dependency must be validated for necessity, licensing, and target availability.","Required","Not required","True"
"MissingDependency","msdynmkt_customerjourneyid","Source customer journey","Other/Solution.xml","{1fed44d1-ae68-4a41-bd2b-f13acac4acfa}","DynamicsMKT_AnchorSolution (1.2.1258.89);DynamicsMKT_AnchorSolution (1.2.437.94);DynamicsMKT_Forms (1.2.1258.87)","False","","","Dependency reported by the Dataverse solution export.","Foundation and shared configuration","None","Investigate","External dependency must be validated for necessity, licensing, and target availability.","Required","Not required","True"
"MissingDependency","msdynmkt_CxpFormEditorHandlers.WebResource","msdynmkt_CxpFormEditorHandlers.WebResource","Other/Solution.xml","{1fed44d1-ae68-4a41-bd2b-f13acac4acfa}","DynamicsMKT_AnchorSolution (1.2.1258.89);DynamicsMKT_AnchorSolution (1.2.437.94);DynamicsMKT_Forms (1.2.1258.87)","False","","","Dependency reported by the Dataverse solution export.","Foundation and shared configuration","None","Investigate","External dependency must be validated for necessity, licensing, and target availability.","Required","Not required","True"
"MissingDependency","msdynmkt_DynamicsMktOrchestrationAnalyaticsUIHandlers","msdynmkt_DynamicsMktOrchestrationAnalyaticsUIHandlers","Other/Solution.xml","{1fed44d1-ae68-4a41-bd2b-f13acac4acfa}","DynamicsMKT_AnchorSolution (1.2.1258.89);DynamicsMKT_AnchorSolution (1.2.437.94);DynamicsMKT_OrchestrationAnalytics (1.2.1258.87)","False","","","Dependency reported by the Dataverse solution export.","Foundation and shared configuration","None","Investigate","External dependency must be validated for necessity, licensing, and target availability.","Required","Not required","True"
"MissingDependency","msdynmkt_emailid","Source email","Other/Solution.xml","{1fed44d1-ae68-4a41-bd2b-f13acac4acfa}","DynamicsMKT_AnchorSolution (1.2.1258.89);DynamicsMKT_AnchorSolution (1.2.437.94);DynamicsMKT_Forms (1.2.1258.87)","False","","","Dependency reported by the Dataverse solution export.","Foundation and shared configuration","None","Investigate","External dependency must be validated for necessity, licensing, and target availability.","Required","Not required","True"
"MissingDependency","msdynmkt_marketingformid","Source form","Other/Solution.xml","{1fed44d1-ae68-4a41-bd2b-f13acac4acfa}","DynamicsMKT_AnchorSolution (1.2.1258.89);DynamicsMKT_AnchorSolution (1.2.437.94);DynamicsMKT_Forms (1.2.1258.87)","False","","","Dependency reported by the Dataverse solution export.","Foundation and shared configuration","None","Investigate","External dependency must be validated for necessity, licensing, and target availability.","Required","Not required","True"
"MissingDependency","msdynmkt_msdynmkt_email_contact_emailid","msdynmkt_msdynmkt_email_contact_emailid","Other/Solution.xml","{1fed44d1-ae68-4a41-bd2b-f13acac4acfa}","DynamicsMKT_AnchorSolution (1.2.1258.89);DynamicsMKT_AnchorSolution (1.2.437.94);DynamicsMKT_Forms (1.2.1258.87)","False","","","Dependency reported by the Dataverse solution export.","Foundation and shared configuration","None","Investigate","External dependency must be validated for necessity, licensing, and target availability.","Required","Not required","True"
"MissingDependency","msdynmkt_msdynmkt_journey_contact_customerjourneyid","msdynmkt_msdynmkt_journey_contact_customerjourneyid","Other/Solution.xml","{1fed44d1-ae68-4a41-bd2b-f13acac4acfa}","DynamicsMKT_AnchorSolution (1.2.1258.89);DynamicsMKT_AnchorSolution (1.2.437.94);DynamicsMKT_Forms (1.2.1258.87)","False","","","Dependency reported by the Dataverse solution export.","Foundation and shared configuration","None","Investigate","External dependency must be validated for necessity, licensing, and target availability.","Required","Not required","True"
"MissingDependency","msdynmkt_msdynmkt_marketingform_contact_marketingformid","msdynmkt_msdynmkt_marketingform_contact_marketingformid","Other/Solution.xml","{1fed44d1-ae68-4a41-bd2b-f13acac4acfa}","DynamicsMKT_AnchorSolution (1.2.1258.89);DynamicsMKT_AnchorSolution (1.2.437.94);DynamicsMKT_Forms (1.2.1258.87)","False","","","Dependency reported by the Dataverse solution export.","Foundation and shared configuration","None","Investigate","External dependency must be validated for necessity, licensing, and target availability.","Required","Not required","True"
"MissingDependency","MsdynmktControls.TabbableInsightsControl.TabbableInsightsControl","MsdynmktControls.TabbableInsightsControl.TabbableInsightsControl","Other/Solution.xml","{1fed44d1-ae68-4a41-bd2b-f13acac4acfa}","DynamicsMKT_AnalyticsUx (1.2.1258.87);DynamicsMKT_AnchorSolution (1.2.1258.89);DynamicsMKT_AnchorSolution (1.2.437.94);DynamicsMKT_CxpSalesAnchorSolution (1.2.1258.46)","False","","","Dependency reported by the Dataverse solution export.","Foundation and shared configuration","None","Investigate","External dependency must be validated for necessity, licensing, and target availability.","Required","Not required","True"
"MissingDependency","msevtmgt_attendeepass","Attendee Pass","Other/Solution.xml","{1fed44d1-ae68-4a41-bd2b-f13acac4acfa}","DynamicsMKT_AnchorSolution (1.2.1258.89);DynamicsMKT_AnchorSolution (1.2.437.94);MicrosoftDynamics_EventManagement (1.52.2104.96);MicrosoftDynamics_MktCompleteAnchorSolution (1.122.2010.408);MicrosoftDynamics_MktCompleteAnchorSolution (1.122.2010.510)","False","","","Dependency reported by the Dataverse solution export.","Foundation and shared configuration","None","Investigate","External dependency must be validated for necessity, licensing, and target availability.","Required","Not required","True"
"MissingDependency","msevtmgt_checkin","Check-in","Other/Solution.xml","{1fed44d1-ae68-4a41-bd2b-f13acac4acfa}","DynamicsMKT_AnchorSolution (1.2.1258.89);DynamicsMKT_AnchorSolution (1.2.437.94);MicrosoftDynamics_EventManagement (1.52.2104.96);MicrosoftDynamics_MktCompleteAnchorSolution (1.122.2010.408);MicrosoftDynamics_MktCompleteAnchorSolution (1.122.2010.510)","False","","","Dependency reported by the Dataverse solution export.","Foundation and shared configuration","None","Investigate","External dependency must be validated for necessity, licensing, and target availability.","Required","Not required","True"
"MissingDependency","msevtmgt_contact_msevtmgt_attendeepass_contact","msevtmgt_contact_msevtmgt_attendeepass_contact","Other/Solution.xml","{1fed44d1-ae68-4a41-bd2b-f13acac4acfa}","DynamicsMKT_AnchorSolution (1.2.1258.89);DynamicsMKT_AnchorSolution (1.2.437.94);MicrosoftDynamics_EventManagement (1.52.2104.96);MicrosoftDynamics_MktCompleteAnchorSolution (1.122.2010.408);MicrosoftDynamics_MktCompleteAnchorSolution (1.122.2010.510)","False","","","Dependency reported by the Dataverse solution export.","Foundation and shared configuration","None","Investigate","External dependency must be validated for necessity, licensing, and target availability.","Required","Not required","True"
"MissingDependency","msevtmgt_contact_msevtmgt_checkin_Contact","msevtmgt_contact_msevtmgt_checkin_Contact","Other/Solution.xml","{1fed44d1-ae68-4a41-bd2b-f13acac4acfa}","DynamicsMKT_AnchorSolution (1.2.1258.89);DynamicsMKT_AnchorSolution (1.2.437.94);MicrosoftDynamics_EventManagement (1.52.2104.96);MicrosoftDynamics_MktCompleteAnchorSolution (1.122.2010.408);MicrosoftDynamics_MktCompleteAnchorSolution (1.122.2010.510)","False","","","Dependency reported by the Dataverse solution export.","Foundation and shared configuration","None","Investigate","External dependency must be validated for necessity, licensing, and target availability.","Required","Not required","True"
"MissingDependency","msevtmgt_contact_msevtmgt_eventregistration_Contact","msevtmgt_contact_msevtmgt_eventregistration_Contact","Other/Solution.xml","{1fed44d1-ae68-4a41-bd2b-f13acac4acfa}","DynamicsMKT_AnchorSolution (1.2.1258.89);DynamicsMKT_AnchorSolution (1.2.437.94);MicrosoftDynamics_EventManagement (1.52.2104.96);MicrosoftDynamics_MktCompleteAnchorSolution (1.122.2010.408);MicrosoftDynamics_MktCompleteAnchorSolution (1.122.2010.510)","False","","","Dependency reported by the Dataverse solution export.","Foundation and shared configuration","None","Investigate","External dependency must be validated for necessity, licensing, and target availability.","Required","Not required","True"
"MissingDependency","msevtmgt_contact_msevtmgt_sessionregistration_contactid","msevtmgt_contact_msevtmgt_sessionregistration_contactid","Other/Solution.xml","{1fed44d1-ae68-4a41-bd2b-f13acac4acfa}","DynamicsMKT_AnchorSolution (1.2.1258.89);DynamicsMKT_AnchorSolution (1.2.437.94);MicrosoftDynamics_EventManagement (1.52.2104.96);MicrosoftDynamics_MktCompleteAnchorSolution (1.122.2010.408);MicrosoftDynamics_MktCompleteAnchorSolution (1.122.2010.510)","False","","","Dependency reported by the Dataverse solution export.","Foundation and shared configuration","None","Investigate","External dependency must be validated for necessity, licensing, and target availability.","Required","Not required","True"
"MissingDependency","msevtmgt_es6_promise.min.js","msevtmgt_es6_promise.min.js","Other/Solution.xml","{1fed44d1-ae68-4a41-bd2b-f13acac4acfa}","DynamicsMKT_AnchorSolution (1.2.1258.89);DynamicsMKT_AnchorSolution (1.2.437.94);MicrosoftDynamics_EventManagement (1.52.2104.96);MicrosoftDynamics_MktCompleteAnchorSolution (1.122.2010.408);MicrosoftDynamics_MktCompleteAnchorSolution (1.122.2010.510)","False","","","Dependency reported by the Dataverse solution export.","Foundation and shared configuration","None","Investigate","External dependency must be validated for necessity, licensing, and target availability.","Required","Not required","True"
"MissingDependency","msevtmgt_EventMgmt.CrmWebResource","msevtmgt_EventMgmt.CrmWebResource","Other/Solution.xml","{1fed44d1-ae68-4a41-bd2b-f13acac4acfa}","DynamicsMKT_AnchorSolution (1.2.1258.89);DynamicsMKT_AnchorSolution (1.2.437.94);MicrosoftDynamics_EventManagement (1.52.2104.96);MicrosoftDynamics_MktCompleteAnchorSolution (1.122.2010.408);MicrosoftDynamics_MktCompleteAnchorSolution (1.122.2010.510)","False","","","Dependency reported by the Dataverse solution export.","Foundation and shared configuration","None","Investigate","External dependency must be validated for necessity, licensing, and target availability.","Required","Not required","True"
"MissingDependency","msevtmgt_eventregistration","Event Registration","Other/Solution.xml","{1fed44d1-ae68-4a41-bd2b-f13acac4acfa}","DynamicsMKT_AnchorSolution (1.2.1258.89);DynamicsMKT_AnchorSolution (1.2.437.94);MicrosoftDynamics_EventManagement (1.52.2104.96);MicrosoftDynamics_MktCompleteAnchorSolution (1.122.2010.408);MicrosoftDynamics_MktCompleteAnchorSolution (1.122.2010.510)","False","","","Dependency reported by the Dataverse solution export.","Foundation and shared configuration","None","Investigate","External dependency must be validated for necessity, licensing, and target availability.","Required","Not required","True"
"MissingDependency","msevtmgt_msevtmgt_event_contact_originatingeventid","msevtmgt_msevtmgt_event_contact_originatingeventid","Other/Solution.xml","{1fed44d1-ae68-4a41-bd2b-f13acac4acfa}","DynamicsMKT_AnchorSolution (1.2.1258.89);DynamicsMKT_AnchorSolution (1.2.437.94);MicrosoftDynamics_EventManagement (1.52.2104.96);MicrosoftDynamics_MktCompleteAnchorSolution (1.122.2010.408);MicrosoftDynamics_MktCompleteAnchorSolution (1.122.2010.510)","False","","","Dependency reported by the Dataverse solution export.","Foundation and shared configuration","None","Investigate","External dependency must be validated for necessity, licensing, and target availability.","Required","Not required","True"
"MissingDependency","msevtmgt_originatingeventid","Originating event","Other/Solution.xml","{1fed44d1-ae68-4a41-bd2b-f13acac4acfa}","DynamicsMKT_AnchorSolution (1.2.1258.89);DynamicsMKT_AnchorSolution (1.2.437.94);MicrosoftDynamics_EventManagement (1.52.2104.96);MicrosoftDynamics_MktCompleteAnchorSolution (1.122.2010.408);MicrosoftDynamics_MktCompleteAnchorSolution (1.122.2010.510)","False","","","Dependency reported by the Dataverse solution export.","Foundation and shared configuration","None","Investigate","External dependency must be validated for necessity, licensing, and target availability.","Required","Not required","True"
"MissingDependency","msevtmgt_sessionregistration","Session Registration","Other/Solution.xml","{1fed44d1-ae68-4a41-bd2b-f13acac4acfa}","DynamicsMKT_AnchorSolution (1.2.1258.89);DynamicsMKT_AnchorSolution (1.2.437.94);MicrosoftDynamics_EventManagement (1.52.2104.96);MicrosoftDynamics_MktCompleteAnchorSolution (1.122.2010.408);MicrosoftDynamics_MktCompleteAnchorSolution (1.122.2010.510)","False","","","Dependency reported by the Dataverse solution export.","Foundation and shared configuration","None","Investigate","External dependency must be validated for necessity, licensing, and target availability.","Required","Not required","True"
"MissingDependency","msgdpr_contact_msgdpr_gdprparent","msgdpr_contact_msgdpr_gdprparent","Other/Solution.xml","{1fed44d1-ae68-4a41-bd2b-f13acac4acfa}","MicrosoftDynamics_MktCompleteAnchorSolution (1.122.2010.408);MicrosoftDynamics_MktCompleteAnchorSolution (1.122.2010.510);MicrosoftDynamics_MktConsentManagement (1.122.2010.0)","False","","","Dependency reported by the Dataverse solution export.","Foundation and shared configuration","None","Investigate","External dependency must be validated for necessity, licensing, and target availability.","Required","Not required","True"
"MissingDependency","msgdpr_donottrack","Do not track","Other/Solution.xml","{1fed44d1-ae68-4a41-bd2b-f13acac4acfa}","MicrosoftDynamics_MktCompleteAnchorSolution (1.122.2010.408);MicrosoftDynamics_MktCompleteAnchorSolution (1.122.2010.510);MicrosoftDynamics_MktConsentManagement (1.122.2010.0)","False","","","Dependency reported by the Dataverse solution export.","Foundation and shared configuration","None","Investigate","External dependency must be validated for necessity, licensing, and target availability.","Required","Not required","True"
"MissingDependency","msgdpr_gdprconsent","Consent given","Other/Solution.xml","{1fed44d1-ae68-4a41-bd2b-f13acac4acfa}","MicrosoftDynamics_MktCompleteAnchorSolution (1.122.2010.408);MicrosoftDynamics_MktCompleteAnchorSolution (1.122.2010.510);MicrosoftDynamics_MktConsentManagement (1.122.2010.0)","False","","","Dependency reported by the Dataverse solution export.","Foundation and shared configuration","None","Investigate","External dependency must be validated for necessity, licensing, and target availability.","Required","Not required","True"
"MissingDependency","msgdpr_gdprischild","GDPR is child","Other/Solution.xml","{1fed44d1-ae68-4a41-bd2b-f13acac4acfa}","MicrosoftDynamics_MktCompleteAnchorSolution (1.122.2010.408);MicrosoftDynamics_MktCompleteAnchorSolution (1.122.2010.510);MicrosoftDynamics_MktConsentManagement (1.122.2010.0)","False","","","Dependency reported by the Dataverse solution export.","Foundation and shared configuration","None","Investigate","External dependency must be validated for necessity, licensing, and target availability.","Required","Not required","True"
"MissingDependency","msgdpr_gdprparentid","Parent or custodian","Other/Solution.xml","{1fed44d1-ae68-4a41-bd2b-f13acac4acfa}","MicrosoftDynamics_MktCompleteAnchorSolution (1.122.2010.408);MicrosoftDynamics_MktCompleteAnchorSolution (1.122.2010.510);MicrosoftDynamics_MktConsentManagement (1.122.2010.0)","False","","","Dependency reported by the Dataverse solution export.","Foundation and shared configuration","None","Investigate","External dependency must be validated for necessity, licensing, and target availability.","Required","Not required","True"
"MissingDependency","opportunity","Opportunity","Other/Solution.xml","{1fed44d1-ae68-4a41-bd2b-f13acac4acfa}","msdynce_Sales (9.0.4.0076);msdynce_SalesAnchor (9.0.26071.10006)","False","","","Dependency reported by the Dataverse solution export.","Foundation and shared configuration","None","Investigate","External dependency must be validated for necessity, licensing, and target availability.","Required","Not required","True"
"MissingDependency","originatingleadid","Originating Lead","Other/Solution.xml","{1fed44d1-ae68-4a41-bd2b-f13acac4acfa}","msdynce_LeadManagement (9.0.4.0066);msdynce_LeadManagementAnchor (9.0.26034.10001)","False","","","Dependency reported by the Dataverse solution export.","Foundation and shared configuration","None","Investigate","External dependency must be validated for necessity, licensing, and target availability.","Required","Not required","True"
"MissingDependency","Registrierungsdatensätze nach Unternehmensgröße","Registrierungsdatensätze nach Unternehmensgröße","Other/Solution.xml","{1fed44d1-ae68-4a41-bd2b-f13acac4acfa}","DynamicsMKT_AnchorSolution (1.2.1258.89);DynamicsMKT_AnchorSolution (1.2.437.94);MicrosoftDynamics_EventManagement (1.52.2104.96);MicrosoftDynamics_MktCompleteAnchorSolution (1.122.2010.408);MicrosoftDynamics_MktCompleteAnchorSolution (1.122.2010.510)","False","","","Dependency reported by the Dataverse solution export.","Foundation and shared configuration","None","Investigate","External dependency must be validated for necessity, licensing, and target availability.","Required","Not required","True"
"MissingDependency","Übergeordnete Ereignisse von Ereignis-Check-Ins","Übergeordnete Ereignisse von Ereignis-Check-Ins","Other/Solution.xml","{1fed44d1-ae68-4a41-bd2b-f13acac4acfa}","DynamicsMKT_AnchorSolution (1.2.1258.89);DynamicsMKT_AnchorSolution (1.2.437.94);MicrosoftDynamics_EventManagement (1.52.2104.96);MicrosoftDynamics_MktCompleteAnchorSolution (1.122.2010.408);MicrosoftDynamics_MktCompleteAnchorSolution (1.122.2010.510)","False","","","Dependency reported by the Dataverse solution export.","Foundation and shared configuration","None","Investigate","External dependency must be validated for necessity, licensing, and target availability.","Required","Not required","True"
"MissingDependency","Übergeordnete Ereignisse von Ereignisregistrierungen","Übergeordnete Ereignisse von Ereignisregistrierungen","Other/Solution.xml","{1fed44d1-ae68-4a41-bd2b-f13acac4acfa}","DynamicsMKT_AnchorSolution (1.2.1258.89);DynamicsMKT_AnchorSolution (1.2.437.94);MicrosoftDynamics_EventManagement (1.52.2104.96);MicrosoftDynamics_MktCompleteAnchorSolution (1.122.2010.408);MicrosoftDynamics_MktCompleteAnchorSolution (1.122.2010.510)","False","","","Dependency reported by the Dataverse solution export.","Foundation and shared configuration","None","Investigate","External dependency must be validated for necessity, licensing, and target availability.","Required","Not required","True"
"MissingDependency","Übergeordnete Ereignisse von Sitzungs-Check-Ins","Übergeordnete Ereignisse von Sitzungs-Check-Ins","Other/Solution.xml","{1fed44d1-ae68-4a41-bd2b-f13acac4acfa}","DynamicsMKT_AnchorSolution (1.2.1258.89);DynamicsMKT_AnchorSolution (1.2.437.94);MicrosoftDynamics_EventManagement (1.52.2104.96);MicrosoftDynamics_MktCompleteAnchorSolution (1.122.2010.408);MicrosoftDynamics_MktCompleteAnchorSolution (1.122.2010.510)","False","","","Dependency reported by the Dataverse solution export.","Foundation and shared configuration","None","Investigate","External dependency must be validated for necessity, licensing, and target availability.","Required","Not required","True"
"MissingDependency","Übergeordnete Ereignisse von Sitzungsregistrierungen","Übergeordnete Ereignisse von Sitzungsregistrierungen","Other/Solution.xml","{1fed44d1-ae68-4a41-bd2b-f13acac4acfa}","DynamicsMKT_AnchorSolution (1.2.1258.89);DynamicsMKT_AnchorSolution (1.2.437.94);MicrosoftDynamics_EventManagement (1.52.2104.96);MicrosoftDynamics_MktCompleteAnchorSolution (1.122.2010.408);MicrosoftDynamics_MktCompleteAnchorSolution (1.122.2010.510)","False","","","Dependency reported by the Dataverse solution export.","Foundation and shared configuration","None","Investigate","External dependency must be validated for necessity, licensing, and target availability.","Required","Not required","True"
"MissingDependency","cr7e8_name","Household Name","Other/Solution.xml","{28bb9d20-137b-4f6c-b5ea-9c1f10179c8f}","Active","False","","","Dependency reported by the Dataverse solution export.","Foundation and shared configuration","None","Investigate","External dependency must be validated for necessity, licensing, and target availability.","Required","Not required","True"
"MissingDependency","ownerid","Owner","Other/Solution.xml","{28bb9d20-137b-4f6c-b5ea-9c1f10179c8f}","Active","False","","","Dependency reported by the Dataverse solution export.","Foundation and shared configuration","None","Investigate","External dependency must be validated for necessity, licensing, and target availability.","Required","Not required","True"
"MissingDependency","{19b14c51-3d43-4d56-ab34-49c540bf468c}","Abschließen bis SLA","Other/Solution.xml","{4a63c8d1-6c1e-48ec-9db4-3e6c7155334c}","msdynce_ServiceLevelAgreement (9.0.26064.1003);msdynce_ServiceLevelAgreementAnchor (9.0.26064.1003)","False","","","Dependency reported by the Dataverse solution export.","Foundation and shared configuration","None","Investigate","External dependency must be validated for necessity, licensing, and target availability.","Required","Not required","True"
"MissingDependency","{4a63c8d1-6c1e-48ec-9db4-3e6c7155334c}","Case","Other/Solution.xml","{4a63c8d1-6c1e-48ec-9db4-3e6c7155334c}","msdynce_Service (9.0.5.56);msdynce_ServiceAnchor (9.0.26064.1006)","False","","","Dependency reported by the Dataverse solution export.","Foundation and shared configuration","None","Investigate","External dependency must be validated for necessity, licensing, and target availability.","Required","Not required","True"
"MissingDependency","{707fc57b-c5e6-471b-a180-e37ed28a38e2}","Kontaktkarte","Other/Solution.xml","{4a63c8d1-6c1e-48ec-9db4-3e6c7155334c}","msdynce_AppCommon (9.0.4.0066);msdynce_AppCommonAnchor (9.0.26034.10001)","False","","","Dependency reported by the Dataverse solution export.","Foundation and shared configuration","None","Investigate","External dependency must be validated for necessity, licensing, and target availability.","Required","Not required","True"
"MissingDependency","{b028db32-3619-48a5-ac51-cf3f947b0ef3}","Kontokarte","Other/Solution.xml","{4a63c8d1-6c1e-48ec-9db4-3e6c7155334c}","msdynce_AppCommon (9.0.4.0066);msdynce_AppCommonAnchor (9.0.26034.10001)","False","","","Dependency reported by the Dataverse solution export.","Foundation and shared configuration","None","Investigate","External dependency must be validated for necessity, licensing, and target availability.","Required","Not required","True"
"MissingDependency","{ede9dac3-e143-4be4-acc8-237309e31210}","SLA für erste Antwort","Other/Solution.xml","{4a63c8d1-6c1e-48ec-9db4-3e6c7155334c}","msdynce_ServiceLevelAgreement (9.0.26064.1003);msdynce_ServiceLevelAgreementAnchor (9.0.26064.1003)","False","","","Dependency reported by the Dataverse solution export.","Foundation and shared configuration","None","Investigate","External dependency must be validated for necessity, licensing, and target availability.","Required","Not required","True"
"MissingDependency","adx_publishtoweb","Publish to Web","Other/Solution.xml","{4a63c8d1-6c1e-48ec-9db4-3e6c7155334c}","CustomerService_V2 (9.3.2512.0);PowerPages_PartnerPortal_V2 (9.4.2607.263)","False","","","Dependency reported by the Dataverse solution export.","Foundation and shared configuration","None","Investigate","External dependency must be validated for necessity, licensing, and target availability.","Required","Not required","True"
"MissingDependency","adx_resolution","Resolution","Other/Solution.xml","{4a63c8d1-6c1e-48ec-9db4-3e6c7155334c}","CustomerService_V2 (9.3.2512.0);PowerPages_PartnerPortal_V2 (9.4.2607.263)","False","","","Dependency reported by the Dataverse solution export.","Foundation and shared configuration","None","Investigate","External dependency must be validated for necessity, licensing, and target availability.","Required","Not required","True"
"MissingDependency","adx_resolutiondate","Resolution Date","Other/Solution.xml","{4a63c8d1-6c1e-48ec-9db4-3e6c7155334c}","CustomerService_V2 (9.3.2512.0);PowerPages_PartnerPortal_V2 (9.4.2607.263)","False","","","Dependency reported by the Dataverse solution export.","Foundation and shared configuration","None","Investigate","External dependency must be validated for necessity, licensing, and target availability.","Required","Not required","True"
"MissingDependency","adx_stepstoreproduce","Steps to Reproduce","Other/Solution.xml","{4a63c8d1-6c1e-48ec-9db4-3e6c7155334c}","CustomerService_V2 (9.3.2512.0);PowerPages_PartnerPortal_V2 (9.4.2607.263)","False","","","Dependency reported by the Dataverse solution export.","Foundation and shared configuration","None","Investigate","External dependency must be validated for necessity, licensing, and target availability.","Required","Not required","True"
"MissingDependency","Aktive Verträge","Aktive Verträge","Other/Solution.xml","{4a63c8d1-6c1e-48ec-9db4-3e6c7155334c}","msdynce_Service (9.0.5.56);msdynce_ServiceAnchor (9.0.26064.1006)","False","","","Dependency reported by the Dataverse solution export.","Foundation and shared configuration","None","Investigate","External dependency must be validated for necessity, licensing, and target availability.","Required","Not required","True"
"MissingDependency","blockedprofile","Blocked Profile","Other/Solution.xml","{4a63c8d1-6c1e-48ec-9db4-3e6c7155334c}","msdynce_Service (9.0.5.56);msdynce_ServiceAnchor (9.0.26064.1006)","False","","","Dependency reported by the Dataverse solution export.","Foundation and shared configuration","None","Investigate","External dependency must be validated for necessity, licensing, and target availability.","Required","Not required","True"
"MissingDependency","caseorigincode","Origin","Other/Solution.xml","{4a63c8d1-6c1e-48ec-9db4-3e6c7155334c}","msdynce_Service (9.0.5.56);msdynce_ServiceAnchor (9.0.26064.1006)","False","","","Dependency reported by the Dataverse solution export.","Foundation and shared configuration","None","Investigate","External dependency must be validated for necessity, licensing, and target availability.","Required","Not required","True"
"MissingDependency","casetypecode","Case Type","Other/Solution.xml","{4a63c8d1-6c1e-48ec-9db4-3e6c7155334c}","msdynce_Service (9.0.5.56);msdynce_ServiceAnchor (9.0.26064.1006)","False","","","Dependency reported by the Dataverse solution export.","Foundation and shared configuration","None","Investigate","External dependency must be validated for necessity, licensing, and target availability.","Required","Not required","True"
"MissingDependency","contract","Contract","Other/Solution.xml","{4a63c8d1-6c1e-48ec-9db4-3e6c7155334c}","msdynce_Service (9.0.5.56);msdynce_ServiceAnchor (9.0.26064.1006)","False","","","Dependency reported by the Dataverse solution export.","Foundation and shared configuration","None","Investigate","External dependency must be validated for necessity, licensing, and target availability.","Required","Not required","True"
"MissingDependency","contractdetailid","Contract Line","Other/Solution.xml","{4a63c8d1-6c1e-48ec-9db4-3e6c7155334c}","msdynce_Service (9.0.5.56);msdynce_ServiceAnchor (9.0.26064.1006)","False","","","Dependency reported by the Dataverse solution export.","Foundation and shared configuration","None","Investigate","External dependency must be validated for necessity, licensing, and target availability.","Required","Not required","True"
"MissingDependency","contractid","Contract","Other/Solution.xml","{4a63c8d1-6c1e-48ec-9db4-3e6c7155334c}","msdynce_Service (9.0.5.56);msdynce_ServiceAnchor (9.0.26064.1006)","False","","","Dependency reported by the Dataverse solution export.","Foundation and shared configuration","None","Investigate","External dependency must be validated for necessity, licensing, and target availability.","Required","Not required","True"
"MissingDependency","contractservicelevelcode","Service Level","Other/Solution.xml","{4a63c8d1-6c1e-48ec-9db4-3e6c7155334c}","msdynce_Service (9.0.5.56);msdynce_ServiceAnchor (9.0.26064.1006)","False","","","Dependency reported by the Dataverse solution export.","Foundation and shared configuration","None","Investigate","External dependency must be validated for necessity, licensing, and target availability.","Required","Not required","True"
"MissingDependency","createdon","Created On","Other/Solution.xml","{4a63c8d1-6c1e-48ec-9db4-3e6c7155334c}","msdynce_Service (9.0.5.56);msdynce_ServiceAnchor (9.0.26064.1006)","False","","","Dependency reported by the Dataverse solution export.","Foundation and shared configuration","None","Investigate","External dependency must be validated for necessity, licensing, and target availability.","Required","Not required","True"
"MissingDependency","customerid","Customer","Other/Solution.xml","{4a63c8d1-6c1e-48ec-9db4-3e6c7155334c}","msdynce_Service (9.0.5.56);msdynce_ServiceAnchor (9.0.26064.1006)","False","","","Dependency reported by the Dataverse solution export.","Foundation and shared configuration","None","Investigate","External dependency must be validated for necessity, licensing, and target availability.","Required","Not required","True"
"MissingDependency","description","Description","Other/Solution.xml","{4a63c8d1-6c1e-48ec-9db4-3e6c7155334c}","msdynce_Service (9.0.5.56);msdynce_ServiceAnchor (9.0.26064.1006)","False","","","Dependency reported by the Dataverse solution export.","Foundation and shared configuration","None","Investigate","External dependency must be validated for necessity, licensing, and target availability.","Required","Not required","True"
"MissingDependency","entitlementid","Entitlement","Other/Solution.xml","{4a63c8d1-6c1e-48ec-9db4-3e6c7155334c}","msdynce_Service (9.0.5.56);msdynce_ServiceAnchor (9.0.26064.1006)","False","","","Dependency reported by the Dataverse solution export.","Foundation and shared configuration","None","Investigate","External dependency must be validated for necessity, licensing, and target availability.","Required","Not required","True"
"MissingDependency","escalatedon","Escalated On","Other/Solution.xml","{4a63c8d1-6c1e-48ec-9db4-3e6c7155334c}","msdynce_Service (9.0.5.56);msdynce_ServiceAnchor (9.0.26064.1006)","False","","","Dependency reported by the Dataverse solution export.","Foundation and shared configuration","None","Investigate","External dependency must be validated for necessity, licensing, and target availability.","Required","Not required","True"
"MissingDependency","firstresponsebykpiid","First Response By KPI","Other/Solution.xml","{4a63c8d1-6c1e-48ec-9db4-3e6c7155334c}","msdynce_Service (9.0.5.56);msdynce_ServiceAnchor (9.0.26064.1006)","False","","","Dependency reported by the Dataverse solution export.","Foundation and shared configuration","None","Investigate","External dependency must be validated for necessity, licensing, and target availability.","Required","Not required","True"
"MissingDependency","firstresponsesent","First Response Sent","Other/Solution.xml","{4a63c8d1-6c1e-48ec-9db4-3e6c7155334c}","msdynce_Service (9.0.5.56);msdynce_ServiceAnchor (9.0.26064.1006)","False","","","Dependency reported by the Dataverse solution export.","Foundation and shared configuration","None","Investigate","External dependency must be validated for necessity, licensing, and target availability.","Required","Not required","True"
"MissingDependency","followupby","Follow Up By","Other/Solution.xml","{4a63c8d1-6c1e-48ec-9db4-3e6c7155334c}","msdynce_Service (9.0.5.56);msdynce_ServiceAnchor (9.0.26064.1006)","False","","","Dependency reported by the Dataverse solution export.","Foundation and shared configuration","None","Investigate","External dependency must be validated for necessity, licensing, and target availability.","Required","Not required","True"
"MissingDependency","Gültige Berechtigungen für Anfragen","Gültige Berechtigungen für Anfragen","Other/Solution.xml","{4a63c8d1-6c1e-48ec-9db4-3e6c7155334c}","msdynce_Service (9.0.5.56);msdynce_ServiceAnchor (9.0.26064.1006)","False","","","Dependency reported by the Dataverse solution export.","Foundation and shared configuration","None","Investigate","External dependency must be validated for necessity, licensing, and target availability.","Required","Not required","True"
"MissingDependency","incidentid","Case","Other/Solution.xml","{4a63c8d1-6c1e-48ec-9db4-3e6c7155334c}","msdynce_Service (9.0.5.56);msdynce_ServiceAnchor (9.0.26064.1006)","False","","","Dependency reported by the Dataverse solution export.","Foundation and shared configuration","None","Investigate","External dependency must be validated for necessity, licensing, and target availability.","Required","Not required","True"
"MissingDependency","influencescore","Influence Score","Other/Solution.xml","{4a63c8d1-6c1e-48ec-9db4-3e6c7155334c}","msdynce_Service (9.0.5.56);msdynce_ServiceAnchor (9.0.26064.1006)","False","","","Dependency reported by the Dataverse solution export.","Foundation and shared configuration","None","Investigate","External dependency must be validated for necessity, licensing, and target availability.","Required","Not required","True"
"MissingDependency","isescalated","Is Escalated","Other/Solution.xml","{4a63c8d1-6c1e-48ec-9db4-3e6c7155334c}","msdynce_Service (9.0.5.56);msdynce_ServiceAnchor (9.0.26064.1006)","False","","","Dependency reported by the Dataverse solution export.","Foundation and shared configuration","None","Investigate","External dependency must be validated for necessity, licensing, and target availability.","Required","Not required","True"
"MissingDependency","kbarticleid","Knowledge Base Article","Other/Solution.xml","{4a63c8d1-6c1e-48ec-9db4-3e6c7155334c}","msdynce_Service (9.0.5.56);msdynce_ServiceAnchor (9.0.26064.1006)","False","","","Dependency reported by the Dataverse solution export.","Foundation and shared configuration","None","Investigate","External dependency must be validated for necessity, licensing, and target availability.","Required","Not required","True"
"MissingDependency","knowledgearticleincident","Knowledge Article Incident","Other/Solution.xml","{4a63c8d1-6c1e-48ec-9db4-3e6c7155334c}","msdynce_Service (9.0.5.56);msdynce_ServiceAnchor (9.0.26064.1006)","False","","","Dependency reported by the Dataverse solution export.","Foundation and shared configuration","None","Investigate","External dependency must be validated for necessity, licensing, and target availability.","Required","Not required","True"
"MissingDependency","messagetypecode","Received As","Other/Solution.xml","{4a63c8d1-6c1e-48ec-9db4-3e6c7155334c}","msdynce_Service (9.0.5.56);msdynce_ServiceAnchor (9.0.26064.1006)","False","","","Dependency reported by the Dataverse solution export.","Foundation and shared configuration","None","Investigate","External dependency must be validated for necessity, licensing, and target availability.","Required","Not required","True"
"MissingDependency","MscrmControls.CSIntelligence.CopilotCaseSummaryControl","MscrmControls.CSIntelligence.CopilotCaseSummaryControl","Other/Solution.xml","{4a63c8d1-6c1e-48ec-9db4-3e6c7155334c}","msdyn_CSIntelligence (9.2.26064.1055);msdyn_ServiceIntelligenceAnchor (9.2.26035.1075);msdyn_ServiceIntelligenceAnchor (9.2.26064.1055)","False","","","Dependency reported by the Dataverse solution export.","Foundation and shared configuration","None","Investigate","External dependency must be validated for necessity, licensing, and target availability.","Required","Not required","True"
"MissingDependency","MscrmControls.DeviceInsights.DeviceInsightsControl","MscrmControls.DeviceInsights.DeviceInsightsControl","Other/Solution.xml","{4a63c8d1-6c1e-48ec-9db4-3e6c7155334c}","FieldService_Anchor (8.8.145.42);FieldService_Anchor (8.8.147.60);IoTConnector (1.8.53.0);msdynce_ServiceAnchor (9.0.26064.1006)","False","","","Dependency reported by the Dataverse solution export.","Foundation and shared configuration","None","Investigate","External dependency must be validated for necessity, licensing, and target availability.","Required","Not required","True"
"MissingDependency","msdyn_/Case/Case.Library.js","msdyn_/Case/Case.Library.js","Other/Solution.xml","{4a63c8d1-6c1e-48ec-9db4-3e6c7155334c}","FieldService (8.8.0.88);FieldService_Anchor (8.8.145.42);FieldService_Anchor (8.8.147.60)","False","","","Dependency reported by the Dataverse solution export.","Foundation and shared configuration","None","Investigate","External dependency must be validated for necessity, licensing, and target availability.","Required","Not required","True"
"MissingDependency","msdyn_/CFS/Case/CaseForm.js","msdyn_/CFS/Case/CaseForm.js","Other/Solution.xml","{4a63c8d1-6c1e-48ec-9db4-3e6c7155334c}","ConnectedFieldService (1.8.53.0);FieldService_Anchor (8.8.145.42);FieldService_Anchor (8.8.147.60)","False","","","Dependency reported by the Dataverse solution export.","Foundation and shared configuration","None","Investigate","External dependency must be validated for necessity, licensing, and target availability.","Required","Not required","True"
"MissingDependency","msdyn_/CFS/Utils/RibbonUtils.js","msdyn_/CFS/Utils/RibbonUtils.js","Other/Solution.xml","{4a63c8d1-6c1e-48ec-9db4-3e6c7155334c}","ConnectedFieldService (1.8.53.0);FieldService_Anchor (8.8.145.42);FieldService_Anchor (8.8.147.60)","False","","","Dependency reported by the Dataverse solution export.","Foundation and shared configuration","None","Investigate","External dependency must be validated for necessity, licensing, and target availability.","Required","Not required","True"
"MissingDependency","msdyn_CopilotCaseSummaryLibrary.js","msdyn_CopilotCaseSummaryLibrary.js","Other/Solution.xml","{4a63c8d1-6c1e-48ec-9db4-3e6c7155334c}","msdyn_CSIntelligence (9.2.26064.1055);msdyn_ServiceIntelligenceAnchor (9.2.26035.1075);msdyn_ServiceIntelligenceAnchor (9.2.26064.1055)","False","","","Dependency reported by the Dataverse solution export.","Foundation and shared configuration","None","Investigate","External dependency must be validated for necessity, licensing, and target availability.","Required","Not required","True"
"MissingDependency","msdyn_functionallocation","Functional Location","Other/Solution.xml","{4a63c8d1-6c1e-48ec-9db4-3e6c7155334c}","FieldService_Anchor (8.8.147.60);msdyn_FieldService_patch_update (8.8.147.60)","False","","","Dependency reported by the Dataverse solution export.","Foundation and shared configuration","None","Investigate","External dependency must be validated for necessity, licensing, and target availability.","Required","Not required","True"
"MissingDependency","msdyn_incident_msdyn_workorder_ServiceRequest","msdyn_incident_msdyn_workorder_ServiceRequest","Other/Solution.xml","{4a63c8d1-6c1e-48ec-9db4-3e6c7155334c}","FieldService (8.8.0.88);FieldService_Anchor (8.8.145.42);FieldService_Anchor (8.8.147.60)","False","","","Dependency reported by the Dataverse solution export.","Foundation and shared configuration","None","Investigate","External dependency must be validated for necessity, licensing, and target availability.","Required","Not required","True"
"MissingDependency","msdyn_incidenttype","Incident Type","Other/Solution.xml","{4a63c8d1-6c1e-48ec-9db4-3e6c7155334c}","FieldService (8.8.0.88);FieldService_Anchor (8.8.145.42);FieldService_Anchor (8.8.147.60)","False","","","Dependency reported by the Dataverse solution export.","Foundation and shared configuration","None","Investigate","External dependency must be validated for necessity, licensing, and target availability.","Required","Not required","True"
"MissingDependency","msdyn_iotalert","IoT Alert","Other/Solution.xml","{4a63c8d1-6c1e-48ec-9db4-3e6c7155334c}","msdyn_ConnectedCustomerService (9.0.23122.1017);msdynce_ServiceAnchor (9.0.26064.1006)","False","","","Dependency reported by the Dataverse solution export.","Foundation and shared configuration","None","Investigate","External dependency must be validated for necessity, licensing, and target availability.","Required","Not required","True"
"MissingDependency","msdyn_msdyn_functionallocation_incident_FunctionalLocation","msdyn_msdyn_functionallocation_incident_FunctionalLocation","Other/Solution.xml","{4a63c8d1-6c1e-48ec-9db4-3e6c7155334c}","FieldService_Anchor (8.8.147.60);msdyn_FieldService_patch_update (8.8.147.60)","False","","","Dependency reported by the Dataverse solution export.","Foundation and shared configuration","None","Investigate","External dependency must be validated for necessity, licensing, and target availability.","Required","Not required","True"
"MissingDependency","msdyn_msdyn_incidenttype_incident_IncidentType","msdyn_msdyn_incidenttype_incident_IncidentType","Other/Solution.xml","{4a63c8d1-6c1e-48ec-9db4-3e6c7155334c}","FieldService (8.8.0.88);FieldService_Anchor (8.8.145.42);FieldService_Anchor (8.8.147.60)","False","","","Dependency reported by the Dataverse solution export.","Foundation and shared configuration","None","Investigate","External dependency must be validated for necessity, licensing, and target availability.","Required","Not required","True"
"MissingDependency","msdyn_msdyn_iotalert_incident_IoTAlert","msdyn_msdyn_iotalert_incident_IoTAlert","Other/Solution.xml","{4a63c8d1-6c1e-48ec-9db4-3e6c7155334c}","msdyn_ConnectedCustomerService (9.0.23122.1017);msdynce_ServiceAnchor (9.0.26064.1006)","False","","","Dependency reported by the Dataverse solution export.","Foundation and shared configuration","None","Investigate","External dependency must be validated for necessity, licensing, and target availability.","Required","Not required","True"
"MissingDependency","ownerid","Owner","Other/Solution.xml","{4a63c8d1-6c1e-48ec-9db4-3e6c7155334c}","msdynce_Service (9.0.5.56);msdynce_ServiceAnchor (9.0.26064.1006)","False","","","Dependency reported by the Dataverse solution export.","Foundation and shared configuration","None","Investigate","External dependency must be validated for necessity, licensing, and target availability.","Required","Not required","True"
"MissingDependency","parentcaseid","Parent Case","Other/Solution.xml","{4a63c8d1-6c1e-48ec-9db4-3e6c7155334c}","msdynce_Service (9.0.5.56);msdynce_ServiceAnchor (9.0.26064.1006)","False","","","Dependency reported by the Dataverse solution export.","Foundation and shared configuration","None","Investigate","External dependency must be validated for necessity, licensing, and target availability.","Required","Not required","True"
"MissingDependency","primarycontactid","Contact","Other/Solution.xml","{4a63c8d1-6c1e-48ec-9db4-3e6c7155334c}","msdynce_Service (9.0.5.56);msdynce_ServiceAnchor (9.0.26064.1006)","False","","","Dependency reported by the Dataverse solution export.","Foundation and shared configuration","None","Investigate","External dependency must be validated for necessity, licensing, and target availability.","Required","Not required","True"
"MissingDependency","prioritycode","Priority","Other/Solution.xml","{4a63c8d1-6c1e-48ec-9db4-3e6c7155334c}","msdynce_Service (9.0.5.56);msdynce_ServiceAnchor (9.0.26064.1006)","False","","","Dependency reported by the Dataverse solution export.","Foundation and shared configuration","None","Investigate","External dependency must be validated for necessity, licensing, and target availability.","Required","Not required","True"
"MissingDependency","productid","Product","Other/Solution.xml","{4a63c8d1-6c1e-48ec-9db4-3e6c7155334c}","msdynce_Service (9.0.5.56);msdynce_ServiceAnchor (9.0.26064.1006)","False","","","Dependency reported by the Dataverse solution export.","Foundation and shared configuration","None","Investigate","External dependency must be validated for necessity, licensing, and target availability.","Required","Not required","True"
"MissingDependency","productserialnumber","Serial Number","Other/Solution.xml","{4a63c8d1-6c1e-48ec-9db4-3e6c7155334c}","msdynce_Service (9.0.5.56);msdynce_ServiceAnchor (9.0.26064.1006)","False","","","Dependency reported by the Dataverse solution export.","Foundation and shared configuration","None","Investigate","External dependency must be validated for necessity, licensing, and target availability.","Required","Not required","True"
"MissingDependency","resolveby","Resolve By","Other/Solution.xml","{4a63c8d1-6c1e-48ec-9db4-3e6c7155334c}","msdynce_Service (9.0.5.56);msdynce_ServiceAnchor (9.0.26064.1006)","False","","","Dependency reported by the Dataverse solution export.","Foundation and shared configuration","None","Investigate","External dependency must be validated for necessity, licensing, and target availability.","Required","Not required","True"
"MissingDependency","resolvebykpiid","Resolve By KPI","Other/Solution.xml","{4a63c8d1-6c1e-48ec-9db4-3e6c7155334c}","msdynce_Service (9.0.5.56);msdynce_ServiceAnchor (9.0.26064.1006)","False","","","Dependency reported by the Dataverse solution export.","Foundation and shared configuration","None","Investigate","External dependency must be validated for necessity, licensing, and target availability.","Required","Not required","True"
"MissingDependency","responseby","First Response By","Other/Solution.xml","{4a63c8d1-6c1e-48ec-9db4-3e6c7155334c}","msdynce_Service (9.0.5.56);msdynce_ServiceAnchor (9.0.26064.1006)","False","","","Dependency reported by the Dataverse solution export.","Foundation and shared configuration","None","Investigate","External dependency must be validated for necessity, licensing, and target availability.","Required","Not required","True"
"MissingDependency","sentimentvalue","Sentiment Value","Other/Solution.xml","{4a63c8d1-6c1e-48ec-9db4-3e6c7155334c}","msdynce_Service (9.0.5.56);msdynce_ServiceAnchor (9.0.26064.1006)","False","","","Dependency reported by the Dataverse solution export.","Foundation and shared configuration","None","Investigate","External dependency must be validated for necessity, licensing, and target availability.","Required","Not required","True"
"MissingDependency","socialprofileid","Social Profile","Other/Solution.xml","{4a63c8d1-6c1e-48ec-9db4-3e6c7155334c}","msdynce_Service (9.0.5.56);msdynce_ServiceAnchor (9.0.26064.1006)","False","","","Dependency reported by the Dataverse solution export.","Foundation and shared configuration","None","Investigate","External dependency must be validated for necessity, licensing, and target availability.","Required","Not required","True"
"MissingDependency","statuscode","Status Reason","Other/Solution.xml","{4a63c8d1-6c1e-48ec-9db4-3e6c7155334c}","msdynce_Service (9.0.5.56);msdynce_ServiceAnchor (9.0.26064.1006)","False","","","Dependency reported by the Dataverse solution export.","Foundation and shared configuration","None","Investigate","External dependency must be validated for necessity, licensing, and target availability.","Required","Not required","True"
"MissingDependency","subjectid","Subject","Other/Solution.xml","{4a63c8d1-6c1e-48ec-9db4-3e6c7155334c}","msdynce_Service (9.0.5.56);msdynce_ServiceAnchor (9.0.26064.1006)","False","","","Dependency reported by the Dataverse solution export.","Foundation and shared configuration","None","Investigate","External dependency must be validated for necessity, licensing, and target availability.","Required","Not required","True"
"MissingDependency","Suchansicht für aktive Produkte","Suchansicht für aktive Produkte","Other/Solution.xml","{4a63c8d1-6c1e-48ec-9db4-3e6c7155334c}","msdynce_ProductManagement (9.0.4.0066);msdynce_ProductManagementAnchor (9.0.26071.10001)","False","","","Dependency reported by the Dataverse solution export.","Foundation and shared configuration","None","Investigate","External dependency must be validated for necessity, licensing, and target availability.","Required","Not required","True"
"MissingDependency","ticketnumber","Case Number","Other/Solution.xml","{4a63c8d1-6c1e-48ec-9db4-3e6c7155334c}","msdynce_Service (9.0.5.56);msdynce_ServiceAnchor (9.0.26064.1006)","False","","","Dependency reported by the Dataverse solution export.","Foundation and shared configuration","None","Investigate","External dependency must be validated for necessity, licensing, and target availability.","Required","Not required","True"
"MissingDependency","title","Case Title","Other/Solution.xml","{4a63c8d1-6c1e-48ec-9db4-3e6c7155334c}","msdynce_Service (9.0.5.56);msdynce_ServiceAnchor (9.0.26064.1006)","False","","","Dependency reported by the Dataverse solution export.","Foundation and shared configuration","None","Investigate","External dependency must be validated for necessity, licensing, and target availability.","Required","Not required","True"
"MissingDependency","traversedpath","(Deprecated) Traversed Path","Other/Solution.xml","{4a63c8d1-6c1e-48ec-9db4-3e6c7155334c}","msdynce_Service (9.0.5.56);msdynce_ServiceAnchor (9.0.26064.1006)","False","","","Dependency reported by the Dataverse solution export.","Foundation and shared configuration","None","Investigate","External dependency must be validated for necessity, licensing, and target availability.","Required","Not required","True"
"MissingDependency","Vertragszeile mit Zuteilungen","Vertragszeile mit Zuteilungen","Other/Solution.xml","{4a63c8d1-6c1e-48ec-9db4-3e6c7155334c}","msdynce_Service (9.0.5.56);msdynce_ServiceAnchor (9.0.26064.1006)","False","","","Dependency reported by the Dataverse solution export.","Foundation and shared configuration","None","Investigate","External dependency must be validated for necessity, licensing, and target availability.","Required","Not required","True"
"MissingDependency","Zugeordnete Anfragen","Zugeordnete Anfragen","Other/Solution.xml","{4a63c8d1-6c1e-48ec-9db4-3e6c7155334c}","msdynce_Service (9.0.5.56);msdynce_ServiceAnchor (9.0.26064.1006)","False","","","Dependency reported by the Dataverse solution export.","Foundation and shared configuration","None","Investigate","External dependency must be validated for necessity, licensing, and target availability.","Required","Not required","True"
"MissingDependency","Zugeordnete Wissensdatensatz-Ansichten","Zugeordnete Wissensdatensatz-Ansichten","Other/Solution.xml","{4a63c8d1-6c1e-48ec-9db4-3e6c7155334c}","msdynce_Service (9.0.5.56);msdynce_ServiceAnchor (9.0.26064.1006)","False","","","Dependency reported by the Dataverse solution export.","Foundation and shared configuration","None","Investigate","External dependency must be validated for necessity, licensing, and target availability.","Required","Not required","True"
"MissingDependency","{5fe86453-73ea-4821-b6dd-ddc06e1755a1}","Aktive Unterhaltung","Other/Solution.xml","{5fe86453-73ea-4821-b6dd-ddc06e1755a1}","OmnichannelBase (1.10.0.146);UnifiedRoutingPrimeAnchor (1.5.27.251)","False","","","Dependency reported by the Dataverse solution export.","Foundation and shared configuration","None","Investigate","External dependency must be validated for necessity, licensing, and target availability.","Required","Not required","True"
"MissingDependency","cr7e8_name","Offer Name","Other/Solution.xml","{718c41cf-1d7e-4bfd-a9a0-c7a6695af599}","Active","False","","","Dependency reported by the Dataverse solution export.","Foundation and shared configuration","None","Investigate","External dependency must be validated for necessity, licensing, and target availability.","Required","Not required","True"
"MissingDependency","ownerid","Owner","Other/Solution.xml","{718c41cf-1d7e-4bfd-a9a0-c7a6695af599}","Active","False","","","Dependency reported by the Dataverse solution export.","Foundation and shared configuration","None","Investigate","External dependency must be validated for necessity, licensing, and target availability.","Required","Not required","True"
"MissingDependency","{29de27bc-a257-4f29-99cf-bab4a84e688f}","Kontaktkarte für Konto","Other/Solution.xml","{8448b78f-8f42-454e-8e2a-f8196b0419af}","msdynce_AppCommon (9.0.4.0066);msdynce_AppCommonAnchor (9.0.26034.10001)","False","","","Dependency reported by the Dataverse solution export.","Foundation and shared configuration","None","Investigate","External dependency must be validated for necessity, licensing, and target availability.","Required","Not required","True"
"MissingDependency","{8448b78f-8f42-454e-8e2a-f8196b0419af}","Konto","Other/Solution.xml","{8448b78f-8f42-454e-8e2a-f8196b0419af}","msdynce_AppCommon (9.0.4.0066);msdynce_AppCommonAnchor (9.0.26034.10001)","False","","","Dependency reported by the Dataverse solution export.","Foundation and shared configuration","None","Investigate","External dependency must be validated for necessity, licensing, and target availability.","Required","Not required","True"
"MissingDependency","Active Work Orders By Type","Active Work Orders By Type","Other/Solution.xml","{8448b78f-8f42-454e-8e2a-f8196b0419af}","FieldService (8.8.0.88);FieldService_Anchor (8.8.145.42);FieldService_Anchor (8.8.147.60)","False","","","Dependency reported by the Dataverse solution export.","Foundation and shared configuration","None","Investigate","External dependency must be validated for necessity, licensing, and target availability.","Required","Not required","True"
"MissingDependency","adx_account_created_by_portal_contact","adx_account_created_by_portal_contact","Other/Solution.xml","{8448b78f-8f42-454e-8e2a-f8196b0419af}","MicrosoftPartnerPipeline_V2 (9.2.2012.0);PowerPages_PartnerPortal_V2 (9.4.2607.263)","False","","","Dependency reported by the Dataverse solution export.","Foundation and shared configuration","None","Investigate","External dependency must be validated for necessity, licensing, and target availability.","Required","Not required","True"
"MissingDependency","adx_activeopportunitycount","Active Opportunity Count","Other/Solution.xml","{8448b78f-8f42-454e-8e2a-f8196b0419af}","MicrosoftPartnerPipeline_V2 (9.2.2012.0);PowerPages_PartnerPortal_V2 (9.4.2607.263)","False","","","Dependency reported by the Dataverse solution export.","Foundation and shared configuration","None","Investigate","External dependency must be validated for necessity, licensing, and target availability.","Required","Not required","True"
"MissingDependency","adx_averagetimetocloseanopportunity","Average Time to Close an Opportunity","Other/Solution.xml","{8448b78f-8f42-454e-8e2a-f8196b0419af}","MicrosoftPartnerPipeline_V2 (9.2.2012.0);PowerPages_PartnerPortal_V2 (9.4.2607.263)","False","","","Dependency reported by the Dataverse solution export.","Foundation and shared configuration","None","Investigate","External dependency must be validated for necessity, licensing, and target availability.","Required","Not required","True"
"MissingDependency","adx_createdbyportalcontactid","Created By (Portal Contact)","Other/Solution.xml","{8448b78f-8f42-454e-8e2a-f8196b0419af}","MicrosoftPartnerPipeline_V2 (9.2.2012.0);PowerPages_PartnerPortal_V2 (9.4.2607.263)","False","","","Dependency reported by the Dataverse solution export.","Foundation and shared configuration","None","Investigate","External dependency must be validated for necessity, licensing, and target availability.","Required","Not required","True"
"MissingDependency","adx_currentpartnercapacity","Current Partner Capacity","Other/Solution.xml","{8448b78f-8f42-454e-8e2a-f8196b0419af}","MicrosoftPartnerPipeline_V2 (9.2.2012.0);PowerPages_PartnerPortal_V2 (9.4.2607.263)","False","","","Dependency reported by the Dataverse solution export.","Foundation and shared configuration","None","Investigate","External dependency must be validated for necessity, licensing, and target availability.","Required","Not required","True"
"MissingDependency","adx_feedbackrate","Feedback Rate","Other/Solution.xml","{8448b78f-8f42-454e-8e2a-f8196b0419af}","MicrosoftPartnerPipeline_V2 (9.2.2012.0);PowerPages_PartnerPortal_V2 (9.4.2607.263)","False","","","Dependency reported by the Dataverse solution export.","Foundation and shared configuration","None","Investigate","External dependency must be validated for necessity, licensing, and target availability.","Required","Not required","True"
"MissingDependency","adx_lossrate","Loss Rate","Other/Solution.xml","{8448b78f-8f42-454e-8e2a-f8196b0419af}","MicrosoftPartnerPipeline_V2 (9.2.2012.0);PowerPages_PartnerPortal_V2 (9.4.2607.263)","False","","","Dependency reported by the Dataverse solution export.","Foundation and shared configuration","None","Investigate","External dependency must be validated for necessity, licensing, and target availability.","Required","Not required","True"
"MissingDependency","adx_maximumopportunityrevenue","Maximum Opportunity Revenue","Other/Solution.xml","{8448b78f-8f42-454e-8e2a-f8196b0419af}","MicrosoftPartnerPipeline_V2 (9.2.2012.0);PowerPages_PartnerPortal_V2 (9.4.2607.263)","False","","","Dependency reported by the Dataverse solution export.","Foundation and shared configuration","None","Investigate","External dependency must be validated for necessity, licensing, and target availability.","Required","Not required","True"
"MissingDependency","adx_minimumopportunityrevenue","Minimum Opportunity Revenue","Other/Solution.xml","{8448b78f-8f42-454e-8e2a-f8196b0419af}","MicrosoftPartnerPipeline_V2 (9.2.2012.0);PowerPages_PartnerPortal_V2 (9.4.2607.263)","False","","","Dependency reported by the Dataverse solution export.","Foundation and shared configuration","None","Investigate","External dependency must be validated for necessity, licensing, and target availability.","Required","Not required","True"
"MissingDependency","adx_numberofopportunitiesaccepted","Number of Opportunities Accepted","Other/Solution.xml","{8448b78f-8f42-454e-8e2a-f8196b0419af}","MicrosoftPartnerPipeline_V2 (9.2.2012.0);PowerPages_PartnerPortal_V2 (9.4.2607.263)","False","","","Dependency reported by the Dataverse solution export.","Foundation and shared configuration","None","Investigate","External dependency must be validated for necessity, licensing, and target availability.","Required","Not required","True"
"MissingDependency","adx_numberofopportunitiesdeclined","Number of Opportunities Declined","Other/Solution.xml","{8448b78f-8f42-454e-8e2a-f8196b0419af}","MicrosoftPartnerPipeline_V2 (9.2.2012.0);PowerPages_PartnerPortal_V2 (9.4.2607.263)","False","","","Dependency reported by the Dataverse solution export.","Foundation and shared configuration","None","Investigate","External dependency must be validated for necessity, licensing, and target availability.","Required","Not required","True"
"MissingDependency","adx_numberofopportunitiesdelivered","Number of Opportunities Delivered","Other/Solution.xml","{8448b78f-8f42-454e-8e2a-f8196b0419af}","MicrosoftPartnerPipeline_V2 (9.2.2012.0);PowerPages_PartnerPortal_V2 (9.4.2607.263)","False","","","Dependency reported by the Dataverse solution export.","Foundation and shared configuration","None","Investigate","External dependency must be validated for necessity, licensing, and target availability.","Required","Not required","True"
"MissingDependency","adx_numberofopportunitieswithfeedback","Number of Opportunities with Feedback","Other/Solution.xml","{8448b78f-8f42-454e-8e2a-f8196b0419af}","MicrosoftPartnerPipeline_V2 (9.2.2012.0);PowerPages_PartnerPortal_V2 (9.4.2607.263)","False","","","Dependency reported by the Dataverse solution export.","Foundation and shared configuration","None","Investigate","External dependency must be validated for necessity, licensing, and target availability.","Required","Not required","True"
"MissingDependency","adx_numberofopportunitieswon","Number of Opportunities Won","Other/Solution.xml","{8448b78f-8f42-454e-8e2a-f8196b0419af}","MicrosoftPartnerPipeline_V2 (9.2.2012.0);PowerPages_PartnerPortal_V2 (9.4.2607.263)","False","","","Dependency reported by the Dataverse solution export.","Foundation and shared configuration","None","Investigate","External dependency must be validated for necessity, licensing, and target availability.","Required","Not required","True"
"MissingDependency","adx_numberofreturnedopportunities","Number of Returned Opportunities","Other/Solution.xml","{8448b78f-8f42-454e-8e2a-f8196b0419af}","MicrosoftPartnerPipeline_V2 (9.2.2012.0);PowerPages_PartnerPortal_V2 (9.4.2607.263)","False","","","Dependency reported by the Dataverse solution export.","Foundation and shared configuration","None","Investigate","External dependency must be validated for necessity, licensing, and target availability.","Required","Not required","True"
"MissingDependency","adx_partner_status","Partner Status","Other/Solution.xml","{8448b78f-8f42-454e-8e2a-f8196b0419af}","MicrosoftPartnerPipeline_V2 (9.2.2012.0);PowerPages_PartnerPortal_V2 (9.4.2607.263)","False","","","Dependency reported by the Dataverse solution export.","Foundation and shared configuration","None","Investigate","External dependency must be validated for necessity, licensing, and target availability.","Required","Not required","True"
"MissingDependency","adx_partnerhascapacity","Partner Has Capacity","Other/Solution.xml","{8448b78f-8f42-454e-8e2a-f8196b0419af}","MicrosoftPartnerPipeline_V2 (9.2.2012.0);PowerPages_PartnerPortal_V2 (9.4.2607.263)","False","","","Dependency reported by the Dataverse solution export.","Foundation and shared configuration","None","Investigate","External dependency must be validated for necessity, licensing, and target availability.","Required","Not required","True"
"MissingDependency","adx_partnerprogram_enddate","Partner Program End Date","Other/Solution.xml","{8448b78f-8f42-454e-8e2a-f8196b0419af}","MicrosoftPartnerPipeline_V2 (9.2.2012.0);PowerPages_PartnerPortal_V2 (9.4.2607.263)","False","","","Dependency reported by the Dataverse solution export.","Foundation and shared configuration","None","Investigate","External dependency must be validated for necessity, licensing, and target availability.","Required","Not required","True"
"MissingDependency","adx_partnerprogram_startdate","Partner Program Start Date","Other/Solution.xml","{8448b78f-8f42-454e-8e2a-f8196b0419af}","MicrosoftPartnerPipeline_V2 (9.2.2012.0);PowerPages_PartnerPortal_V2 (9.4.2607.263)","False","","","Dependency reported by the Dataverse solution export.","Foundation and shared configuration","None","Investigate","External dependency must be validated for necessity, licensing, and target availability.","Required","Not required","True"
"MissingDependency","adx_partnerprogram_status","Partner Program Status","Other/Solution.xml","{8448b78f-8f42-454e-8e2a-f8196b0419af}","MicrosoftPartnerPipeline_V2 (9.2.2012.0);PowerPages_PartnerPortal_V2 (9.4.2607.263)","False","","","Dependency reported by the Dataverse solution export.","Foundation and shared configuration","None","Investigate","External dependency must be validated for necessity, licensing, and target availability.","Required","Not required","True"
"MissingDependency","adx_partnerranking","Partner Ranking","Other/Solution.xml","{8448b78f-8f42-454e-8e2a-f8196b0419af}","MicrosoftPartnerPipeline_V2 (9.2.2012.0);PowerPages_PartnerPortal_V2 (9.4.2607.263)","False","","","Dependency reported by the Dataverse solution export.","Foundation and shared configuration","None","Investigate","External dependency must be validated for necessity, licensing, and target availability.","Required","Not required","True"
"MissingDependency","adx_returnrate","Return Rate","Other/Solution.xml","{8448b78f-8f42-454e-8e2a-f8196b0419af}","MicrosoftPartnerPipeline_V2 (9.2.2012.0);PowerPages_PartnerPortal_V2 (9.4.2607.263)","False","","","Dependency reported by the Dataverse solution export.","Foundation and shared configuration","None","Investigate","External dependency must be validated for necessity, licensing, and target availability.","Required","Not required","True"
"MissingDependency","adx_stallrate","Stall Rate","Other/Solution.xml","{8448b78f-8f42-454e-8e2a-f8196b0419af}","MicrosoftPartnerPipeline_V2 (9.2.2012.0);PowerPages_PartnerPortal_V2 (9.4.2607.263)","False","","","Dependency reported by the Dataverse solution export.","Foundation and shared configuration","None","Investigate","External dependency must be validated for necessity, licensing, and target availability.","Required","Not required","True"
"MissingDependency","adx_touchrate","Touch Rate","Other/Solution.xml","{8448b78f-8f42-454e-8e2a-f8196b0419af}","MicrosoftPartnerPipeline_V2 (9.2.2012.0);PowerPages_PartnerPortal_V2 (9.4.2607.263)","False","","","Dependency reported by the Dataverse solution export.","Foundation and shared configuration","None","Investigate","External dependency must be validated for necessity, licensing, and target availability.","Required","Not required","True"
"MissingDependency","adx_winrate","Win Rate","Other/Solution.xml","{8448b78f-8f42-454e-8e2a-f8196b0419af}","MicrosoftPartnerPipeline_V2 (9.2.2012.0);PowerPages_PartnerPortal_V2 (9.4.2607.263)","False","","","Dependency reported by the Dataverse solution export.","Foundation and shared configuration","None","Investigate","External dependency must be validated for necessity, licensing, and target availability.","Required","Not required","True"
"MissingDependency","Aktive Arbeitsaufträge","Aktive Arbeitsaufträge","Other/Solution.xml","{8448b78f-8f42-454e-8e2a-f8196b0419af}","FieldService (8.8.0.88);FieldService_Anchor (8.8.145.42);FieldService_Anchor (8.8.147.60)","False","","","Dependency reported by the Dataverse solution export.","Foundation and shared configuration","None","Investigate","External dependency must be validated for necessity, licensing, and target availability.","Required","Not required","True"
"MissingDependency","Aktive Facharbeitsabdeckungen","Aktive Facharbeitsabdeckungen","Other/Solution.xml","{8448b78f-8f42-454e-8e2a-f8196b0419af}","FieldService_Anchor (8.8.147.60);msdyn_FieldService_patch_update (8.8.147.60)","False","","","Dependency reported by the Dataverse solution export.","Foundation and shared configuration","None","Investigate","External dependency must be validated for necessity, licensing, and target availability.","Required","Not required","True"
"MissingDependency","Aktive Garantien","Aktive Garantien","Other/Solution.xml","{8448b78f-8f42-454e-8e2a-f8196b0419af}","FieldService_Anchor (8.8.145.42);FieldService_Anchor (8.8.147.60);msdyn_AssetCommon (1.0.3412.1);msdynce_ServiceAnchor (9.0.26064.1006)","False","","","Dependency reported by the Dataverse solution export.","Foundation and shared configuration","None","Investigate","External dependency must be validated for necessity, licensing, and target availability.","Required","Not required","True"
"MissingDependency","Aktive Versicherung","Aktive Versicherung","Other/Solution.xml","{8448b78f-8f42-454e-8e2a-f8196b0419af}","FieldService_Anchor (8.8.147.60);msdyn_FieldService_patch_update (8.8.147.60)","False","","","Dependency reported by the Dataverse solution export.","Foundation and shared configuration","None","Investigate","External dependency must be validated for necessity, licensing, and target availability.","Required","Not required","True"
"MissingDependency","defaultpricelevelid","Price List","Other/Solution.xml","{8448b78f-8f42-454e-8e2a-f8196b0419af}","msdynce_ProductManagement (9.0.4.0066);msdynce_ProductManagementAnchor (9.0.26071.10001)","False","","","Dependency reported by the Dataverse solution export.","Foundation and shared configuration","None","Investigate","External dependency must be validated for necessity, licensing, and target availability.","Required","Not required","True"
"MissingDependency","Facharbeitsabdeckungen für das Konto","Facharbeitsabdeckungen für das Konto","Other/Solution.xml","{8448b78f-8f42-454e-8e2a-f8196b0419af}","FieldService_Anchor (8.8.147.60);msdyn_FieldService_patch_update (8.8.147.60)","False","","","Dependency reported by the Dataverse solution export.","Foundation and shared configuration","None","Investigate","External dependency must be validated for necessity, licensing, and target availability.","Required","Not required","True"
"MissingDependency","Inaktiv Versicherung","Inaktiv Versicherung","Other/Solution.xml","{8448b78f-8f42-454e-8e2a-f8196b0419af}","FieldService_Anchor (8.8.147.60);msdyn_FieldService_patch_update (8.8.147.60)","False","","","Dependency reported by the Dataverse solution export.","Foundation and shared configuration","None","Investigate","External dependency must be validated for necessity, licensing, and target availability.","Required","Not required","True"
"MissingDependency","Inaktive Facharbeitsabdeckungen","Inaktive Facharbeitsabdeckungen","Other/Solution.xml","{8448b78f-8f42-454e-8e2a-f8196b0419af}","FieldService_Anchor (8.8.147.60);msdyn_FieldService_patch_update (8.8.147.60)","False","","","Dependency reported by the Dataverse solution export.","Foundation and shared configuration","None","Investigate","External dependency must be validated for necessity, licensing, and target availability.","Required","Not required","True"
"MissingDependency","LinkedInIntegration/Common/msdyn_LinkedInIntegrationCommon.js","LinkedInIntegration/Common/msdyn_LinkedInIntegrationCommon.js","Other/Solution.xml","{8448b78f-8f42-454e-8e2a-f8196b0419af}","LinkedInSalesNavigatorControlsForUnifiedClient (3.1.3378.1);msdyn_LinkedInSalesNavigatorAnchor (3.0.1.1907);msdyn_LinkedInSalesNavigatorAnchor (3.1.3378.1)","False","","","Dependency reported by the Dataverse solution export.","Foundation and shared configuration","None","Investigate","External dependency must be validated for necessity, licensing, and target availability.","Required","Not required","True"
"MissingDependency","Microsoft.AddressInputUCI","Microsoft.AddressInputUCI","Other/Solution.xml","{8448b78f-8f42-454e-8e2a-f8196b0419af}","BaseCustomControlsCore (9.0.2607.1005)","False","","","Dependency reported by the Dataverse solution export.","Foundation and shared configuration","None","Investigate","External dependency must be validated for necessity, licensing, and target availability.","Required","Not required","True"
"MissingDependency","msa_account_managingpartner","msa_account_managingpartner","Other/Solution.xml","{8448b78f-8f42-454e-8e2a-f8196b0419af}","PowerPages_Core (1.1.2602.237);PowerPages_Core (1.1.2605.258);PowerPages_RuntimeCoreDependencies (1.0.2305.1)","False","","","Dependency reported by the Dataverse solution export.","Foundation and shared configuration","None","Investigate","External dependency must be validated for necessity, licensing, and target availability.","Required","Not required","True"
"MissingDependency","msa_managingpartnerid","Managing Partner","Other/Solution.xml","{8448b78f-8f42-454e-8e2a-f8196b0419af}","PowerPages_Core (1.1.2602.237);PowerPages_Core (1.1.2605.258);PowerPages_RuntimeCoreDependencies (1.0.2305.1)","False","","","Dependency reported by the Dataverse solution export.","Foundation and shared configuration","None","Investigate","External dependency must be validated for necessity, licensing, and target availability.","Required","Not required","True"
"MissingDependency","MscrmControls.CardFeedContainer.CardFeedContainer","MscrmControls.CardFeedContainer.CardFeedContainer","Other/Solution.xml","{8448b78f-8f42-454e-8e2a-f8196b0419af}","BaseCustomControlsCore (9.0.2607.1005)","False","","","Dependency reported by the Dataverse solution export.","Foundation and shared configuration","None","Investigate","External dependency must be validated for necessity, licensing, and target availability.","Required","Not required","True"
"MissingDependency","MscrmControls.InsightsControl.InsightsControl","MscrmControls.InsightsControl.InsightsControl","Other/Solution.xml","{8448b78f-8f42-454e-8e2a-f8196b0419af}","MicrosoftDynamics_Marketing (1.122.2010.0);MicrosoftDynamics_MktCompleteAnchorSolution (1.122.2010.408);MicrosoftDynamics_MktCompleteAnchorSolution (1.122.2010.510)","False","","","Dependency reported by the Dataverse solution export.","Foundation and shared configuration","None","Investigate","External dependency must be validated for necessity, licensing, and target availability.","Required","Not required","True"
"MissingDependency","MscrmControls.LinkedInIntegration.LinkedInAccountControl","MscrmControls.LinkedInIntegration.LinkedInAccountControl","Other/Solution.xml","{8448b78f-8f42-454e-8e2a-f8196b0419af}","LinkedInSalesNavigatorControlsForUnifiedClient (3.1.3378.1);msdyn_LinkedInSalesNavigatorAnchor (3.0.1.1907);msdyn_LinkedInSalesNavigatorAnchor (3.1.3378.1)","False","","","Dependency reported by the Dataverse solution export.","Foundation and shared configuration","None","Investigate","External dependency must be validated for necessity, licensing, and target availability.","Required","Not required","True"
"MissingDependency","MscrmControls.LinkedInIntegration.LinkedInLeadLookupControl","MscrmControls.LinkedInIntegration.LinkedInLeadLookupControl","Other/Solution.xml","{8448b78f-8f42-454e-8e2a-f8196b0419af}","LinkedInSalesNavigatorControlsForUnifiedClient (3.1.3378.1);msdyn_LinkedInSalesNavigatorAnchor (3.0.1.1907);msdyn_LinkedInSalesNavigatorAnchor (3.1.3378.1)","False","","","Dependency reported by the Dataverse solution export.","Foundation and shared configuration","None","Investigate","External dependency must be validated for necessity, licensing, and target availability.","Required","Not required","True"
"MissingDependency","msdyn_/Account/Account.Library.js","msdyn_/Account/Account.Library.js","Other/Solution.xml","{8448b78f-8f42-454e-8e2a-f8196b0419af}","FieldService (8.8.0.88);FieldService_Anchor (8.8.145.42);FieldService_Anchor (8.8.147.60)","False","","","Dependency reported by the Dataverse solution export.","Foundation and shared configuration","None","Investigate","External dependency must be validated for necessity, licensing, and target availability.","Required","Not required","True"
"MissingDependency","msdyn_/Account/AssetCommon.Account.Library.js","msdyn_/Account/AssetCommon.Account.Library.js","Other/Solution.xml","{8448b78f-8f42-454e-8e2a-f8196b0419af}","FieldService_Anchor (8.8.145.42);FieldService_Anchor (8.8.147.60);msdyn_AssetCommon (1.0.3412.1);msdynce_ServiceAnchor (9.0.26064.1006)","False","","","Dependency reported by the Dataverse solution export.","Foundation and shared configuration","None","Investigate","External dependency must be validated for necessity, licensing, and target availability.","Required","Not required","True"
"MissingDependency","msdyn_/Utils/FieldServiceTrial.js","msdyn_/Utils/FieldServiceTrial.js","Other/Solution.xml","{8448b78f-8f42-454e-8e2a-f8196b0419af}","FieldService (8.8.0.88);FieldService_Anchor (8.8.145.42);FieldService_Anchor (8.8.147.60)","False","","","Dependency reported by the Dataverse solution export.","Foundation and shared configuration","None","Investigate","External dependency must be validated for necessity, licensing, and target availability.","Required","Not required","True"
"MissingDependency","msdyn_account_account_BillingAccount","msdyn_account_account_BillingAccount","Other/Solution.xml","{8448b78f-8f42-454e-8e2a-f8196b0419af}","FieldService_Anchor (8.8.145.42);FieldService_Anchor (8.8.147.60);FieldServiceCommon (1.0.0.1185)","False","","","Dependency reported by the Dataverse solution export.","Foundation and shared configuration","None","Investigate","External dependency must be validated for necessity, licensing, and target availability.","Required","Not required","True"
"MissingDependency","msdyn_account_msdyn_agreement_BillingAccount","msdyn_account_msdyn_agreement_BillingAccount","Other/Solution.xml","{8448b78f-8f42-454e-8e2a-f8196b0419af}","FieldService (8.8.0.88);FieldService_Anchor (8.8.145.42);FieldService_Anchor (8.8.147.60)","False","","","Dependency reported by the Dataverse solution export.","Foundation and shared configuration","None","Investigate","External dependency must be validated for necessity, licensing, and target availability.","Required","Not required","True"
"MissingDependency","msdyn_account_msdyn_agreement_ServiceAccount","msdyn_account_msdyn_agreement_ServiceAccount","Other/Solution.xml","{8448b78f-8f42-454e-8e2a-f8196b0419af}","FieldService (8.8.0.88);FieldService_Anchor (8.8.145.42);FieldService_Anchor (8.8.147.60)","False","","","Dependency reported by the Dataverse solution export.","Foundation and shared configuration","None","Investigate","External dependency must be validated for necessity, licensing, and target availability.","Required","Not required","True"
"MissingDependency","msdyn_account_msdyn_customerasset_Account","msdyn_account_msdyn_customerasset_Account","Other/Solution.xml","{8448b78f-8f42-454e-8e2a-f8196b0419af}","FieldService_Anchor (8.8.145.42);FieldService_Anchor (8.8.147.60);msdyn_AssetCommon (1.0.3412.1);msdynce_ServiceAnchor (9.0.26064.1006)","False","","","Dependency reported by the Dataverse solution export.","Foundation and shared configuration","None","Investigate","External dependency must be validated for necessity, licensing, and target availability.","Required","Not required","True"
"MissingDependency","msdyn_account_msdyn_insurance_InsuranceCarrier","msdyn_account_msdyn_insurance_InsuranceCarrier","Other/Solution.xml","{8448b78f-8f42-454e-8e2a-f8196b0419af}","FieldService_Anchor (8.8.147.60);msdyn_FieldService_patch_update (8.8.147.60)","False","","","Dependency reported by the Dataverse solution export.","Foundation and shared configuration","None","Investigate","External dependency must be validated for necessity, licensing, and target availability.","Required","Not required","True"
"MissingDependency","msdyn_account_msdyn_payment_Account","msdyn_account_msdyn_payment_Account","Other/Solution.xml","{8448b78f-8f42-454e-8e2a-f8196b0419af}","FieldService (8.8.0.88);FieldService_Anchor (8.8.145.42);FieldService_Anchor (8.8.147.60)","False","","","Dependency reported by the Dataverse solution export.","Foundation and shared configuration","None","Investigate","External dependency must be validated for necessity, licensing, and target availability.","Required","Not required","True"
"MissingDependency","msdyn_account_msdyn_purchaseorder_Vendor","msdyn_account_msdyn_purchaseorder_Vendor","Other/Solution.xml","{8448b78f-8f42-454e-8e2a-f8196b0419af}","FieldService_Anchor (8.8.145.42);FieldService_Anchor (8.8.147.60);FieldServiceCommon (1.0.0.1185)","False","","","Dependency reported by the Dataverse solution export.","Foundation and shared configuration","None","Investigate","External dependency must be validated for necessity, licensing, and target availability.","Required","Not required","True"
"MissingDependency","msdyn_account_msdyn_rma_BillingAccount","msdyn_account_msdyn_rma_BillingAccount","Other/Solution.xml","{8448b78f-8f42-454e-8e2a-f8196b0419af}","FieldService (8.8.0.88);FieldService_Anchor (8.8.145.42);FieldService_Anchor (8.8.147.60)","False","","","Dependency reported by the Dataverse solution export.","Foundation and shared configuration","None","Investigate","External dependency must be validated for necessity, licensing, and target availability.","Required","Not required","True"
"MissingDependency","msdyn_account_msdyn_rma_ServiceAccount","msdyn_account_msdyn_rma_ServiceAccount","Other/Solution.xml","{8448b78f-8f42-454e-8e2a-f8196b0419af}","FieldService (8.8.0.88);FieldService_Anchor (8.8.145.42);FieldService_Anchor (8.8.147.60)","False","","","Dependency reported by the Dataverse solution export.","Foundation and shared configuration","None","Investigate","External dependency must be validated for necessity, licensing, and target availability.","Required","Not required","True"
"MissingDependency","msdyn_account_msdyn_rtv_Vendor","msdyn_account_msdyn_rtv_Vendor","Other/Solution.xml","{8448b78f-8f42-454e-8e2a-f8196b0419af}","FieldService (8.8.0.88);FieldService_Anchor (8.8.145.42);FieldService_Anchor (8.8.147.60)","False","","","Dependency reported by the Dataverse solution export.","Foundation and shared configuration","None","Investigate","External dependency must be validated for necessity, licensing, and target availability.","Required","Not required","True"
"MissingDependency","msdyn_account_msdyn_tradecoverage_Account","msdyn_account_msdyn_tradecoverage_Account","Other/Solution.xml","{8448b78f-8f42-454e-8e2a-f8196b0419af}","FieldService_Anchor (8.8.147.60);msdyn_FieldService_patch_update (8.8.147.60)","False","","","Dependency reported by the Dataverse solution export.","Foundation and shared configuration","None","Investigate","External dependency must be validated for necessity, licensing, and target availability.","Required","Not required","True"
"MissingDependency","msdyn_account_msdyn_warranty_WarrantyHolder","msdyn_account_msdyn_warranty_WarrantyHolder","Other/Solution.xml","{8448b78f-8f42-454e-8e2a-f8196b0419af}","FieldService_Anchor (8.8.145.42);FieldService_Anchor (8.8.147.60);msdyn_AssetCommon (1.0.3412.1);msdynce_ServiceAnchor (9.0.26064.1006)","False","","","Dependency reported by the Dataverse solution export.","Foundation and shared configuration","None","Investigate","External dependency must be validated for necessity, licensing, and target availability.","Required","Not required","True"
"MissingDependency","msdyn_account_msdyn_warranty_WarrantyProvider","msdyn_account_msdyn_warranty_WarrantyProvider","Other/Solution.xml","{8448b78f-8f42-454e-8e2a-f8196b0419af}","FieldService_Anchor (8.8.145.42);FieldService_Anchor (8.8.147.60);msdyn_AssetCommon (1.0.3412.1);msdynce_ServiceAnchor (9.0.26064.1006)","False","","","Dependency reported by the Dataverse solution export.","Foundation and shared configuration","None","Investigate","External dependency must be validated for necessity, licensing, and target availability.","Required","Not required","True"
"MissingDependency","msdyn_account_msdyn_workorder_BillingAccount","msdyn_account_msdyn_workorder_BillingAccount","Other/Solution.xml","{8448b78f-8f42-454e-8e2a-f8196b0419af}","FieldService (8.8.0.88);FieldService_Anchor (8.8.145.42);FieldService_Anchor (8.8.147.60)","False","","","Dependency reported by the Dataverse solution export.","Foundation and shared configuration","None","Investigate","External dependency must be validated for necessity, licensing, and target availability.","Required","Not required","True"
"MissingDependency","msdyn_account_msdyn_workorder_ServiceAccount","msdyn_account_msdyn_workorder_ServiceAccount","Other/Solution.xml","{8448b78f-8f42-454e-8e2a-f8196b0419af}","FieldService (8.8.0.88);FieldService_Anchor (8.8.145.42);FieldService_Anchor (8.8.147.60)","False","","","Dependency reported by the Dataverse solution export.","Foundation and shared configuration","None","Investigate","External dependency must be validated for necessity, licensing, and target availability.","Required","Not required","True"
"MissingDependency","msdyn_billingaccount","Billing Account","Other/Solution.xml","{8448b78f-8f42-454e-8e2a-f8196b0419af}","FieldService_Anchor (8.8.145.42);FieldService_Anchor (8.8.147.60);FieldServiceCommon (1.0.0.1185)","False","","","Dependency reported by the Dataverse solution export.","Foundation and shared configuration","None","Investigate","External dependency must be validated for necessity, licensing, and target availability.","Required","Not required","True"
"MissingDependency","msdyn_insurance","Insurance","Other/Solution.xml","{8448b78f-8f42-454e-8e2a-f8196b0419af}","FieldService_Anchor (8.8.147.60);msdyn_FieldService_patch_update (8.8.147.60)","False","","","Dependency reported by the Dataverse solution export.","Foundation and shared configuration","None","Investigate","External dependency must be validated for necessity, licensing, and target availability.","Required","Not required","True"
"MissingDependency","msdyn_MscrmControls.TreeView.TreeViewControl","msdyn_MscrmControls.TreeView.TreeViewControl","Other/Solution.xml","{8448b78f-8f42-454e-8e2a-f8196b0419af}","FieldService_Anchor (8.8.145.42);FieldService_Anchor (8.8.147.60);msdyn_AssetCommon (1.0.3412.1);msdynce_ServiceAnchor (9.0.26064.1006)","False","","","Dependency reported by the Dataverse solution export.","Foundation and shared configuration","None","Investigate","External dependency must be validated for necessity, licensing, and target availability.","Required","Not required","True"
"MissingDependency","msdyn_msdyn_insurance_PolicyHolder_account","msdyn_msdyn_insurance_PolicyHolder_account","Other/Solution.xml","{8448b78f-8f42-454e-8e2a-f8196b0419af}","FieldService_Anchor (8.8.147.60);msdyn_FieldService_patch_update (8.8.147.60)","False","","","Dependency reported by the Dataverse solution export.","Foundation and shared configuration","None","Investigate","External dependency must be validated for necessity, licensing, and target availability.","Required","Not required","True"
"MissingDependency","msdyn_msdyn_taxcode_account_SalesTaxCode","msdyn_msdyn_taxcode_account_SalesTaxCode","Other/Solution.xml","{8448b78f-8f42-454e-8e2a-f8196b0419af}","FieldService (8.8.0.88);FieldService_Anchor (8.8.145.42);FieldService_Anchor (8.8.147.60)","False","","","Dependency reported by the Dataverse solution export.","Foundation and shared configuration","None","Investigate","External dependency must be validated for necessity, licensing, and target availability.","Required","Not required","True"
"MissingDependency","msdyn_msdyn_warranty_account","msdyn_msdyn_warranty_account","Other/Solution.xml","{8448b78f-8f42-454e-8e2a-f8196b0419af}","FieldService_Anchor (8.8.145.42);FieldService_Anchor (8.8.147.60);msdyn_AssetCommon (1.0.3412.1);msdynce_ServiceAnchor (9.0.26064.1006)","False","","","Dependency reported by the Dataverse solution export.","Foundation and shared configuration","None","Investigate","External dependency must be validated for necessity, licensing, and target availability.","Required","Not required","True"
"MissingDependency","msdyn_msdyn_workhourtemplate_account_workhourtemplate","msdyn_msdyn_workhourtemplate_account_workhourtemplate","Other/Solution.xml","{8448b78f-8f42-454e-8e2a-f8196b0419af}","FieldService (8.8.0.88);FieldService_Anchor (8.8.145.42);FieldService_Anchor (8.8.147.60)","False","","","Dependency reported by the Dataverse solution export.","Foundation and shared configuration","None","Investigate","External dependency must be validated for necessity, licensing, and target availability.","Required","Not required","True"
"MissingDependency","msdyn_primarytimezone","Primary Time Zone","Other/Solution.xml","{8448b78f-8f42-454e-8e2a-f8196b0419af}","FieldService_Anchor (8.8.145.42);FieldService_Anchor (8.8.147.60);msdyn_AssetCommon (1.0.3412.1);msdynce_ServiceAnchor (9.0.26064.1006)","False","","","Dependency reported by the Dataverse solution export.","Foundation and shared configuration","None","Investigate","External dependency must be validated for necessity, licensing, and target availability.","Required","Not required","True"
"MissingDependency","msdyn_SalesOmniChannel.SalesPhoneNumberControl","msdyn_SalesOmniChannel.SalesPhoneNumberControl","Other/Solution.xml","{8448b78f-8f42-454e-8e2a-f8196b0419af}","msdyn_AcceleratedSalesAnchor (9.1.26064.10001);msdyn_SalesOmniChannel (9.1.26064.10001)","False","","","Dependency reported by the Dataverse solution export.","Foundation and shared configuration","None","Investigate","External dependency must be validated for necessity, licensing, and target availability.","Required","Not required","True"
"MissingDependency","msdyn_SalesOmniChannel/SalesPhoneNumber.Library.js","msdyn_SalesOmniChannel/SalesPhoneNumber.Library.js","Other/Solution.xml","{8448b78f-8f42-454e-8e2a-f8196b0419af}","msdyn_AcceleratedSalesAnchor (9.1.26064.10001);msdyn_SalesOmniChannel (9.1.26064.10001)","False","","","Dependency reported by the Dataverse solution export.","Foundation and shared configuration","None","Investigate","External dependency must be validated for necessity, licensing, and target availability.","Required","Not required","True"
"MissingDependency","msdyn_salestaxcode","Sales Tax Code","Other/Solution.xml","{8448b78f-8f42-454e-8e2a-f8196b0419af}","FieldService (8.8.0.88);FieldService_Anchor (8.8.145.42);FieldService_Anchor (8.8.147.60)","False","","","Dependency reported by the Dataverse solution export.","Foundation and shared configuration","None","Investigate","External dependency must be validated for necessity, licensing, and target availability.","Required","Not required","True"
"MissingDependency","msdyn_serviceterritory","Service Territory","Other/Solution.xml","{8448b78f-8f42-454e-8e2a-f8196b0419af}","FieldService (8.8.0.88);FieldService_Anchor (8.8.145.42);FieldService_Anchor (8.8.147.60)","False","","","Dependency reported by the Dataverse solution export.","Foundation and shared configuration","None","Investigate","External dependency must be validated for necessity, licensing, and target availability.","Required","Not required","True"
"MissingDependency","msdyn_taxexempt","Tax Exempt","Other/Solution.xml","{8448b78f-8f42-454e-8e2a-f8196b0419af}","FieldService_Anchor (8.8.145.42);FieldService_Anchor (8.8.147.60);FieldServiceCommon (1.0.0.1185)","False","","","Dependency reported by the Dataverse solution export.","Foundation and shared configuration","None","Investigate","External dependency must be validated for necessity, licensing, and target availability.","Required","Not required","True"
"MissingDependency","msdyn_taxexemptnumber","Tax Exempt Number","Other/Solution.xml","{8448b78f-8f42-454e-8e2a-f8196b0419af}","FieldService_Anchor (8.8.145.42);FieldService_Anchor (8.8.147.60);FieldServiceCommon (1.0.0.1185)","False","","","Dependency reported by the Dataverse solution export.","Foundation and shared configuration","None","Investigate","External dependency must be validated for necessity, licensing, and target availability.","Required","Not required","True"
"MissingDependency","msdyn_territory_account_ServiceTerritory","msdyn_territory_account_ServiceTerritory","Other/Solution.xml","{8448b78f-8f42-454e-8e2a-f8196b0419af}","FieldService (8.8.0.88);FieldService_Anchor (8.8.145.42);FieldService_Anchor (8.8.147.60)","False","","","Dependency reported by the Dataverse solution export.","Foundation and shared configuration","None","Investigate","External dependency must be validated for necessity, licensing, and target availability.","Required","Not required","True"
"MissingDependency","msdyn_tradecoverage","Trade Coverage","Other/Solution.xml","{8448b78f-8f42-454e-8e2a-f8196b0419af}","FieldService_Anchor (8.8.147.60);msdyn_FieldService_patch_update (8.8.147.60)","False","","","Dependency reported by the Dataverse solution export.","Foundation and shared configuration","None","Investigate","External dependency must be validated for necessity, licensing, and target availability.","Required","Not required","True"
"MissingDependency","msdyn_travelcharge","Travel Charge","Other/Solution.xml","{8448b78f-8f42-454e-8e2a-f8196b0419af}","FieldService (8.8.0.88);FieldService_Anchor (8.8.145.42);FieldService_Anchor (8.8.147.60)","False","","","Dependency reported by the Dataverse solution export.","Foundation and shared configuration","None","Investigate","External dependency must be validated for necessity, licensing, and target availability.","Required","Not required","True"
"MissingDependency","msdyn_travelchargetype","Travel Charge Type","Other/Solution.xml","{8448b78f-8f42-454e-8e2a-f8196b0419af}","FieldService (8.8.0.88);FieldService_Anchor (8.8.145.42);FieldService_Anchor (8.8.147.60)","False","","","Dependency reported by the Dataverse solution export.","Foundation and shared configuration","None","Investigate","External dependency must be validated for necessity, licensing, and target availability.","Required","Not required","True"
"MissingDependency","msdyn_warranty","Warranty","Other/Solution.xml","{8448b78f-8f42-454e-8e2a-f8196b0419af}","FieldService_Anchor (8.8.145.42);FieldService_Anchor (8.8.147.60);msdyn_AssetCommon (1.0.3412.1);msdynce_ServiceAnchor (9.0.26064.1006)","False","","","Dependency reported by the Dataverse solution export.","Foundation and shared configuration","None","Investigate","External dependency must be validated for necessity, licensing, and target availability.","Required","Not required","True"
"MissingDependency","msdyn_workhourtemplate","Work Hour Template","Other/Solution.xml","{8448b78f-8f42-454e-8e2a-f8196b0419af}","FieldService (8.8.0.88);FieldService_Anchor (8.8.145.42);FieldService_Anchor (8.8.147.60)","False","","","Dependency reported by the Dataverse solution export.","Foundation and shared configuration","None","Investigate","External dependency must be validated for necessity, licensing, and target availability.","Required","Not required","True"
"MissingDependency","msdyn_workorder","Work Order","Other/Solution.xml","{8448b78f-8f42-454e-8e2a-f8196b0419af}","FieldService (8.8.0.88);FieldService_Anchor (8.8.145.42);FieldService_Anchor (8.8.147.60)","False","","","Dependency reported by the Dataverse solution export.","Foundation and shared configuration","None","Investigate","External dependency must be validated for necessity, licensing, and target availability.","Required","Not required","True"
"MissingDependency","msdyn_workorderinstructions","Work Order Instructions","Other/Solution.xml","{8448b78f-8f42-454e-8e2a-f8196b0419af}","FieldService (8.8.0.88);FieldService_Anchor (8.8.145.42);FieldService_Anchor (8.8.147.60)","False","","","Dependency reported by the Dataverse solution export.","Foundation and shared configuration","None","Investigate","External dependency must be validated for necessity, licensing, and target availability.","Required","Not required","True"
"MissingDependency","msdyncrm_insights_placeholder","Insights","Other/Solution.xml","{8448b78f-8f42-454e-8e2a-f8196b0419af}","MicrosoftDynamics_Marketing (1.122.2010.0);MicrosoftDynamics_MktCompleteAnchorSolution (1.122.2010.408);MicrosoftDynamics_MktCompleteAnchorSolution (1.122.2010.510)","False","","","Dependency reported by the Dataverse solution export.","Foundation and shared configuration","None","Investigate","External dependency must be validated for necessity, licensing, and target availability.","Required","Not required","True"
"MissingDependency","msdyncrm_MarketingCjoFirst.CrmWebResource","msdyncrm_MarketingCjoFirst.CrmWebResource","Other/Solution.xml","{8448b78f-8f42-454e-8e2a-f8196b0419af}","MicrosoftDynamics_Marketing (1.122.2010.0);MicrosoftDynamics_MktCompleteAnchorSolution (1.122.2010.408);MicrosoftDynamics_MktCompleteAnchorSolution (1.122.2010.510)","False","","","Dependency reported by the Dataverse solution export.","Foundation and shared configuration","None","Investigate","External dependency must be validated for necessity, licensing, and target availability.","Required","Not required","True"
"MissingDependency","Sales/ClientCommon/Sales_ClientCommon.js","Sales/ClientCommon/Sales_ClientCommon.js","Other/Solution.xml","{8448b78f-8f42-454e-8e2a-f8196b0419af}","msdynce_Sales (9.0.4.0076);msdynce_SalesAnchor (9.0.26071.10006)","False","","","Dependency reported by the Dataverse solution export.","Foundation and shared configuration","None","Investigate","External dependency must be validated for necessity, licensing, and target availability.","Required","Not required","True"
"MissingDependency","{2f1b788c-7758-4b98-b9e1-cc35c98acf4d}","CSR Manager","Other/Solution.xml","{b05c1e9c-94d0-46c1-8968-df49b8f33ec7}","msdynce_Service (9.0.5.56);msdynce_ServiceAnchor (9.0.26064.1006)","False","","","Dependency reported by the Dataverse solution export.","Foundation and shared configuration","None","Investigate","External dependency must be validated for necessity, licensing, and target availability.","Required","Not required","True"
"MissingDependency","{3dac4d9e-568c-e611-80d4-00155d42a122}","Customer service app access","Other/Solution.xml","{b05c1e9c-94d0-46c1-8968-df49b8f33ec7}","msdynce_Customerservicehub (9.0.5.0056);msdynce_ServiceAnchor (9.0.26064.1006)","False","","","Dependency reported by the Dataverse solution export.","Foundation and shared configuration","None","Investigate","External dependency must be validated for necessity, licensing, and target availability.","Required","Not required","True"
"MissingDependency","{4bcb0675-4f4f-4126-a21a-026c3a10ecae}","Customer Service Representative","Other/Solution.xml","{b05c1e9c-94d0-46c1-8968-df49b8f33ec7}","msdyn_PowerAppsOfficeExtensions (1.0.0.1);PowerAppsAppFramework_Anchor (1.0.0.25)","False","","","Dependency reported by the Dataverse solution export.","Foundation and shared configuration","None","Investigate","External dependency must be validated for necessity, licensing, and target availability.","Required","Not required","True"
"MissingDependency","{b05c1e9c-94d0-46c1-8968-df49b8f33ec7}","Case for Multisession experience","Other/Solution.xml","{b05c1e9c-94d0-46c1-8968-df49b8f33ec7}","msdynce_ServiceAnchor (9.0.26064.1006);msdynce_ServicePatch201911 (9.0.26064.1006)","False","","","Dependency reported by the Dataverse solution export.","Foundation and shared configuration","None","Investigate","External dependency must be validated for necessity, licensing, and target availability.","Required","Not required","True"
"MissingDependency","Aktive Anfragen nach Agent","Aktive Anfragen nach Agent","Other/Solution.xml","{b05c1e9c-94d0-46c1-8968-df49b8f33ec7}","msdynce_Service (9.0.5.56);msdynce_ServiceAnchor (9.0.26064.1006)","False","","","Dependency reported by the Dataverse solution export.","Foundation and shared configuration","None","Investigate","External dependency must be validated for necessity, licensing, and target availability.","Required","Not required","True"
"MissingDependency","caseorigincode","Origin","Other/Solution.xml","{b05c1e9c-94d0-46c1-8968-df49b8f33ec7}","msdynce_Service (9.0.5.56);msdynce_ServiceAnchor (9.0.26064.1006)","False","","","Dependency reported by the Dataverse solution export.","Foundation and shared configuration","None","Investigate","External dependency must be validated for necessity, licensing, and target availability.","Required","Not required","True"
"MissingDependency","casetypecode","Case Type","Other/Solution.xml","{b05c1e9c-94d0-46c1-8968-df49b8f33ec7}","msdynce_Service (9.0.5.56);msdynce_ServiceAnchor (9.0.26064.1006)","False","","","Dependency reported by the Dataverse solution export.","Foundation and shared configuration","None","Investigate","External dependency must be validated for necessity, licensing, and target availability.","Required","Not required","True"
"MissingDependency","createdon","Created On","Other/Solution.xml","{b05c1e9c-94d0-46c1-8968-df49b8f33ec7}","msdynce_Service (9.0.5.56);msdynce_ServiceAnchor (9.0.26064.1006)","False","","","Dependency reported by the Dataverse solution export.","Foundation and shared configuration","None","Investigate","External dependency must be validated for necessity, licensing, and target availability.","Required","Not required","True"
"MissingDependency","customerid","Customer","Other/Solution.xml","{b05c1e9c-94d0-46c1-8968-df49b8f33ec7}","msdynce_Service (9.0.5.56);msdynce_ServiceAnchor (9.0.26064.1006)","False","","","Dependency reported by the Dataverse solution export.","Foundation and shared configuration","None","Investigate","External dependency must be validated for necessity, licensing, and target availability.","Required","Not required","True"
"MissingDependency","description","Description","Other/Solution.xml","{b05c1e9c-94d0-46c1-8968-df49b8f33ec7}","msdynce_Service (9.0.5.56);msdynce_ServiceAnchor (9.0.26064.1006)","False","","","Dependency reported by the Dataverse solution export.","Foundation and shared configuration","None","Investigate","External dependency must be validated for necessity, licensing, and target availability.","Required","Not required","True"
"MissingDependency","entitlementid","Entitlement","Other/Solution.xml","{b05c1e9c-94d0-46c1-8968-df49b8f33ec7}","msdynce_Service (9.0.5.56);msdynce_ServiceAnchor (9.0.26064.1006)","False","","","Dependency reported by the Dataverse solution export.","Foundation and shared configuration","None","Investigate","External dependency must be validated for necessity, licensing, and target availability.","Required","Not required","True"
"MissingDependency","escalatedon","Escalated On","Other/Solution.xml","{b05c1e9c-94d0-46c1-8968-df49b8f33ec7}","msdynce_Service (9.0.5.56);msdynce_ServiceAnchor (9.0.26064.1006)","False","","","Dependency reported by the Dataverse solution export.","Foundation and shared configuration","None","Investigate","External dependency must be validated for necessity, licensing, and target availability.","Required","Not required","True"
"MissingDependency","Fällige und überfällige Aktivitäten","Fällige und überfällige Aktivitäten","Other/Solution.xml","{b05c1e9c-94d0-46c1-8968-df49b8f33ec7}","msdyn_ModernCaseManagement (9.0.26064.2022);msdyn_ServiceExtendedAnchor (9.0.26064.2022)","False","","","Dependency reported by the Dataverse solution export.","Foundation and shared configuration","None","Investigate","External dependency must be validated for necessity, licensing, and target availability.","Required","Not required","True"
"MissingDependency","firstresponsesent","First Response Sent","Other/Solution.xml","{b05c1e9c-94d0-46c1-8968-df49b8f33ec7}","msdynce_Service (9.0.5.56);msdynce_ServiceAnchor (9.0.26064.1006)","False","","","Dependency reported by the Dataverse solution export.","Foundation and shared configuration","None","Investigate","External dependency must be validated for necessity, licensing, and target availability.","Required","Not required","True"
"MissingDependency","followupby","Follow Up By","Other/Solution.xml","{b05c1e9c-94d0-46c1-8968-df49b8f33ec7}","msdynce_Service (9.0.5.56);msdynce_ServiceAnchor (9.0.26064.1006)","False","","","Dependency reported by the Dataverse solution export.","Foundation and shared configuration","None","Investigate","External dependency must be validated for necessity, licensing, and target availability.","Required","Not required","True"
"MissingDependency","Gültige Berechtigungen für Anfragen","Gültige Berechtigungen für Anfragen","Other/Solution.xml","{b05c1e9c-94d0-46c1-8968-df49b8f33ec7}","msdynce_Service (9.0.5.56);msdynce_ServiceAnchor (9.0.26064.1006)","False","","","Dependency reported by the Dataverse solution export.","Foundation and shared configuration","None","Investigate","External dependency must be validated for necessity, licensing, and target availability.","Required","Not required","True"
"MissingDependency","incidentid","Case","Other/Solution.xml","{b05c1e9c-94d0-46c1-8968-df49b8f33ec7}","msdynce_Service (9.0.5.56);msdynce_ServiceAnchor (9.0.26064.1006)","False","","","Dependency reported by the Dataverse solution export.","Foundation and shared configuration","None","Investigate","External dependency must be validated for necessity, licensing, and target availability.","Required","Not required","True"
"MissingDependency","isescalated","Is Escalated","Other/Solution.xml","{b05c1e9c-94d0-46c1-8968-df49b8f33ec7}","msdynce_Service (9.0.5.56);msdynce_ServiceAnchor (9.0.26064.1006)","False","","","Dependency reported by the Dataverse solution export.","Foundation and shared configuration","None","Investigate","External dependency must be validated for necessity, licensing, and target availability.","Required","Not required","True"
"MissingDependency","knowledgearticleincident","Knowledge Article Incident","Other/Solution.xml","{b05c1e9c-94d0-46c1-8968-df49b8f33ec7}","msdynce_Service (9.0.5.56);msdynce_ServiceAnchor (9.0.26064.1006)","False","","","Dependency reported by the Dataverse solution export.","Foundation and shared configuration","None","Investigate","External dependency must be validated for necessity, licensing, and target availability.","Required","Not required","True"
"MissingDependency","MscrmControls.CSIntelligence.CopilotCaseSummaryControl","MscrmControls.CSIntelligence.CopilotCaseSummaryControl","Other/Solution.xml","{b05c1e9c-94d0-46c1-8968-df49b8f33ec7}","msdyn_CSIntelligence (9.2.26064.1055);msdyn_ServiceIntelligenceAnchor (9.2.26035.1075);msdyn_ServiceIntelligenceAnchor (9.2.26064.1055)","False","","","Dependency reported by the Dataverse solution export.","Foundation and shared configuration","None","Investigate","External dependency must be validated for necessity, licensing, and target availability.","Required","Not required","True"
"MissingDependency","MscrmControls.CustomerService.DueOpenActivitiesControl","MscrmControls.CustomerService.DueOpenActivitiesControl","Other/Solution.xml","{b05c1e9c-94d0-46c1-8968-df49b8f33ec7}","msdyn_ModernCaseManagement (9.0.26064.2022);msdyn_ServiceExtendedAnchor (9.0.26064.2022)","False","","","Dependency reported by the Dataverse solution export.","Foundation and shared configuration","None","Investigate","External dependency must be validated for necessity, licensing, and target availability.","Required","Not required","True"
"MissingDependency","MscrmControls.CustomerService.SelectionTreeViewControl","MscrmControls.CustomerService.SelectionTreeViewControl","Other/Solution.xml","{b05c1e9c-94d0-46c1-8968-df49b8f33ec7}","msdynce_ServiceAnchor (9.0.26064.1006);msdynce_ServiceLevelAgreementAnchor (9.0.26064.1003);msdynce_ServiceManagementControlsExtension (9.1.26064.1006)","False","","","Dependency reported by the Dataverse solution export.","Foundation and shared configuration","None","Investigate","External dependency must be validated for necessity, licensing, and target availability.","Required","Not required","True"
"MissingDependency","MscrmControls.FieldControls.AttachmentListControl","MscrmControls.FieldControls.AttachmentListControl","Other/Solution.xml","{b05c1e9c-94d0-46c1-8968-df49b8f33ec7}","msdyn_ModernCaseManagement (9.0.26064.2022);msdyn_ServiceExtendedAnchor (9.0.26064.2022)","False","","","Dependency reported by the Dataverse solution export.","Foundation and shared configuration","None","Investigate","External dependency must be validated for necessity, licensing, and target availability.","Required","Not required","True"
"MissingDependency","MscrmControls.FieldControls.OptionSetWrapper","MscrmControls.FieldControls.OptionSetWrapper","Other/Solution.xml","{b05c1e9c-94d0-46c1-8968-df49b8f33ec7}","msdyn_ModernCaseManagement (9.0.26064.2022);msdyn_ServiceExtendedAnchor (9.0.26064.2022)","False","","","Dependency reported by the Dataverse solution export.","Foundation and shared configuration","None","Investigate","External dependency must be validated for necessity, licensing, and target availability.","Required","Not required","True"
"MissingDependency","MscrmControls.FieldControls.QueueItemControl","MscrmControls.FieldControls.QueueItemControl","Other/Solution.xml","{b05c1e9c-94d0-46c1-8968-df49b8f33ec7}","msdyn_ModernCaseManagement (9.0.26064.2022);msdyn_ServiceExtendedAnchor (9.0.26064.2022)","False","","","Dependency reported by the Dataverse solution export.","Foundation and shared configuration","None","Investigate","External dependency must be validated for necessity, licensing, and target availability.","Required","Not required","True"
"MissingDependency","MscrmControls.RichTextEditor.RichTextEditorControl","MscrmControls.RichTextEditor.RichTextEditorControl","Other/Solution.xml","{b05c1e9c-94d0-46c1-8968-df49b8f33ec7}","msdyn_RichTextEditor (9.0.26071.1002);msdyn_TimelineExtended (9.0.26071.1002);msdynce_EnableUCIByDefault (9.0.26064.260619001)","False","","","Dependency reported by the Dataverse solution export.","Foundation and shared configuration","None","Investigate","External dependency must be validated for necessity, licensing, and target availability.","Required","Not required","True"
"MissingDependency","msdyn_CopilotCaseSummaryLibrary.js","msdyn_CopilotCaseSummaryLibrary.js","Other/Solution.xml","{b05c1e9c-94d0-46c1-8968-df49b8f33ec7}","msdyn_CSIntelligence (9.2.26064.1055);msdyn_ServiceIntelligenceAnchor (9.2.26035.1075);msdyn_ServiceIntelligenceAnchor (9.2.26064.1055)","False","","","Dependency reported by the Dataverse solution export.","Foundation and shared configuration","None","Investigate","External dependency must be validated for necessity, licensing, and target availability.","Required","Not required","True"
"MissingDependency","msdyn_precreateattachmentsid","Pre Create Entity Attachments Id","Other/Solution.xml","{b05c1e9c-94d0-46c1-8968-df49b8f33ec7}","msdyn_ModernCaseManagement (9.0.26064.2022);msdyn_ServiceExtendedAnchor (9.0.26064.2022)","False","","","Dependency reported by the Dataverse solution export.","Foundation and shared configuration","None","Investigate","External dependency must be validated for necessity, licensing, and target availability.","Required","Not required","True"
"MissingDependency","msdyn_swarm","Swarm","Other/Solution.xml","{b05c1e9c-94d0-46c1-8968-df49b8f33ec7}","msdyn_ServiceExtendedAnchor (9.0.26064.2022);msdyn_Swarming (9.0.26064.2022)","False","","","Dependency reported by the Dataverse solution export.","Foundation and shared configuration","None","Investigate","External dependency must be validated for necessity, licensing, and target availability.","Required","Not required","True"
"MissingDependency","msdyn_swarm_incident","msdyn_swarm_incident","Other/Solution.xml","{b05c1e9c-94d0-46c1-8968-df49b8f33ec7}","msdyn_ServiceExtendedAnchor (9.0.26064.2022);msdyn_SwarmingForCS (9.0.26064.2022)","False","","","Dependency reported by the Dataverse solution export.","Foundation and shared configuration","None","Investigate","External dependency must be validated for necessity, licensing, and target availability.","Required","Not required","True"
"MissingDependency","ownerid","Owner","Other/Solution.xml","{b05c1e9c-94d0-46c1-8968-df49b8f33ec7}","msdynce_Service (9.0.5.56);msdynce_ServiceAnchor (9.0.26064.1006)","False","","","Dependency reported by the Dataverse solution export.","Foundation and shared configuration","None","Investigate","External dependency must be validated for necessity, licensing, and target availability.","Required","Not required","True"
"MissingDependency","parentcaseid","Parent Case","Other/Solution.xml","{b05c1e9c-94d0-46c1-8968-df49b8f33ec7}","msdynce_Service (9.0.5.56);msdynce_ServiceAnchor (9.0.26064.1006)","False","","","Dependency reported by the Dataverse solution export.","Foundation and shared configuration","None","Investigate","External dependency must be validated for necessity, licensing, and target availability.","Required","Not required","True"
"MissingDependency","prioritycode","Priority","Other/Solution.xml","{b05c1e9c-94d0-46c1-8968-df49b8f33ec7}","msdynce_Service (9.0.5.56);msdynce_ServiceAnchor (9.0.26064.1006)","False","","","Dependency reported by the Dataverse solution export.","Foundation and shared configuration","None","Investigate","External dependency must be validated for necessity, licensing, and target availability.","Required","Not required","True"
"MissingDependency","productid","Product","Other/Solution.xml","{b05c1e9c-94d0-46c1-8968-df49b8f33ec7}","msdynce_Service (9.0.5.56);msdynce_ServiceAnchor (9.0.26064.1006)","False","","","Dependency reported by the Dataverse solution export.","Foundation and shared configuration","None","Investigate","External dependency must be validated for necessity, licensing, and target availability.","Required","Not required","True"
"MissingDependency","productserialnumber","Serial Number","Other/Solution.xml","{b05c1e9c-94d0-46c1-8968-df49b8f33ec7}","msdynce_Service (9.0.5.56);msdynce_ServiceAnchor (9.0.26064.1006)","False","","","Dependency reported by the Dataverse solution export.","Foundation and shared configuration","None","Investigate","External dependency must be validated for necessity, licensing, and target availability.","Required","Not required","True"
"MissingDependency","resolveby","Resolve By","Other/Solution.xml","{b05c1e9c-94d0-46c1-8968-df49b8f33ec7}","msdynce_Service (9.0.5.56);msdynce_ServiceAnchor (9.0.26064.1006)","False","","","Dependency reported by the Dataverse solution export.","Foundation and shared configuration","None","Investigate","External dependency must be validated for necessity, licensing, and target availability.","Required","Not required","True"
"MissingDependency","responseby","First Response By","Other/Solution.xml","{b05c1e9c-94d0-46c1-8968-df49b8f33ec7}","msdynce_Service (9.0.5.56);msdynce_ServiceAnchor (9.0.26064.1006)","False","","","Dependency reported by the Dataverse solution export.","Foundation and shared configuration","None","Investigate","External dependency must be validated for necessity, licensing, and target availability.","Required","Not required","True"
"MissingDependency","Service/Incident/Incident_main_system_library.js","Service/Incident/Incident_main_system_library.js","Other/Solution.xml","{b05c1e9c-94d0-46c1-8968-df49b8f33ec7}","msdynce_Service (9.0.5.56);msdynce_ServiceAnchor (9.0.26064.1006)","False","","","Dependency reported by the Dataverse solution export.","Foundation and shared configuration","None","Investigate","External dependency must be validated for necessity, licensing, and target availability.","Required","Not required","True"
"MissingDependency","statuscode","Status Reason","Other/Solution.xml","{b05c1e9c-94d0-46c1-8968-df49b8f33ec7}","msdynce_Service (9.0.5.56);msdynce_ServiceAnchor (9.0.26064.1006)","False","","","Dependency reported by the Dataverse solution export.","Foundation and shared configuration","None","Investigate","External dependency must be validated for necessity, licensing, and target availability.","Required","Not required","True"
"MissingDependency","subjectid","Subject","Other/Solution.xml","{b05c1e9c-94d0-46c1-8968-df49b8f33ec7}","msdynce_Service (9.0.5.56);msdynce_ServiceAnchor (9.0.26064.1006)","False","","","Dependency reported by the Dataverse solution export.","Foundation and shared configuration","None","Investigate","External dependency must be validated for necessity, licensing, and target availability.","Required","Not required","True"
"MissingDependency","Suchansicht für aktive Produkte","Suchansicht für aktive Produkte","Other/Solution.xml","{b05c1e9c-94d0-46c1-8968-df49b8f33ec7}","msdynce_ProductManagement (9.0.4.0066);msdynce_ProductManagementAnchor (9.0.26071.10001)","False","","","Dependency reported by the Dataverse solution export.","Foundation and shared configuration","None","Investigate","External dependency must be validated for necessity, licensing, and target availability.","Required","Not required","True"
"MissingDependency","Swarming/msdyn_Swarming.js","Swarming/msdyn_Swarming.js","Other/Solution.xml","{b05c1e9c-94d0-46c1-8968-df49b8f33ec7}","msdyn_ServiceExtendedAnchor (9.0.26064.2022);msdyn_Swarming (9.0.26064.2022)","False","","","Dependency reported by the Dataverse solution export.","Foundation and shared configuration","None","Investigate","External dependency must be validated for necessity, licensing, and target availability.","Required","Not required","True"
"MissingDependency","SwarmingForCS/msdyn_SwarmingForCS.js","SwarmingForCS/msdyn_SwarmingForCS.js","Other/Solution.xml","{b05c1e9c-94d0-46c1-8968-df49b8f33ec7}","msdyn_ServiceExtendedAnchor (9.0.26064.2022);msdyn_SwarmingForCS (9.0.26064.2022)","False","","","Dependency reported by the Dataverse solution export.","Foundation and shared configuration","None","Investigate","External dependency must be validated for necessity, licensing, and target availability.","Required","Not required","True"
"MissingDependency","ticketnumber","Case Number","Other/Solution.xml","{b05c1e9c-94d0-46c1-8968-df49b8f33ec7}","msdynce_Service (9.0.5.56);msdynce_ServiceAnchor (9.0.26064.1006)","False","","","Dependency reported by the Dataverse solution export.","Foundation and shared configuration","None","Investigate","External dependency must be validated for necessity, licensing, and target availability.","Required","Not required","True"
"MissingDependency","title","Case Title","Other/Solution.xml","{b05c1e9c-94d0-46c1-8968-df49b8f33ec7}","msdynce_Service (9.0.5.56);msdynce_ServiceAnchor (9.0.26064.1006)","False","","","Dependency reported by the Dataverse solution export.","Foundation and shared configuration","None","Investigate","External dependency must be validated for necessity, licensing, and target availability.","Required","Not required","True"
"MissingDependency","traversedpath","(Deprecated) Traversed Path","Other/Solution.xml","{b05c1e9c-94d0-46c1-8968-df49b8f33ec7}","msdynce_Service (9.0.5.56);msdynce_ServiceAnchor (9.0.26064.1006)","False","","","Dependency reported by the Dataverse solution export.","Foundation and shared configuration","None","Investigate","External dependency must be validated for necessity, licensing, and target availability.","Required","Not required","True"
"MissingDependency","Zugeordnete Anfragen für interaktionsorientiertes Formular","Zugeordnete Anfragen für interaktionsorientiertes Formular","Other/Solution.xml","{b05c1e9c-94d0-46c1-8968-df49b8f33ec7}","msdynce_Service (9.0.5.56);msdynce_ServiceAnchor (9.0.26064.1006)","False","","","Dependency reported by the Dataverse solution export.","Foundation and shared configuration","None","Investigate","External dependency must be validated for necessity, licensing, and target availability.","Required","Not required","True"
"MissingDependency","Zugeordnete Ansicht: Schwarm","Zugeordnete Ansicht: Schwarm","Other/Solution.xml","{b05c1e9c-94d0-46c1-8968-df49b8f33ec7}","msdyn_ServiceExtendedAnchor (9.0.26064.2022);msdyn_Swarming (9.0.26064.2022)","False","","","Dependency reported by the Dataverse solution export.","Foundation and shared configuration","None","Investigate","External dependency must be validated for necessity, licensing, and target availability.","Required","Not required","True"
"MissingDependency","Zugeordnete Wissensdatensatz-Ansichten","Zugeordnete Wissensdatensatz-Ansichten","Other/Solution.xml","{b05c1e9c-94d0-46c1-8968-df49b8f33ec7}","msdynce_Service (9.0.5.56);msdynce_ServiceAnchor (9.0.26064.1006)","False","","","Dependency reported by the Dataverse solution export.","Foundation and shared configuration","None","Investigate","External dependency must be validated for necessity, licensing, and target availability.","Required","Not required","True"
"MissingDependency","{e1ec2c0c-1744-42fa-a346-fb8237357d0f}","Sales Insights","Other/Solution.xml","{e1ec2c0c-1744-42fa-a346-fb8237357d0f}","msdynce_SalesInsightsAnchor (9.0.26052.10004);msdynce_SalesInsightsAnchor (9.0.26064.10003);SICommon (9.0.26064.10001)","False","","","Dependency reported by the Dataverse solution export.","Foundation and shared configuration","None","Investigate","External dependency must be validated for necessity, licensing, and target availability.","Required","Not required","True"
"MissingDependency","address1_composite","Address 1","Other/Solution.xml","{e1ec2c0c-1744-42fa-a346-fb8237357d0f}","msdynce_LeadManagement (9.0.4.0066);msdynce_LeadManagementAnchor (9.0.26034.10001)","False","","","Dependency reported by the Dataverse solution export.","Foundation and shared configuration","None","Investigate","External dependency must be validated for necessity, licensing, and target availability.","Required","Not required","True"
"MissingDependency","Alle Mitbewerber (Zusammenfassung)","Alle Mitbewerber (Zusammenfassung)","Other/Solution.xml","{e1ec2c0c-1744-42fa-a346-fb8237357d0f}","msdynce_Sales (9.0.4.0076);msdynce_SalesAnchor (9.0.26071.10006)","False","","","Dependency reported by the Dataverse solution export.","Foundation and shared configuration","None","Investigate","External dependency must be validated for necessity, licensing, and target availability.","Required","Not required","True"
"MissingDependency","companyname","Company Name","Other/Solution.xml","{e1ec2c0c-1744-42fa-a346-fb8237357d0f}","msdynce_LeadManagement (9.0.4.0066);msdynce_LeadManagementAnchor (9.0.26034.10001)","False","","","Dependency reported by the Dataverse solution export.","Foundation and shared configuration","None","Investigate","External dependency must be validated for necessity, licensing, and target availability.","Required","Not required","True"
"MissingDependency","competitor","Competitor","Other/Solution.xml","{e1ec2c0c-1744-42fa-a346-fb8237357d0f}","msdynce_Sales (9.0.4.0076);msdynce_SalesAnchor (9.0.26071.10006)","False","","","Dependency reported by the Dataverse solution export.","Foundation and shared configuration","None","Investigate","External dependency must be validated for necessity, licensing, and target availability.","Required","Not required","True"
"MissingDependency","description","Description","Other/Solution.xml","{e1ec2c0c-1744-42fa-a346-fb8237357d0f}","msdynce_LeadManagement (9.0.4.0066);msdynce_LeadManagementAnchor (9.0.26034.10001)","False","","","Dependency reported by the Dataverse solution export.","Foundation and shared configuration","None","Investigate","External dependency must be validated for necessity, licensing, and target availability.","Required","Not required","True"
"MissingDependency","donotbulkemail","Do not allow Bulk Emails","Other/Solution.xml","{e1ec2c0c-1744-42fa-a346-fb8237357d0f}","msdynce_LeadManagement (9.0.4.0066);msdynce_LeadManagementAnchor (9.0.26034.10001)","False","","","Dependency reported by the Dataverse solution export.","Foundation and shared configuration","None","Investigate","External dependency must be validated for necessity, licensing, and target availability.","Required","Not required","True"
"MissingDependency","donotemail","Do not allow Emails","Other/Solution.xml","{e1ec2c0c-1744-42fa-a346-fb8237357d0f}","msdynce_LeadManagement (9.0.4.0066);msdynce_LeadManagementAnchor (9.0.26034.10001)","False","","","Dependency reported by the Dataverse solution export.","Foundation and shared configuration","None","Investigate","External dependency must be validated for necessity, licensing, and target availability.","Required","Not required","True"
"MissingDependency","donotphone","Do not allow Phone Calls","Other/Solution.xml","{e1ec2c0c-1744-42fa-a346-fb8237357d0f}","msdynce_LeadManagement (9.0.4.0066);msdynce_LeadManagementAnchor (9.0.26034.10001)","False","","","Dependency reported by the Dataverse solution export.","Foundation and shared configuration","None","Investigate","External dependency must be validated for necessity, licensing, and target availability.","Required","Not required","True"
"MissingDependency","donotpostalmail","Do not allow Mails","Other/Solution.xml","{e1ec2c0c-1744-42fa-a346-fb8237357d0f}","msdynce_LeadManagement (9.0.4.0066);msdynce_LeadManagementAnchor (9.0.26034.10001)","False","","","Dependency reported by the Dataverse solution export.","Foundation and shared configuration","None","Investigate","External dependency must be validated for necessity, licensing, and target availability.","Required","Not required","True"
"MissingDependency","donotsendmm","Marketing Material","Other/Solution.xml","{e1ec2c0c-1744-42fa-a346-fb8237357d0f}","msdynce_LeadManagement (9.0.4.0066);msdynce_LeadManagementAnchor (9.0.26034.10001)","False","","","Dependency reported by the Dataverse solution export.","Foundation and shared configuration","None","Investigate","External dependency must be validated for necessity, licensing, and target availability.","Required","Not required","True"
"MissingDependency","emailaddress1","Email","Other/Solution.xml","{e1ec2c0c-1744-42fa-a346-fb8237357d0f}","msdynce_LeadManagement (9.0.4.0066);msdynce_LeadManagementAnchor (9.0.26034.10001)","False","","","Dependency reported by the Dataverse solution export.","Foundation and shared configuration","None","Investigate","External dependency must be validated for necessity, licensing, and target availability.","Required","Not required","True"
"MissingDependency","firstname","First Name","Other/Solution.xml","{e1ec2c0c-1744-42fa-a346-fb8237357d0f}","msdynce_LeadManagement (9.0.4.0066);msdynce_LeadManagementAnchor (9.0.26034.10001)","False","","","Dependency reported by the Dataverse solution export.","Foundation and shared configuration","None","Investigate","External dependency must be validated for necessity, licensing, and target availability.","Required","Not required","True"
"MissingDependency","followemail","Follow Email Activity","Other/Solution.xml","{e1ec2c0c-1744-42fa-a346-fb8237357d0f}","msdynce_LeadManagement (9.0.4.0066);msdynce_LeadManagementAnchor (9.0.26034.10001)","False","","","Dependency reported by the Dataverse solution export.","Foundation and shared configuration","None","Investigate","External dependency must be validated for necessity, licensing, and target availability.","Required","Not required","True"
"MissingDependency","fullname","Name","Other/Solution.xml","{e1ec2c0c-1744-42fa-a346-fb8237357d0f}","msdynce_LeadManagement (9.0.4.0066);msdynce_LeadManagementAnchor (9.0.26034.10001)","False","","","Dependency reported by the Dataverse solution export.","Foundation and shared configuration","None","Investigate","External dependency must be validated for necessity, licensing, and target availability.","Required","Not required","True"
"MissingDependency","industrycode","Industry","Other/Solution.xml","{e1ec2c0c-1744-42fa-a346-fb8237357d0f}","msdynce_LeadManagement (9.0.4.0066);msdynce_LeadManagementAnchor (9.0.26034.10001)","False","","","Dependency reported by the Dataverse solution export.","Foundation and shared configuration","None","Investigate","External dependency must be validated for necessity, licensing, and target availability.","Required","Not required","True"
"MissingDependency","jobtitle","Job Title","Other/Solution.xml","{e1ec2c0c-1744-42fa-a346-fb8237357d0f}","msdynce_LeadManagement (9.0.4.0066);msdynce_LeadManagementAnchor (9.0.26034.10001)","False","","","Dependency reported by the Dataverse solution export.","Foundation and shared configuration","None","Investigate","External dependency must be validated for necessity, licensing, and target availability.","Required","Not required","True"
"MissingDependency","lastname","Last Name","Other/Solution.xml","{e1ec2c0c-1744-42fa-a346-fb8237357d0f}","msdynce_LeadManagement (9.0.4.0066);msdynce_LeadManagementAnchor (9.0.26034.10001)","False","","","Dependency reported by the Dataverse solution export.","Foundation and shared configuration","None","Investigate","External dependency must be validated for necessity, licensing, and target availability.","Required","Not required","True"
"MissingDependency","lastusedincampaign","Last Campaign Date","Other/Solution.xml","{e1ec2c0c-1744-42fa-a346-fb8237357d0f}","msdynce_LeadManagement (9.0.4.0066);msdynce_LeadManagementAnchor (9.0.26034.10001)","False","","","Dependency reported by the Dataverse solution export.","Foundation and shared configuration","None","Investigate","External dependency must be validated for necessity, licensing, and target availability.","Required","Not required","True"
"MissingDependency","leadqualitycode","Rating","Other/Solution.xml","{e1ec2c0c-1744-42fa-a346-fb8237357d0f}","msdynce_LeadManagement (9.0.4.0066);msdynce_LeadManagementAnchor (9.0.26034.10001)","False","","","Dependency reported by the Dataverse solution export.","Foundation and shared configuration","None","Investigate","External dependency must be validated for necessity, licensing, and target availability.","Required","Not required","True"
"MissingDependency","leadsourcecode","Lead Source","Other/Solution.xml","{e1ec2c0c-1744-42fa-a346-fb8237357d0f}","msdynce_LeadManagement (9.0.4.0066);msdynce_LeadManagementAnchor (9.0.26034.10001)","False","","","Dependency reported by the Dataverse solution export.","Foundation and shared configuration","None","Investigate","External dependency must be validated for necessity, licensing, and target availability.","Required","Not required","True"
"MissingDependency","LinkedInIntegration/Common/msdyn_LinkedInIntegrationCommon.js","LinkedInIntegration/Common/msdyn_LinkedInIntegrationCommon.js","Other/Solution.xml","{e1ec2c0c-1744-42fa-a346-fb8237357d0f}","LinkedInSalesNavigatorControlsForUnifiedClient (3.1.3378.1);msdyn_LinkedInSalesNavigatorAnchor (3.0.1.1907);msdyn_LinkedInSalesNavigatorAnchor (3.1.3378.1)","False","","","Dependency reported by the Dataverse solution export.","Foundation and shared configuration","None","Investigate","External dependency must be validated for necessity, licensing, and target availability.","Required","Not required","True"
"MissingDependency","mobilephone","Mobile Phone","Other/Solution.xml","{e1ec2c0c-1744-42fa-a346-fb8237357d0f}","msdynce_LeadManagement (9.0.4.0066);msdynce_LeadManagementAnchor (9.0.26034.10001)","False","","","Dependency reported by the Dataverse solution export.","Foundation and shared configuration","None","Investigate","External dependency must be validated for necessity, licensing, and target availability.","Required","Not required","True"
"MissingDependency","MscrmControls.AcceleratedSales.CadenceWidgetControl","MscrmControls.AcceleratedSales.CadenceWidgetControl","Other/Solution.xml","{e1ec2c0c-1744-42fa-a346-fb8237357d0f}","msdyn_acceleratedsales (9.1.26064.10001);msdyn_AcceleratedSalesAnchor (9.1.26064.10001);msdyn_SalesDemoHubAnchor (9.0.2.20)","False","","","Dependency reported by the Dataverse solution export.","Foundation and shared configuration","None","Investigate","External dependency must be validated for necessity, licensing, and target availability.","Required","Not required","True"
"MissingDependency","MscrmControls.CardFeedContainer.CardFeedContainer","MscrmControls.CardFeedContainer.CardFeedContainer","Other/Solution.xml","{e1ec2c0c-1744-42fa-a346-fb8237357d0f}","BaseCustomControlsCore (9.0.2607.1005)","False","","","Dependency reported by the Dataverse solution export.","Foundation and shared configuration","None","Investigate","External dependency must be validated for necessity, licensing, and target availability.","Required","Not required","True"
"MissingDependency","MscrmControls.LeadHygiene.ValidatedFieldControl","MscrmControls.LeadHygiene.ValidatedFieldControl","Other/Solution.xml","{e1ec2c0c-1744-42fa-a346-fb8237357d0f}","msdyn_AcceleratedSalesAnchor (9.1.26064.10001);msdyn_leadhygiene (9.1.2605.4001)","False","","","Dependency reported by the Dataverse solution export.","Foundation and shared configuration","None","Investigate","External dependency must be validated for necessity, licensing, and target availability.","Required","Not required","True"
"MissingDependency","MscrmControls.LinkedInIntegration.LinkedInAccountControl","MscrmControls.LinkedInIntegration.LinkedInAccountControl","Other/Solution.xml","{e1ec2c0c-1744-42fa-a346-fb8237357d0f}","LinkedInSalesNavigatorControlsForUnifiedClient (3.1.3378.1);msdyn_LinkedInSalesNavigatorAnchor (3.0.1.1907);msdyn_LinkedInSalesNavigatorAnchor (3.1.3378.1)","False","","","Dependency reported by the Dataverse solution export.","Foundation and shared configuration","None","Investigate","External dependency must be validated for necessity, licensing, and target availability.","Required","Not required","True"
"MissingDependency","MscrmControls.LinkedInIntegration.LinkedInLeadControl","MscrmControls.LinkedInIntegration.LinkedInLeadControl","Other/Solution.xml","{e1ec2c0c-1744-42fa-a346-fb8237357d0f}","LinkedInSalesNavigatorControlsForUnifiedClient (3.1.3378.1);msdyn_LinkedInSalesNavigatorAnchor (3.0.1.1907);msdyn_LinkedInSalesNavigatorAnchor (3.1.3378.1)","False","","","Dependency reported by the Dataverse solution export.","Foundation and shared configuration","None","Investigate","External dependency must be validated for necessity, licensing, and target availability.","Required","Not required","True"
"MissingDependency","MscrmControls.RAContainer.RAControl","MscrmControls.RAContainer.RAControl","Other/Solution.xml","{e1ec2c0c-1744-42fa-a346-fb8237357d0f}","msdynce_SalesInsightsAnchor (9.0.26052.10004);msdynce_SalesInsightsAnchor (9.0.26064.10003);RelationshipAnalytics (9.0.26064.10001);SalesInsightsAddOn (9.0.23101.10001)","False","","","Dependency reported by the Dataverse solution export.","Foundation and shared configuration","None","Investigate","External dependency must be validated for necessity, licensing, and target availability.","Required","Not required","True"
"MissingDependency","MscrmControls.RAContainer.RAControlv2","MscrmControls.RAContainer.RAControlv2","Other/Solution.xml","{e1ec2c0c-1744-42fa-a346-fb8237357d0f}","msdynce_SalesInsightsAnchor (9.0.26052.10004);msdynce_SalesInsightsAnchor (9.0.26064.10003);RelationshipAnalytics (9.0.26064.10001);SalesInsightsAddOn (9.0.23101.10001)","False","","","Dependency reported by the Dataverse solution export.","Foundation and shared configuration","None","Investigate","External dependency must be validated for necessity, licensing, and target availability.","Required","Not required","True"
"MissingDependency","MscrmControls.Sales.PredictiveScoringWidget.PredictiveScoringWidget","MscrmControls.Sales.PredictiveScoringWidget.PredictiveScoringWidget","Other/Solution.xml","{e1ec2c0c-1744-42fa-a346-fb8237357d0f}","msdyn_PredictiveScoringCommon (9.0.26064.10001);msdynce_SalesInsightsAnchor (9.0.26052.10004);msdynce_SalesInsightsAnchor (9.0.26064.10003)","False","","","Dependency reported by the Dataverse solution export.","Foundation and shared configuration","None","Investigate","External dependency must be validated for necessity, licensing, and target availability.","Required","Not required","True"
"MissingDependency","msdyn_/ACI/Scripts/ACILoader.js","msdyn_/ACI/Scripts/ACILoader.js","Other/Solution.xml","{e1ec2c0c-1744-42fa-a346-fb8237357d0f}","msdynce_SalesInsightsAnchor (9.0.26052.10004);msdynce_SalesInsightsAnchor (9.0.26064.10003);RelationshipAnalytics (9.0.26064.10001);SalesInsightsAddOn (9.0.23101.10001)","False","","","Dependency reported by the Dataverse solution export.","Foundation and shared configuration","None","Investigate","External dependency must be validated for necessity, licensing, and target availability.","Required","Not required","True"
"MissingDependency","msdyn_/RICommon.js","msdyn_/RICommon.js","Other/Solution.xml","{e1ec2c0c-1744-42fa-a346-fb8237357d0f}","msdynce_SalesInsightsAnchor (9.0.26052.10004);msdynce_SalesInsightsAnchor (9.0.26064.10003);SICommon (9.0.26064.10001)","False","","","Dependency reported by the Dataverse solution export.","Foundation and shared configuration","None","Investigate","External dependency must be validated for necessity, licensing, and target availability.","Required","Not required","True"
"MissingDependency","msdyn_SalesOmniChannel.SalesPhoneNumberControl","msdyn_SalesOmniChannel.SalesPhoneNumberControl","Other/Solution.xml","{e1ec2c0c-1744-42fa-a346-fb8237357d0f}","msdyn_AcceleratedSalesAnchor (9.1.26064.10001);msdyn_SalesOmniChannel (9.1.26064.10001)","False","","","Dependency reported by the Dataverse solution export.","Foundation and shared configuration","None","Investigate","External dependency must be validated for necessity, licensing, and target availability.","Required","Not required","True"
"MissingDependency","msdyn_SalesOmniChannel/SalesPhoneNumber.Library.js","msdyn_SalesOmniChannel/SalesPhoneNumber.Library.js","Other/Solution.xml","{e1ec2c0c-1744-42fa-a346-fb8237357d0f}","msdyn_AcceleratedSalesAnchor (9.1.26064.10001);msdyn_SalesOmniChannel (9.1.26064.10001)","False","","","Dependency reported by the Dataverse solution export.","Foundation and shared configuration","None","Investigate","External dependency must be validated for necessity, licensing, and target availability.","Required","Not required","True"
"MissingDependency","MsdynControls.RAControls.HealthWidget","MsdynControls.RAControls.HealthWidget","Other/Solution.xml","{e1ec2c0c-1744-42fa-a346-fb8237357d0f}","msdynce_SalesInsightsAnchor (9.0.26052.10004);msdynce_SalesInsightsAnchor (9.0.26064.10003);RelationshipAnalytics (9.0.26064.10001);SalesInsightsAddOn (9.0.23101.10001)","False","","","Dependency reported by the Dataverse solution export.","Foundation and shared configuration","None","Investigate","External dependency must be validated for necessity, licensing, and target availability.","Required","Not required","True"
"MissingDependency","MsdynControls.WKWControls.ConnectionsWidget","MsdynControls.WKWControls.ConnectionsWidget","Other/Solution.xml","{e1ec2c0c-1744-42fa-a346-fb8237357d0f}","msdyn_connectiongraph (9.3.26064.10001);msdynce_SalesInsightsAnchor (9.0.26052.10004);msdynce_SalesInsightsAnchor (9.0.26064.10003);SalesInsightsAddOn (9.0.23101.10001)","False","","","Dependency reported by the Dataverse solution export.","Foundation and shared configuration","None","Investigate","External dependency must be validated for necessity, licensing, and target availability.","Required","Not required","True"
"MissingDependency","numberofemployees","No. of Employees","Other/Solution.xml","{e1ec2c0c-1744-42fa-a346-fb8237357d0f}","msdynce_LeadManagement (9.0.4.0066);msdynce_LeadManagementAnchor (9.0.26034.10001)","False","","","Dependency reported by the Dataverse solution export.","Foundation and shared configuration","None","Investigate","External dependency must be validated for necessity, licensing, and target availability.","Required","Not required","True"
"MissingDependency","ownerid","Owner","Other/Solution.xml","{e1ec2c0c-1744-42fa-a346-fb8237357d0f}","msdynce_LeadManagement (9.0.4.0066);msdynce_LeadManagementAnchor (9.0.26034.10001)","False","","","Dependency reported by the Dataverse solution export.","Foundation and shared configuration","None","Investigate","External dependency must be validated for necessity, licensing, and target availability.","Required","Not required","True"
"MissingDependency","preferredcontactmethodcode","Preferred Method of Contact","Other/Solution.xml","{e1ec2c0c-1744-42fa-a346-fb8237357d0f}","msdynce_LeadManagement (9.0.4.0066);msdynce_LeadManagementAnchor (9.0.26034.10001)","False","","","Dependency reported by the Dataverse solution export.","Foundation and shared configuration","None","Investigate","External dependency must be validated for necessity, licensing, and target availability.","Required","Not required","True"
"MissingDependency","revenue","Annual Revenue","Other/Solution.xml","{e1ec2c0c-1744-42fa-a346-fb8237357d0f}","msdynce_LeadManagement (9.0.4.0066);msdynce_LeadManagementAnchor (9.0.26034.10001)","False","","","Dependency reported by the Dataverse solution export.","Foundation and shared configuration","None","Investigate","External dependency must be validated for necessity, licensing, and target availability.","Required","Not required","True"
"MissingDependency","sic","SIC Code","Other/Solution.xml","{e1ec2c0c-1744-42fa-a346-fb8237357d0f}","msdynce_LeadManagement (9.0.4.0066);msdynce_LeadManagementAnchor (9.0.26034.10001)","False","","","Dependency reported by the Dataverse solution export.","Foundation and shared configuration","None","Investigate","External dependency must be validated for necessity, licensing, and target availability.","Required","Not required","True"
"MissingDependency","statuscode","Status Reason","Other/Solution.xml","{e1ec2c0c-1744-42fa-a346-fb8237357d0f}","msdynce_LeadManagement (9.0.4.0066);msdynce_LeadManagementAnchor (9.0.26034.10001)","False","","","Dependency reported by the Dataverse solution export.","Foundation and shared configuration","None","Investigate","External dependency must be validated for necessity, licensing, and target availability.","Required","Not required","True"
"MissingDependency","subject","Topic","Other/Solution.xml","{e1ec2c0c-1744-42fa-a346-fb8237357d0f}","msdynce_LeadManagement (9.0.4.0066);msdynce_LeadManagementAnchor (9.0.26034.10001)","False","","","Dependency reported by the Dataverse solution export.","Foundation and shared configuration","None","Investigate","External dependency must be validated for necessity, licensing, and target availability.","Required","Not required","True"
"MissingDependency","telephone1","Business Phone","Other/Solution.xml","{e1ec2c0c-1744-42fa-a346-fb8237357d0f}","msdynce_LeadManagement (9.0.4.0066);msdynce_LeadManagementAnchor (9.0.26034.10001)","False","","","Dependency reported by the Dataverse solution export.","Foundation and shared configuration","None","Investigate","External dependency must be validated for necessity, licensing, and target availability.","Required","Not required","True"
"MissingDependency","transactioncurrencyid","Currency","Other/Solution.xml","{e1ec2c0c-1744-42fa-a346-fb8237357d0f}","msdynce_LeadManagement (9.0.4.0066);msdynce_LeadManagementAnchor (9.0.26034.10001)","False","","","Dependency reported by the Dataverse solution export.","Foundation and shared configuration","None","Investigate","External dependency must be validated for necessity, licensing, and target availability.","Required","Not required","True"
"MissingDependency","websiteurl","Website","Other/Solution.xml","{e1ec2c0c-1744-42fa-a346-fb8237357d0f}","msdynce_LeadManagement (9.0.4.0066);msdynce_LeadManagementAnchor (9.0.26034.10001)","False","","","Dependency reported by the Dataverse solution export.","Foundation and shared configuration","None","Investigate","External dependency must be validated for necessity, licensing, and target availability.","Required","Not required","True"
"MissingDependency","account","Account","Other/Solution.xml","account","Active (1.0)","False","","","Dependency reported by the Dataverse solution export.","Foundation and shared configuration","None","Investigate","External dependency must be validated for necessity, licensing, and target availability.","Required","Not required","True"
"MissingDependency","{6356ff2a-bbbe-49fb-9da2-160b08865688}","Kampagne","Other/Solution.xml","cr7e8_AdvisorCockpit","msdynce_Marketing (9.0.4.37);msdynce_MarketingAnchor (9.0.26071.10004)","False","","","Dependency reported by the Dataverse solution export.","Foundation and shared configuration","None","Investigate","External dependency must be validated for necessity, licensing, and target availability.","Required","Not required","True"
"MissingDependency","campaign","Campaign","Other/Solution.xml","cr7e8_AdvisorCockpit","msdynce_Marketing (9.0.4.37);msdynce_MarketingAnchor (9.0.26071.10004)","False","","","Dependency reported by the Dataverse solution export.","Foundation and shared configuration","None","Investigate","External dependency must be validated for necessity, licensing, and target availability.","Required","Not required","True"
"MissingDependency","msdyn_/Images/AppModule_Default_Icon.png","msdyn_/Images/AppModule_Default_Icon.png","Other/Solution.xml","cr7e8_AdvisorCockpit","AppModuleWebResources (2.5)","False","","","Dependency reported by the Dataverse solution export.","Foundation and shared configuration","None","Investigate","External dependency must be validated for necessity, licensing, and target availability.","Required","Not required","True"
"MissingDependency","msdyn_/Images/AppModule_Default_Icon.png","msdyn_/Images/AppModule_Default_Icon.png","Other/Solution.xml","cr7e8_BrokerManager","AppModuleWebResources (2.5)","False","","","Dependency reported by the Dataverse solution export.","Foundation and shared configuration","None","Investigate","External dependency must be validated for necessity, licensing, and target availability.","Required","Not required","True"
"MissingDependency","msdyn_/Images/AppModule_Default_Icon.png","msdyn_/Images/AppModule_Default_Icon.png","Other/Solution.xml","cr7e8_ClaimCockpit","AppModuleWebResources (2.5)","False","","","Dependency reported by the Dataverse solution export.","Foundation and shared configuration","None","Investigate","External dependency must be validated for necessity, licensing, and target availability.","Required","Not required","True"
"MissingDependency","type:MCPServer","cr7e8_AdvisorCockpit_MCPServer","Other/Solution.xml","cr7e8_cr7e8_AdvisorCockpit_name_cr7e8_AdvisorCockpit_MCPServer","Active","False","","","Dependency reported by the Dataverse solution export.","Foundation and shared configuration","None","Investigate","External dependency must be validated for necessity, licensing, and target availability.","Required","Not required","True"
"MissingDependency","cr7e8_household","Household","Other/Solution.xml","cr7e8_household","Active","False","","","Dependency reported by the Dataverse solution export.","Foundation and shared configuration","None","Investigate","External dependency must be validated for necessity, licensing, and target availability.","Required","Not required","True"
"MissingDependency","cr7e8_offer","Offer","Other/Solution.xml","cr7e8_offer","Active","False","","","Dependency reported by the Dataverse solution export.","Foundation and shared configuration","None","Investigate","External dependency must be validated for necessity, licensing, and target availability.","Required","Not required","True"
"MissingDependency","cr7e8_policy","Policy","Other/Solution.xml","cr7e8_policy","Active","False","","","Dependency reported by the Dataverse solution export.","Foundation and shared configuration","None","Investigate","External dependency must be validated for necessity, licensing, and target availability.","Required","Not required","True"
"MissingDependency","incident","Case","Other/Solution.xml","incident","msdynce_Service (9.0.5.56);msdynce_ServiceAnchor (9.0.26064.1006)","False","","","Dependency reported by the Dataverse solution export.","Foundation and shared configuration","None","Investigate","External dependency must be validated for necessity, licensing, and target availability.","Required","Not required","True"
"MissingDependency","lead","Lead","Other/Solution.xml","lead","msdynce_LeadManagement (9.0.4.0066);msdynce_LeadManagementAnchor (9.0.26034.10001)","False","","","Dependency reported by the Dataverse solution export.","Foundation and shared configuration","None","Investigate","External dependency must be validated for necessity, licensing, and target availability.","Required","Not required","True"
"MissingDependency","msdyn_/Analytics/imgs/Copilot.svg","msdyn_/Analytics/imgs/Copilot.svg","Other/Solution.xml","msdyn_CustomerServiceWorkspace","msdyn_AnalyticsForCopilot (9.0.26064.1014);msdyn_CustomerServiceAnalyticsAnchor (9.0.26035.1009);msdyn_CustomerServiceAnalyticsAnchor (9.0.26064.1014)","False","","","Dependency reported by the Dataverse solution export.","Foundation and shared configuration","None","Investigate","External dependency must be validated for necessity, licensing, and target availability.","Required","Not required","True"
"MissingDependency","msdyn_/Analytics/imgs/CustomerServiceInsights.svg","msdyn_/Analytics/imgs/CustomerServiceInsights.svg","Other/Solution.xml","msdyn_CustomerServiceWorkspace","msdyn_AnalyticsForCS (9.0.26064.1014);msdyn_CustomerServiceAnalyticsAnchor (9.0.26035.1009);msdyn_CustomerServiceAnalyticsAnchor (9.0.26064.1014)","False","","","Dependency reported by the Dataverse solution export.","Foundation and shared configuration","None","Investigate","External dependency must be validated for necessity, licensing, and target availability.","Required","Not required","True"
"MissingDependency","msdyn_/Analytics/imgs/CustomizedReportsIcon.svg","msdyn_/Analytics/imgs/CustomizedReportsIcon.svg","Other/Solution.xml","msdyn_CustomerServiceWorkspace","msdyn_AnalyticsForCS (9.0.26064.1014);msdyn_CustomerServiceAnalyticsAnchor (9.0.26035.1009);msdyn_CustomerServiceAnalyticsAnchor (9.0.26064.1014)","False","","","Dependency reported by the Dataverse solution export.","Foundation and shared configuration","None","Investigate","External dependency must be validated for necessity, licensing, and target availability.","Required","Not required","True"
"MissingDependency","msdyn_/Analytics/imgs/EmailSentimentIcon.svg","msdyn_/Analytics/imgs/EmailSentimentIcon.svg","Other/Solution.xml","msdyn_CustomerServiceWorkspace","msdyn_AnalyticsForCS (9.0.26064.1014);msdyn_CustomerServiceAnalyticsAnchor (9.0.26035.1009);msdyn_CustomerServiceAnalyticsAnchor (9.0.26064.1014)","False","","","Dependency reported by the Dataverse solution export.","Foundation and shared configuration","None","Investigate","External dependency must be validated for necessity, licensing, and target availability.","Required","Not required","True"
"MissingDependency","msdyn_/Analytics/imgs/KnowledgeSearchIcon.svg","msdyn_/Analytics/imgs/KnowledgeSearchIcon.svg","Other/Solution.xml","msdyn_CustomerServiceWorkspace","msdyn_AnalyticsForCS (9.0.26064.1014);msdyn_CustomerServiceAnalyticsAnchor (9.0.26035.1009);msdyn_CustomerServiceAnalyticsAnchor (9.0.26064.1014)","False","","","Dependency reported by the Dataverse solution export.","Foundation and shared configuration","None","Investigate","External dependency must be validated for necessity, licensing, and target availability.","Required","Not required","True"
"MissingDependency","msdyn_/Analytics/imgs/OmnichannelReportIcon.svg","msdyn_/Analytics/imgs/OmnichannelReportIcon.svg","Other/Solution.xml","msdyn_CustomerServiceWorkspace","msdyn_CustomerServiceAnalyticsAnchor (9.0.26035.1009);msdyn_CustomerServiceAnalyticsAnchor (9.0.26064.1014);msdyn_DataInsightsAndAnalyticsForOC (9.0.26064.1014)","False","","","Dependency reported by the Dataverse solution export.","Foundation and shared configuration","None","Investigate","External dependency must be validated for necessity, licensing, and target availability.","Required","Not required","True"
"MissingDependency","msdyn_/Analytics/imgs/RealtimeReportIcon.svg","msdyn_/Analytics/imgs/RealtimeReportIcon.svg","Other/Solution.xml","msdyn_CustomerServiceWorkspace","msdyn_CustomerServiceAnalyticsAnchor (9.0.26035.1009);msdyn_CustomerServiceAnalyticsAnchor (9.0.26064.1014);msdyn_DataInsightsAndAnalyticsForOC (9.0.26064.1014)","False","","","Dependency reported by the Dataverse solution export.","Foundation and shared configuration","None","Investigate","External dependency must be validated for necessity, licensing, and target availability.","Required","Not required","True"
"MissingDependency","msdyn_/Analytics/imgs/URRealTimeIcon.svg","msdyn_/Analytics/imgs/URRealTimeIcon.svg","Other/Solution.xml","msdyn_CustomerServiceWorkspace","msdyn_AnalyticsForCS (9.0.26064.1014);msdyn_CustomerServiceAnalyticsAnchor (9.0.26035.1009);msdyn_CustomerServiceAnalyticsAnchor (9.0.26064.1014)","False","","","Dependency reported by the Dataverse solution export.","Foundation and shared configuration","None","Investigate","External dependency must be validated for necessity, licensing, and target availability.","Required","Not required","True"
"MissingDependency","msdyn_agentcoachadminsettings","Agent Coach Admin Settings","Other/Solution.xml","msdyn_CustomerServiceWorkspace","msdyn_AgentCoach (1.0.26064.1028);msdyn_QMSAnchor (1.0.26064.1028)","False","","","Dependency reported by the Dataverse solution export.","Foundation and shared configuration","None","Investigate","External dependency must be validated for necessity, licensing, and target availability.","Required","Not required","True"
"MissingDependency","msdyn_AIOptimizationHubIConFinal","msdyn_AIOptimizationHubIConFinal","Other/Solution.xml","msdyn_CustomerServiceWorkspace","msdyn_CopilotTrustCenter (1.196.3492.3);msdyn_ServiceExtendedAnchor (9.0.26064.2022)","False","","","Dependency reported by the Dataverse solution export.","Foundation and shared configuration","None","Investigate","External dependency must be validated for necessity, licensing, and target availability.","Required","Not required","True"
"MissingDependency","msdyn_customerasset","Customer Asset","Other/Solution.xml","msdyn_CustomerServiceWorkspace","FieldService_Anchor (8.8.145.42);FieldService_Anchor (8.8.147.60);msdyn_AssetCommon (1.0.3412.1);msdynce_ServiceAnchor (9.0.26064.1006)","False","","","Dependency reported by the Dataverse solution export.","Foundation and shared configuration","None","Investigate","External dependency must be validated for necessity, licensing, and target availability.","Required","Not required","True"
"MissingDependency","msdyn_CustomerServiceWorkspace","msdyn_CustomerServiceWorkspace","Other/Solution.xml","msdyn_CustomerServiceWorkspace","msdyn_CustomerServiceWorkspace (9.0.26062.2000);msdyn_ServiceExtendedAnchor (9.0.26064.2022)","False","","","Dependency reported by the Dataverse solution export.","Foundation and shared configuration","None","Investigate","External dependency must be validated for necessity, licensing, and target availability.","Required","Not required","True"
"MissingDependency","msdyn_dataanalyticsreport_copilot","Copilot Analytics","Other/Solution.xml","msdyn_CustomerServiceWorkspace","msdyn_AnalyticsForCopilot (9.0.26064.1014);msdyn_CustomerServiceAnalyticsAnchor (9.0.26035.1009);msdyn_CustomerServiceAnalyticsAnchor (9.0.26064.1014)","False","","","Dependency reported by the Dataverse solution export.","Foundation and shared configuration","None","Investigate","External dependency must be validated for necessity, licensing, and target availability.","Required","Not required","True"
"MissingDependency","msdyn_dataanalyticsreport_csrmanager","Customer Service historical analytics","Other/Solution.xml","msdyn_CustomerServiceWorkspace","msdyn_AnalyticsForCS (9.0.26064.1014);msdyn_CustomerServiceAnalyticsAnchor (9.0.26035.1009);msdyn_CustomerServiceAnalyticsAnchor (9.0.26064.1014)","False","","","Dependency reported by the Dataverse solution export.","Foundation and shared configuration","None","Investigate","External dependency must be validated for necessity, licensing, and target availability.","Required","Not required","True"
"MissingDependency","msdyn_dataanalyticsreport_email","Email analytics","Other/Solution.xml","msdyn_CustomerServiceWorkspace","msdyn_AnalyticsForCS (9.0.26064.1014);msdyn_CustomerServiceAnalyticsAnchor (9.0.26035.1009);msdyn_CustomerServiceAnalyticsAnchor (9.0.26064.1014)","False","","","Dependency reported by the Dataverse solution export.","Foundation and shared configuration","None","Investigate","External dependency must be validated for necessity, licensing, and target availability.","Required","Not required","True"
"MissingDependency","msdyn_dataanalyticsreport_ksinsights","Knowledge analytics","Other/Solution.xml","msdyn_CustomerServiceWorkspace","msdyn_AnalyticsForCS (9.0.26064.1014);msdyn_CustomerServiceAnalyticsAnchor (9.0.26035.1009);msdyn_CustomerServiceAnalyticsAnchor (9.0.26064.1014)","False","","","Dependency reported by the Dataverse solution export.","Foundation and shared configuration","None","Investigate","External dependency must be validated for necessity, licensing, and target availability.","Required","Not required","True"
"MissingDependency","msdyn_dataanalyticsreport_mc","Model Customization analytics","Other/Solution.xml","msdyn_CustomerServiceWorkspace","msdyn_AnalyticsForCS (9.0.26064.1014);msdyn_CustomerServiceAnalyticsAnchor (9.0.26035.1009);msdyn_CustomerServiceAnalyticsAnchor (9.0.26064.1014)","False","","","Dependency reported by the Dataverse solution export.","Foundation and shared configuration","None","Investigate","External dependency must be validated for necessity, licensing, and target availability.","Required","Not required","True"
"MissingDependency","msdyn_dataanalyticsreport_oc","Omnichannel historical analytics","Other/Solution.xml","msdyn_CustomerServiceWorkspace","msdyn_CustomerServiceAnalyticsAnchor (9.0.26035.1009);msdyn_CustomerServiceAnalyticsAnchor (9.0.26064.1014);msdyn_DataInsightsAndAnalyticsForOC (9.0.26064.1014)","False","","","Dependency reported by the Dataverse solution export.","Foundation and shared configuration","None","Investigate","External dependency must be validated for necessity, licensing, and target availability.","Required","Not required","True"
"MissingDependency","msdyn_dataanalyticsreport_oc_rt","Omnichannel Realtime analytics","Other/Solution.xml","msdyn_CustomerServiceWorkspace","msdyn_CustomerServiceAnalyticsAnchor (9.0.26035.1009);msdyn_CustomerServiceAnalyticsAnchor (9.0.26064.1014);msdyn_DataInsightsAndAnalyticsForOC (9.0.26064.1014)","False","","","Dependency reported by the Dataverse solution export.","Foundation and shared configuration","None","Investigate","External dependency must be validated for necessity, licensing, and target availability.","Required","Not required","True"
"MissingDependency","msdyn_dataanalyticsreport_ocmodern","Contact Center historical analytics","Other/Solution.xml","msdyn_CustomerServiceWorkspace","msdyn_CustomerServiceAnalyticsAnchor (9.0.26035.1009);msdyn_CustomerServiceAnalyticsAnchor (9.0.26064.1014);msdyn_DataInsightsAndAnalyticsForOC (9.0.26064.1014)","False","","","Dependency reported by the Dataverse solution export.","Foundation and shared configuration","None","Investigate","External dependency must be validated for necessity, licensing, and target availability.","Required","Not required","True"
"MissingDependency","msdyn_dataanalyticsreport_ur_recordrouting_rt","Real-time analytics for record routing","Other/Solution.xml","msdyn_CustomerServiceWorkspace","msdyn_AnalyticsForCS (9.0.26064.1014);msdyn_CustomerServiceAnalyticsAnchor (9.0.26035.1009);msdyn_CustomerServiceAnalyticsAnchor (9.0.26064.1014)","False","","","Dependency reported by the Dataverse solution export.","Foundation and shared configuration","None","Investigate","External dependency must be validated for necessity, licensing, and target availability.","Required","Not required","True"
"MissingDependency","msdyn_evaluation","Evaluation","Other/Solution.xml","msdyn_CustomerServiceWorkspace","msdyn_QMS (1.0.26064.1028);msdyn_QMSAnchor (1.0.26035.1022);msdyn_QMSAnchor (1.0.26064.1028)","False","","","Dependency reported by the Dataverse solution export.","Foundation and shared configuration","None","Investigate","External dependency must be validated for necessity, licensing, and target availability.","Required","Not required","True"
"MissingDependency","msdyn_evaluationcriteria","Evaluation criteria","Other/Solution.xml","msdyn_CustomerServiceWorkspace","msdyn_QMS (1.0.26064.1028);msdyn_QMSAnchor (1.0.26035.1022);msdyn_QMSAnchor (1.0.26064.1028)","False","","","Dependency reported by the Dataverse solution export.","Foundation and shared configuration","None","Investigate","External dependency must be validated for necessity, licensing, and target availability.","Required","Not required","True"
"MissingDependency","msdyn_evaluationplan","Evaluation Plan","Other/Solution.xml","msdyn_CustomerServiceWorkspace","msdyn_QMS (1.0.26064.1028);msdyn_QMSAnchor (1.0.26035.1022);msdyn_QMSAnchor (1.0.26064.1028)","False","","","Dependency reported by the Dataverse solution export.","Foundation and shared configuration","None","Investigate","External dependency must be validated for necessity, licensing, and target availability.","Required","Not required","True"
"MissingDependency","msdyn_formSparkleRegular.svg","msdyn_formSparkleRegular.svg","Other/Solution.xml","msdyn_CustomerServiceWorkspace","msdyn_OCIntelligence (9.2.26064.1055);msdyn_ServiceIntelligenceAnchor (9.2.26035.1075);msdyn_ServiceIntelligenceAnchor (9.2.26064.1055)","False","","","Dependency reported by the Dataverse solution export.","Foundation and shared configuration","None","Investigate","External dependency must be validated for necessity, licensing, and target availability.","Required","Not required","True"
"MissingDependency","msdyn_GovernanceAgentSiteMapIcon","msdyn_GovernanceAgentSiteMapIcon","Other/Solution.xml","msdyn_CustomerServiceWorkspace","msdyn_GovernanceAgentClient (9.0.26064.1036);msdyn_ServiceAgentsAnchor (9.0.26035.1013);msdyn_ServiceAgentsAnchor (9.0.26064.1036)","False","","","Dependency reported by the Dataverse solution export.","Foundation and shared configuration","None","Investigate","External dependency must be validated for necessity, licensing, and target availability.","Required","Not required","True"
"MissingDependency","msdyn_guardrail_rule","msdyn_guardrail_rule","Other/Solution.xml","msdyn_CustomerServiceWorkspace","msdyn_GovernanceAgentIntelligence (9.0.26064.1036);msdyn_ServiceAgentsAnchor (9.0.26035.1013);msdyn_ServiceAgentsAnchor (9.0.26064.1036)","False","","","Dependency reported by the Dataverse solution export.","Foundation and shared configuration","None","Investigate","External dependency must be validated for necessity, licensing, and target availability.","Required","Not required","True"
"MissingDependency","msdyn_InboxSitemapIcon","msdyn_InboxSitemapIcon","Other/Solution.xml","msdyn_CustomerServiceWorkspace","msdyn_InboxSolution (1.0.26064.1014);msdyn_ServiceExtendedAnchor (9.0.26064.2022)","False","","","Dependency reported by the Dataverse solution export.","Foundation and shared configuration","None","Investigate","External dependency must be validated for necessity, licensing, and target availability.","Required","Not required","True"
"MissingDependency","msdyn_iotalert","IoT Alert","Other/Solution.xml","msdyn_CustomerServiceWorkspace","FieldService_Anchor (8.8.145.42);FieldService_Anchor (8.8.147.60);IoTConnector (1.8.53.0);msdynce_ServiceAnchor (9.0.26064.1006)","False","","","Dependency reported by the Dataverse solution export.","Foundation and shared configuration","None","Investigate","External dependency must be validated for necessity, licensing, and target availability.","Required","Not required","True"
"MissingDependency","msdyn_ocliveworkitem","Conversation","Other/Solution.xml","msdyn_CustomerServiceWorkspace","OmnichannelBase (1.10.0.146);UnifiedRoutingPrimeAnchor (1.5.27.251)","False","","","Dependency reported by the Dataverse solution export.","Foundation and shared configuration","None","Investigate","External dependency must be validated for necessity, licensing, and target availability.","Required","Not required","True"
"MissingDependency","msdyn_Personalization","msdyn_Personalization","Other/Solution.xml","msdyn_CustomerServiceWorkspace","msdyn_OmnichannelEngagementHubPatch (1.5.27.6);OmnichannelPrimeChatAnchor (1.5.27.234);OmnichannelPrimeChatGPTAnchor (1.5.27.101);OmnichannelPrimeChatGPTAnchor (1.5.27.123);OmnichannelPrimeFacebookAnchor (1.5.27.135);OmnichannelPrimeM365Copilot (1.5.27.105);OmnichannelPrimeM365Copilot (1.5.27.135);OmnichannelPrimeSMSAnchor (1.5.27.251);OmnichannelPrimeSocialChannelsAnchor (1.5.27.171);OmnichannelPrimeTeams (1.5.27.130);OmnichannelPrimeTelephony (1.5.27.650)","False","","","Dependency reported by the Dataverse solution export.","Foundation and shared configuration","None","Investigate","External dependency must be validated for necessity, licensing, and target availability.","Required","Not required","True"
"MissingDependency","msdyn_screenrecording","Screen Recording","Other/Solution.xml","msdyn_CustomerServiceWorkspace","msdyn_ChannelExperienceAppsAnchor (1.0.26052.1007);msdyn_ChannelExperienceAppsAnchor (1.0.26064.1015);msdyn_screenrecording_manager (1.0.26064.1015)","False","","","Dependency reported by the Dataverse solution export.","Foundation and shared configuration","None","Investigate","External dependency must be validated for necessity, licensing, and target availability.","Required","Not required","True"
"MissingDependency","msdyn_swarm","Swarm","Other/Solution.xml","msdyn_CustomerServiceWorkspace","msdyn_ServiceExtendedAnchor (9.0.26064.2022);msdyn_Swarming (9.0.26064.2022)","False","","","Dependency reported by the Dataverse solution export.","Foundation and shared configuration","None","Investigate","External dependency must be validated for necessity, licensing, and target availability.","Required","Not required","True"
"MissingDependency","msdyn_usersetting","User settings","Other/Solution.xml","msdyn_CustomerServiceWorkspace","OmnichannelBase (1.10.0.146);UnifiedRoutingPrimeAnchor (1.5.27.251)","False","","","Dependency reported by the Dataverse solution export.","Foundation and shared configuration","None","Investigate","External dependency must be validated for necessity, licensing, and target availability.","Required","Not required","True"
"MissingDependency","serviceappointment","Service Activity","Other/Solution.xml","msdyn_CustomerServiceWorkspace","msdynce_Service (9.0.5.56);msdynce_ServiceAnchor (9.0.26064.1006)","False","","","Dependency reported by the Dataverse solution export.","Foundation and shared configuration","None","Investigate","External dependency must be validated for necessity, licensing, and target availability.","Required","Not required","True"
"MissingDependency","msdyn_ocliveworkitem","Conversation","Other/Solution.xml","msdyn_ocliveworkitem","OmnichannelBase (1.10.0.146);UnifiedRoutingPrimeAnchor (1.5.27.251)","False","","","Dependency reported by the Dataverse solution export.","Foundation and shared configuration","None","Investigate","External dependency must be validated for necessity, licensing, and target availability.","Required","Not required","True"
"MissingDependency","{0cf8cf66-9213-eb11-a813-0022481cf931}","Marketing: Social Posting Dashboard","Other/Solution.xml","msdyncrm_MarketingSMBApp","MicrosoftDynamics_MktCompleteAnchorSolution (1.122.2010.408);MicrosoftDynamics_MktCompleteAnchorSolution (1.122.2010.510);MicrosoftDynamics_SocialPosting (1.122.2010.0)","False","","","Dependency reported by the Dataverse solution export.","Foundation and shared configuration","None","Investigate","External dependency must be validated for necessity, licensing, and target availability.","Required","Not required","True"
"MissingDependency","{247f7db4-2fc4-40b9-8722-1487bc8097b6}","Lead-to-opportunity marketing sales process","Other/Solution.xml","msdyncrm_MarketingSMBApp","MicrosoftDynamics_MktCompleteAnchorSolution (1.122.2010.408);MicrosoftDynamics_MktCompleteAnchorSolution (1.122.2010.510);MicrosoftDynamics_MktLeadManagement (1.122.2010.0)","False","","","Dependency reported by the Dataverse solution export.","Foundation and shared configuration","None","Investigate","External dependency must be validated for necessity, licensing, and target availability.","Required","Not required","True"
"MissingDependency","{2bfb149e-194c-4f79-b25f-79dd371ce955}","Channel Instance","Other/Solution.xml","msdyncrm_MarketingSMBApp","DynamicsMKT_AnchorSolution (1.2.1258.89);DynamicsMKT_AnchorSolution (1.2.437.94);DynamicsMKT_ChannelDefinitions (1.2.1258.87)","False","","","Dependency reported by the Dataverse solution export.","Foundation and shared configuration","None","Investigate","External dependency must be validated for necessity, licensing, and target availability.","Required","Not required","True"
"MissingDependency","{3048a303-57f3-47e6-8d43-6d33dcaf2d52}","Sp-QuickCreateForm","Other/Solution.xml","msdyncrm_MarketingSMBApp","MicrosoftDynamics_MktCompleteAnchorSolution (1.122.2010.408);MicrosoftDynamics_MktCompleteAnchorSolution (1.122.2010.510);MicrosoftDynamics_SocialPosting (1.122.2010.0)","False","","","Dependency reported by the Dataverse solution export.","Foundation and shared configuration","None","Investigate","External dependency must be validated for necessity, licensing, and target availability.","Required","Not required","True"
"MissingDependency","{47b7cbc5-f066-e711-a825-000d3a337469}","Marketing: Lead generation dashboard","Other/Solution.xml","msdyncrm_MarketingSMBApp","MicrosoftDynamics_MktCompleteAnchorSolution (1.122.2010.408);MicrosoftDynamics_MktCompleteAnchorSolution (1.122.2010.510);MicrosoftDynamics_MktIntegration (1.122.2010.0)","False","","","Dependency reported by the Dataverse solution export.","Foundation and shared configuration","None","Investigate","External dependency must be validated for necessity, licensing, and target availability.","Required","Not required","True"
"MissingDependency","{4c04d5c4-1567-e711-a824-000d3a33777b}","Marketing: Customer journey dashboard","Other/Solution.xml","msdyncrm_MarketingSMBApp","MicrosoftDynamics_MktCompleteAnchorSolution (1.122.2010.408);MicrosoftDynamics_MktCompleteAnchorSolution (1.122.2010.510);MicrosoftDynamics_MktIntegration (1.122.2010.0)","False","","","Dependency reported by the Dataverse solution export.","Foundation and shared configuration","None","Investigate","External dependency must be validated for necessity, licensing, and target availability.","Required","Not required","True"
"MissingDependency","{5c1b041c-0644-4af0-b590-11f8d1320bcd}","Mobile app wizard","Other/Solution.xml","msdyncrm_MarketingSMBApp","DynamicsMKT_AnchorSolution (1.2.1258.89);DynamicsMKT_AnchorSolution (1.2.437.94);DynamicsMKT_PushNotification (1.2.1258.87)","False","","","Dependency reported by the Dataverse solution export.","Foundation and shared configuration","None","Investigate","External dependency must be validated for necessity, licensing, and target availability.","Required","Not required","True"
"MissingDependency","{6356ff2a-bbbe-49fb-9da2-160b08865688}","Kampagne","Other/Solution.xml","msdyncrm_MarketingSMBApp","msdynce_Marketing (9.0.4.37);msdynce_MarketingAnchor (9.0.26071.10004)","False","","","Dependency reported by the Dataverse solution export.","Foundation and shared configuration","None","Investigate","External dependency must be validated for necessity, licensing, and target availability.","Required","Not required","True"
"MissingDependency","{6a0e894d-5916-4ba1-9b4a-54315de0d62c}","Wizard","Other/Solution.xml","msdyncrm_MarketingSMBApp","DynamicsMKT_AnchorSolution (1.2.1258.89);DynamicsMKT_AnchorSolution (1.2.437.94);DynamicsMKT_ChannelDefinitions (1.2.1258.87)","False","","","Dependency reported by the Dataverse solution export.","Foundation and shared configuration","None","Investigate","External dependency must be validated for necessity, licensing, and target availability.","Required","Not required","True"
"MissingDependency","{7b78aae4-7945-4515-848b-1f86535846d6}","Insights","Other/Solution.xml","msdyncrm_MarketingSMBApp","MicrosoftDynamics_Marketing (1.122.2010.0);MicrosoftDynamics_MktCompleteAnchorSolution (1.122.2010.408);MicrosoftDynamics_MktCompleteAnchorSolution (1.122.2010.510)","False","","","Dependency reported by the Dataverse solution export.","Foundation and shared configuration","None","Investigate","External dependency must be validated for necessity, licensing, and target availability.","Required","Not required","True"
"MissingDependency","{7c6143aa-66b1-40c8-8e97-eba24d96bb32}","Insights","Other/Solution.xml","msdyncrm_MarketingSMBApp","MicrosoftDynamics_MktCompleteAnchorSolution (1.122.2010.408);MicrosoftDynamics_MktCompleteAnchorSolution (1.122.2010.510);MicrosoftDynamics_MktLeadManagement (1.122.2010.0)","False","","","Dependency reported by the Dataverse solution export.","Foundation and shared configuration","None","Investigate","External dependency must be validated for necessity, licensing, and target availability.","Required","Not required","True"
"MissingDependency","{7cc77cae-6d68-e711-a824-000d3a33777b}","Event management dashboard","Other/Solution.xml","msdyncrm_MarketingSMBApp","MicrosoftDynamics_MktCompleteAnchorSolution (1.122.2010.408);MicrosoftDynamics_MktCompleteAnchorSolution (1.122.2010.510);MicrosoftDynamics_MktIntegration (1.122.2010.0)","False","","","Dependency reported by the Dataverse solution export.","Foundation and shared configuration","None","Investigate","External dependency must be validated for necessity, licensing, and target availability.","Required","Not required","True"
"MissingDependency","{9299ed42-3c48-49c0-9b9f-2dc69b1a9561}","Wizard form","Other/Solution.xml","msdyncrm_MarketingSMBApp","DynamicsMKT_AnchorSolution (1.2.1258.89);DynamicsMKT_AnchorSolution (1.2.437.94);DynamicsMKT_SmsChannel (1.2.1258.87)","False","","","Dependency reported by the Dataverse solution export.","Foundation and shared configuration","None","Investigate","External dependency must be validated for necessity, licensing, and target availability.","Required","Not required","True"
"MissingDependency","{9623d467-52ae-4979-89f6-2ac0d11dad99}","EventMainBusinessProcessFlow","Other/Solution.xml","msdyncrm_MarketingSMBApp","DynamicsMKT_AnchorSolution (1.2.1258.89);DynamicsMKT_AnchorSolution (1.2.437.94);MicrosoftDynamics_EventManagement (1.52.2104.96);MicrosoftDynamics_MktCompleteAnchorSolution (1.122.2010.408);MicrosoftDynamics_MktCompleteAnchorSolution (1.122.2010.510)","False","","","Dependency reported by the Dataverse solution export.","Foundation and shared configuration","None","Investigate","External dependency must be validated for necessity, licensing, and target availability.","Required","Not required","True"
"MissingDependency","{9de6d9a5-7863-df11-ae90-00155d2e3002}","Marketingdashboard","Other/Solution.xml","msdyncrm_MarketingSMBApp","msdynce_Marketing (9.0.4.37);msdynce_MarketingAnchor (9.0.26071.10004)","False","","","Dependency reported by the Dataverse solution export.","Foundation and shared configuration","None","Investigate","External dependency must be validated for necessity, licensing, and target availability.","Required","Not required","True"
"MissingDependency","{a79132e8-4463-474d-a8ff-8c52e73e0f82}","Mobile app configuration","Other/Solution.xml","msdyncrm_MarketingSMBApp","DynamicsMKT_AnchorSolution (1.2.1258.89);DynamicsMKT_AnchorSolution (1.2.437.94);DynamicsMKT_PushNotification (1.2.1258.87)","False","","","Dependency reported by the Dataverse solution export.","Foundation and shared configuration","None","Investigate","External dependency must be validated for necessity, licensing, and target availability.","Required","Not required","True"
"MissingDependency","{af155b88-1567-e711-a824-000d3a33777b}","Marketing: Email marketing dashboard","Other/Solution.xml","msdyncrm_MarketingSMBApp","MicrosoftDynamics_MktCompleteAnchorSolution (1.122.2010.408);MicrosoftDynamics_MktCompleteAnchorSolution (1.122.2010.510);MicrosoftDynamics_MktIntegration (1.122.2010.0)","False","","","Dependency reported by the Dataverse solution export.","Foundation and shared configuration","None","Investigate","External dependency must be validated for necessity, licensing, and target availability.","Required","Not required","True"
"MissingDependency","{b46aeb74-bf0c-44fb-8158-9575588d1b57}","Soziales Marketingdashboard","Other/Solution.xml","msdyncrm_MarketingSMBApp","msdynce_Marketing (9.0.4.37);msdynce_MarketingAnchor (9.0.26071.10004)","False","","","Dependency reported by the Dataverse solution export.","Foundation and shared configuration","None","Investigate","External dependency must be validated for necessity, licensing, and target availability.","Required","Not required","True"
"MissingDependency","{c97736b7-71e5-e711-80ed-00155d952b03}","LeadGen Sync Status","Other/Solution.xml","msdyncrm_MarketingSMBApp","LinkedInLeadGenIntegration (1.45.1134.0);MicrosoftDynamics_MktCompleteAnchorSolution (1.122.2010.408);MicrosoftDynamics_MktCompleteAnchorSolution (1.122.2010.510)","False","","","Dependency reported by the Dataverse solution export.","Foundation and shared configuration","None","Investigate","External dependency must be validated for necessity, licensing, and target availability.","Required","Not required","True"
"MissingDependency","{d4c8d28c-3a8e-43aa-baca-b59ead6be587}","Information","Other/Solution.xml","msdyncrm_MarketingSMBApp","MicrosoftDynamics_Marketing (1.122.2010.0);MicrosoftDynamics_MktCompleteAnchorSolution (1.122.2010.408);MicrosoftDynamics_MktCompleteAnchorSolution (1.122.2010.510)","False","","","Dependency reported by the Dataverse solution export.","Foundation and shared configuration","None","Investigate","External dependency must be validated for necessity, licensing, and target availability.","Required","Not required","True"
"MissingDependency","{e3b6ddb7-8df0-4410-ac7b-fd32e5053d38}","Lead","Other/Solution.xml","msdyncrm_MarketingSMBApp","msdynce_LeadManagement (9.0.4.0066);msdynce_LeadManagementAnchor (9.0.26034.10001)","False","","","Dependency reported by the Dataverse solution export.","Foundation and shared configuration","None","Investigate","External dependency must be validated for necessity, licensing, and target availability.","Required","Not required","True"
"MissingDependency","{fd5997e3-d716-4c34-bfab-1746bad68b44}","SMS providers","Other/Solution.xml","msdyncrm_MarketingSMBApp","DynamicsMKT_AnchorSolution (1.2.1258.89);DynamicsMKT_AnchorSolution (1.2.437.94);DynamicsMKT_SmsChannel (1.2.1258.87)","False","","","Dependency reported by the Dataverse solution export.","Foundation and shared configuration","None","Investigate","External dependency must be validated for necessity, licensing, and target availability.","Required","Not required","True"
"MissingDependency","All custom channels","All custom channels","Other/Solution.xml","msdyncrm_MarketingSMBApp","DynamicsMKT_AnchorSolution (1.2.1258.89);DynamicsMKT_AnchorSolution (1.2.437.94);DynamicsMKT_ChannelDefinitions (1.2.1258.87)","False","","","Dependency reported by the Dataverse solution export.","Foundation and shared configuration","None","Investigate","External dependency must be validated for necessity, licensing, and target availability.","Required","Not required","True"
"MissingDependency","All mobile app configurations","All mobile app configurations","Other/Solution.xml","msdyncrm_MarketingSMBApp","DynamicsMKT_AnchorSolution (1.2.1258.89);DynamicsMKT_AnchorSolution (1.2.437.94);DynamicsMKT_PushNotification (1.2.1258.87)","False","","","Dependency reported by the Dataverse solution export.","Foundation and shared configuration","None","Investigate","External dependency must be validated for necessity, licensing, and target availability.","Required","Not required","True"
"MissingDependency","All SMS providers","All SMS providers","Other/Solution.xml","msdyncrm_MarketingSMBApp","DynamicsMKT_AnchorSolution (1.2.1258.89);DynamicsMKT_AnchorSolution (1.2.437.94);DynamicsMKT_SmsChannel (1.2.1258.87)","False","","","Dependency reported by the Dataverse solution export.","Foundation and shared configuration","None","Investigate","External dependency must be validated for necessity, licensing, and target availability.","Required","Not required","True"
"MissingDependency","AppCommon/ControlWS/SummaryPageImages/msdyncrm_ApplicationManagementIcon.svg","AppCommon/ControlWS/SummaryPageImages/msdyncrm_ApplicationManagementIcon.svg","Other/Solution.xml","msdyncrm_MarketingSMBApp","MicrosoftDynamics_MktCompleteAnchorSolution (1.122.2010.408);MicrosoftDynamics_MktCompleteAnchorSolution (1.122.2010.510);MicrosoftDynamics_MktIntegration (1.122.2010.0)","False","","","Dependency reported by the Dataverse solution export.","Foundation and shared configuration","None","Investigate","External dependency must be validated for necessity, licensing, and target availability.","Required","Not required","True"
"MissingDependency","AppCommon/ControlWS/SummaryPageImages/msdyncrm_CustomerInsightSyncIcon.svg","AppCommon/ControlWS/SummaryPageImages/msdyncrm_CustomerInsightSyncIcon.svg","Other/Solution.xml","msdyncrm_MarketingSMBApp","MicrosoftDynamics_MktCompleteAnchorSolution (1.122.2010.408);MicrosoftDynamics_MktCompleteAnchorSolution (1.122.2010.510);MicrosoftDynamics_MktIntegration (1.122.2010.0)","False","","","Dependency reported by the Dataverse solution export.","Foundation and shared configuration","None","Investigate","External dependency must be validated for necessity, licensing, and target availability.","Required","Not required","True"
"MissingDependency","campaign","Campaign","Other/Solution.xml","msdyncrm_MarketingSMBApp","msdynce_Marketing (9.0.4.37);msdynce_MarketingAnchor (9.0.26071.10004)","False","","","Dependency reported by the Dataverse solution export.","Foundation and shared configuration","None","Investigate","External dependency must be validated for necessity, licensing, and target availability.","Required","Not required","True"
"MissingDependency","customeropportunityrole","Opportunity Relationship","Other/Solution.xml","msdyncrm_MarketingSMBApp","msdynce_Sales (9.0.4.0076);msdynce_SalesAnchor (9.0.26071.10006)","False","","","Dependency reported by the Dataverse solution export.","Foundation and shared configuration","None","Investigate","External dependency must be validated for necessity, licensing, and target availability.","Required","Not required","True"
"MissingDependency","icon/AddOns_SubArea.svg","icon/AddOns_SubArea.svg","Other/Solution.xml","msdyncrm_MarketingSMBApp","DynamicsMKT_AnchorSolution (1.2.1258.89);DynamicsMKT_AnchorSolution (1.2.437.94);DynamicsMKT_Sitemap (1.2.1258.72)","False","","","Dependency reported by the Dataverse solution export.","Foundation and shared configuration","None","Investigate","External dependency must be validated for necessity, licensing, and target availability.","Required","Not required","True"
"MissingDependency","icon/CustomerInsightsConnector_SubArea.svg","icon/CustomerInsightsConnector_SubArea.svg","Other/Solution.xml","msdyncrm_MarketingSMBApp","DynamicsMKT_AnchorSolution (1.2.1258.89);DynamicsMKT_AnchorSolution (1.2.437.94);DynamicsMKT_Sitemap (1.2.1258.72)","False","","","Dependency reported by the Dataverse solution export.","Foundation and shared configuration","None","Investigate","External dependency must be validated for necessity, licensing, and target availability.","Required","Not required","True"
"MissingDependency","icon/Link_SubArea.svg","icon/Link_SubArea.svg","Other/Solution.xml","msdyncrm_MarketingSMBApp","DynamicsMKT_AnchorSolution (1.2.1258.89);DynamicsMKT_AnchorSolution (1.2.437.94);DynamicsMKT_Sitemap (1.2.1258.72)","False","","","Dependency reported by the Dataverse solution export.","Foundation and shared configuration","None","Investigate","External dependency must be validated for necessity, licensing, and target availability.","Required","Not required","True"
"MissingDependency","icon/MatchingStrategy_SubArea.svg","icon/MatchingStrategy_SubArea.svg","Other/Solution.xml","msdyncrm_MarketingSMBApp","DynamicsMKT_AnchorSolution (1.2.1258.89);DynamicsMKT_AnchorSolution (1.2.437.94);DynamicsMKT_Sitemap (1.2.1258.72)","False","","","Dependency reported by the Dataverse solution export.","Foundation and shared configuration","None","Investigate","External dependency must be validated for necessity, licensing, and target availability.","Required","Not required","True"
"MissingDependency","icon/msdynmkt_AIHubSubArea.svg","icon/msdynmkt_AIHubSubArea.svg","Other/Solution.xml","msdyncrm_MarketingSMBApp","DynamicsMKT_AnchorSolution (1.2.1258.89);DynamicsMKT_AnchorSolution (1.2.437.94);DynamicsMKT_Sitemap (1.2.1258.72)","False","","","Dependency reported by the Dataverse solution export.","Foundation and shared configuration","None","Investigate","External dependency must be validated for necessity, licensing, and target availability.","Required","Not required","True"
"MissingDependency","icon/msdynmkt_contactpointsettings.svg","icon/msdynmkt_contactpointsettings.svg","Other/Solution.xml","msdyncrm_MarketingSMBApp","DynamicsMKT_AnchorSolution (1.2.1258.89);DynamicsMKT_AnchorSolution (1.2.437.94);DynamicsMKT_Consent (1.2.1258.87);DynamicsMKT_CxpSalesAnchorSolution (1.2.1258.46)","False","","","Dependency reported by the Dataverse solution export.","Foundation and shared configuration","None","Investigate","External dependency must be validated for necessity, licensing, and target availability.","Required","Not required","True"
"MissingDependency","icon/msdynmkt_customchannel.svg","icon/msdynmkt_customchannel.svg","Other/Solution.xml","msdyncrm_MarketingSMBApp","DynamicsMKT_AnchorSolution (1.2.1258.89);DynamicsMKT_AnchorSolution (1.2.437.94);DynamicsMKT_Consent (1.2.1258.87);DynamicsMKT_CxpSalesAnchorSolution (1.2.1258.46)","False","","","Dependency reported by the Dataverse solution export.","Foundation and shared configuration","None","Investigate","External dependency must be validated for necessity, licensing, and target availability.","Required","Not required","True"
"MissingDependency","icon/msdynmkt_cxpasset.svg","icon/msdynmkt_cxpasset.svg","Other/Solution.xml","msdyncrm_MarketingSMBApp","DynamicsMKT_AnchorSolution (1.2.1258.89);DynamicsMKT_AnchorSolution (1.2.437.94);DynamicsMKT_BaseSolution (1.2.1258.62);DynamicsMKT_CxpSalesAnchorSolution (1.2.1258.46)","False","","","Dependency reported by the Dataverse solution export.","Foundation and shared configuration","None","Investigate","External dependency must be validated for necessity, licensing, and target availability.","Required","Not required","True"
"MissingDependency","icon/msdynmkt_DefaultMarketingSettingsIcon.svg","icon/msdynmkt_DefaultMarketingSettingsIcon.svg","Other/Solution.xml","msdyncrm_MarketingSMBApp","DynamicsMKT_AnchorSolution (1.2.1258.89);DynamicsMKT_AnchorSolution (1.2.437.94);DynamicsMKT_Sitemap (1.2.1258.72)","False","","","Dependency reported by the Dataverse solution export.","Foundation and shared configuration","None","Investigate","External dependency must be validated for necessity, licensing, and target availability.","Required","Not required","True"
"MissingDependency","icon/msdynmkt_FeatureSwitchIcon.svg","icon/msdynmkt_FeatureSwitchIcon.svg","Other/Solution.xml","msdyncrm_MarketingSMBApp","DynamicsMKT_AnchorSolution (1.2.1258.89);DynamicsMKT_AnchorSolution (1.2.437.94);DynamicsMKT_Sitemap (1.2.1258.72)","False","","","Dependency reported by the Dataverse solution export.","Foundation and shared configuration","None","Investigate","External dependency must be validated for necessity, licensing, and target availability.","Required","Not required","True"
"MissingDependency","icon/msdynmkt_GetStartedSubArea.svg","icon/msdynmkt_GetStartedSubArea.svg","Other/Solution.xml","msdyncrm_MarketingSMBApp","DynamicsMKT_AnchorSolution (1.2.1258.89);DynamicsMKT_AnchorSolution (1.2.437.94);DynamicsMKT_Sitemap (1.2.1258.72)","False","","","Dependency reported by the Dataverse solution export.","Foundation and shared configuration","None","Investigate","External dependency must be validated for necessity, licensing, and target availability.","Required","Not required","True"
"MissingDependency","icon/msdynmkt_journey.svg","icon/msdynmkt_journey.svg","Other/Solution.xml","msdyncrm_MarketingSMBApp","DynamicsMKT_AnchorSolution (1.2.1258.89);DynamicsMKT_AnchorSolution (1.2.437.94);DynamicsMKT_CxpOrchestrationUI (1.2.1258.87)","False","","","Dependency reported by the Dataverse solution export.","Foundation and shared configuration","None","Investigate","External dependency must be validated for necessity, licensing, and target availability.","Required","Not required","True"
"MissingDependency","icon/msdynmkt_LimitUsageIcon.svg","icon/msdynmkt_LimitUsageIcon.svg","Other/Solution.xml","msdyncrm_MarketingSMBApp","DynamicsMKT_AnchorSolution (1.2.1258.89);DynamicsMKT_AnchorSolution (1.2.437.94);DynamicsMKT_Sitemap (1.2.1258.72)","False","","","Dependency reported by the Dataverse solution export.","Foundation and shared configuration","None","Investigate","External dependency must be validated for necessity, licensing, and target availability.","Required","Not required","True"
"MissingDependency","icon/msdynmkt_MarketingCopilotSubArea.svg","icon/msdynmkt_MarketingCopilotSubArea.svg","Other/Solution.xml","msdyncrm_MarketingSMBApp","DynamicsMKT_AnchorSolution (1.2.1258.89);DynamicsMKT_AnchorSolution (1.2.437.94);DynamicsMKT_Sitemap (1.2.1258.72)","False","","","Dependency reported by the Dataverse solution export.","Foundation and shared configuration","None","Investigate","External dependency must be validated for necessity, licensing, and target availability.","Required","Not required","True"
"MissingDependency","icon/msdynmkt_mobileapplication.svg","icon/msdynmkt_mobileapplication.svg","Other/Solution.xml","msdyncrm_MarketingSMBApp","DynamicsMKT_AnchorSolution (1.2.1258.89);DynamicsMKT_AnchorSolution (1.2.437.94);DynamicsMKT_PushNotification (1.2.1258.87)","False","","","Dependency reported by the Dataverse solution export.","Foundation and shared configuration","None","Investigate","External dependency must be validated for necessity, licensing, and target availability.","Required","Not required","True"
"MissingDependency","icon/msdynmkt_ProjectSophiaOutline.svg","icon/msdynmkt_ProjectSophiaOutline.svg","Other/Solution.xml","msdyncrm_MarketingSMBApp","DynamicsMKT_AnchorSolution (1.2.1258.89);DynamicsMKT_AnchorSolution (1.2.437.94);DynamicsMKT_Sitemap (1.2.1258.72)","False","","","Dependency reported by the Dataverse solution export.","Foundation and shared configuration","None","Investigate","External dependency must be validated for necessity, licensing, and target availability.","Required","Not required","True"
"MissingDependency","icon/msdynmkt_quiettimesetting.svg","icon/msdynmkt_quiettimesetting.svg","Other/Solution.xml","msdyncrm_MarketingSMBApp","DynamicsMKT_AnchorSolution (1.2.1258.89);DynamicsMKT_AnchorSolution (1.2.437.94);DynamicsMKT_SendOptimization (1.2.1258.87);msdyn_OmnichannelPrimeProactiveAIAnchor (1.5.27.29426538);msdyn_OmnichannelPrimeProactiveAIAnchor (1.5.27.29453725)","False","","","Dependency reported by the Dataverse solution export.","Foundation and shared configuration","None","Investigate","External dependency must be validated for necessity, licensing, and target availability.","Required","Not required","True"
"MissingDependency","icon/msdynmkt_QuotaLimitsIcon.svg","icon/msdynmkt_QuotaLimitsIcon.svg","Other/Solution.xml","msdyncrm_MarketingSMBApp","DynamicsMKT_AnchorSolution (1.2.1258.89);DynamicsMKT_AnchorSolution (1.2.437.94);DynamicsMKT_Sitemap (1.2.1258.72)","False","","","Dependency reported by the Dataverse solution export.","Foundation and shared configuration","None","Investigate","External dependency must be validated for necessity, licensing, and target availability.","Required","Not required","True"
"MissingDependency","icon/msdynmkt_sms.svg","icon/msdynmkt_sms.svg","Other/Solution.xml","msdyncrm_MarketingSMBApp","DynamicsMKT_AnchorSolution (1.2.1258.89);DynamicsMKT_AnchorSolution (1.2.437.94);DynamicsMKT_SmsChannel (1.2.1258.87)","False","","","Dependency reported by the Dataverse solution export.","Foundation and shared configuration","None","Investigate","External dependency must be validated for necessity, licensing, and target availability.","Required","Not required","True"
"MissingDependency","icon/msdynmkt_TemplateHubSubArea.svg","icon/msdynmkt_TemplateHubSubArea.svg","Other/Solution.xml","msdyncrm_MarketingSMBApp","DynamicsMKT_AnchorSolution (1.2.1258.89);DynamicsMKT_AnchorSolution (1.2.437.94);DynamicsMKT_Sitemap (1.2.1258.72)","False","","","Dependency reported by the Dataverse solution export.","Foundation and shared configuration","None","Investigate","External dependency must be validated for necessity, licensing, and target availability.","Required","Not required","True"
"MissingDependency","icon/msdynmkt_VersionsSubArea.svg","icon/msdynmkt_VersionsSubArea.svg","Other/Solution.xml","msdyncrm_MarketingSMBApp","DynamicsMKT_AnchorSolution (1.2.1258.89);DynamicsMKT_AnchorSolution (1.2.437.94);DynamicsMKT_Sitemap (1.2.1258.72)","False","","","Dependency reported by the Dataverse solution export.","Foundation and shared configuration","None","Investigate","External dependency must be validated for necessity, licensing, and target availability.","Required","Not required","True"
"MissingDependency","icon/TriggerKeywords_SubArea.svg","icon/TriggerKeywords_SubArea.svg","Other/Solution.xml","msdyncrm_MarketingSMBApp","DynamicsMKT_AnchorSolution (1.2.1258.89);DynamicsMKT_AnchorSolution (1.2.437.94);DynamicsMKT_Sitemap (1.2.1258.72)","False","","","Dependency reported by the Dataverse solution export.","Foundation and shared configuration","None","Investigate","External dependency must be validated for necessity, licensing, and target availability.","Required","Not required","True"
"MissingDependency","icon/WebTracking_SubArea.svg","icon/WebTracking_SubArea.svg","Other/Solution.xml","msdyncrm_MarketingSMBApp","DynamicsMKT_AnchorSolution (1.2.1258.89);DynamicsMKT_AnchorSolution (1.2.437.94);DynamicsMKT_Sitemap (1.2.1258.72)","False","","","Dependency reported by the Dataverse solution export.","Foundation and shared configuration","None","Investigate","External dependency must be validated for necessity, licensing, and target availability.","Required","Not required","True"
"MissingDependency","leadaddress","Lead Address","Other/Solution.xml","msdyncrm_MarketingSMBApp","msdynce_LeadManagement (9.0.4.0066);msdynce_LeadManagementAnchor (9.0.26034.10001)","False","","","Dependency reported by the Dataverse solution export.","Foundation and shared configuration","None","Investigate","External dependency must be validated for necessity, licensing, and target availability.","Required","Not required","True"
"MissingDependency","leadtoopportunitysalesprocess","Lead To Opportunity Sales Process","Other/Solution.xml","msdyncrm_MarketingSMBApp","msdynce_Sales (9.0.4.0076);msdynce_SalesAnchor (9.0.26071.10006)","False","","","Dependency reported by the Dataverse solution export.","Foundation and shared configuration","None","Investigate","External dependency must be validated for necessity, licensing, and target availability.","Required","Not required","True"
"MissingDependency","list","Marketing List","Other/Solution.xml","msdyncrm_MarketingSMBApp","msdynce_Marketing (9.0.4.37);msdynce_MarketingAnchor (9.0.26071.10004)","False","","","Dependency reported by the Dataverse solution export.","Foundation and shared configuration","None","Investigate","External dependency must be validated for necessity, licensing, and target availability.","Required","Not required","True"
"MissingDependency","msdyn_channelinstance","Channel Instance","Other/Solution.xml","msdyncrm_MarketingSMBApp","DynamicsMKT_AnchorSolution (1.2.1258.89);DynamicsMKT_AnchorSolution (1.2.437.94);DynamicsMKT_CxpSalesAnchorSolution (1.2.1258.46);msdyn_D365ChannelDefinitions (1.2.794.0);msdyn_D365ChannelDefinitionsAnchor (1.0.1.4)","False","","","Dependency reported by the Dataverse solution export.","Foundation and shared configuration","None","Investigate","External dependency must be validated for necessity, licensing, and target availability.","Required","Not required","True"
"MissingDependency","msdyn_channelinstanceaccount","Channel Instance Account","Other/Solution.xml","msdyncrm_MarketingSMBApp","DynamicsMKT_AnchorSolution (1.2.1258.89);DynamicsMKT_AnchorSolution (1.2.437.94);DynamicsMKT_CxpSalesAnchorSolution (1.2.1258.46);msdyn_D365ChannelDefinitions (1.2.794.0);msdyn_D365ChannelDefinitionsAnchor (1.0.1.4)","False","","","Dependency reported by the Dataverse solution export.","Foundation and shared configuration","None","Investigate","External dependency must be validated for necessity, licensing, and target availability.","Required","Not required","True"
"MissingDependency","msdyn_salesresearchmanager","Sales Research Manager","Other/Solution.xml","msdyncrm_MarketingSMBApp","msdyn_ProjectSophia (1.0.3475.1);msdyn_ProjectSophiaAnchor (1.0.0.214);msdyn_ProjectSophiaAnchor (1.0.3447.1)","False","","","Dependency reported by the Dataverse solution export.","Foundation and shared configuration","None","Investigate","External dependency must be validated for necessity, licensing, and target availability.","Required","Not required","True"
"MissingDependency","msdyncrm_/Sitemap/Library.svg","msdyncrm_/Sitemap/Library.svg","Other/Solution.xml","msdyncrm_MarketingSMBApp","MicrosoftDynamics_MktCompleteAnchorSolution (1.122.2010.408);MicrosoftDynamics_MktCompleteAnchorSolution (1.122.2010.510);MicrosoftDynamics_MktIntegration (1.122.2010.0)","False","","","Dependency reported by the Dataverse solution export.","Foundation and shared configuration","None","Investigate","External dependency must be validated for necessity, licensing, and target availability.","Required","Not required","True"
"MissingDependency","msdyncrm_/Sitemap/msdyncrm_GetStarted.svg","msdyncrm_/Sitemap/msdyncrm_GetStarted.svg","Other/Solution.xml","msdyncrm_MarketingSMBApp","MicrosoftDynamics_MktCompleteAnchorSolution (1.122.2010.408);MicrosoftDynamics_MktCompleteAnchorSolution (1.122.2010.510);MicrosoftDynamics_MktIntegration (1.122.2010.0)","False","","","Dependency reported by the Dataverse solution export.","Foundation and shared configuration","None","Investigate","External dependency must be validated for necessity, licensing, and target availability.","Required","Not required","True"
"MissingDependency","msdyncrm_appointmentactivitymarketingtemplate","Appointment activity marketing template","Other/Solution.xml","msdyncrm_MarketingSMBApp","MicrosoftDynamics_Marketing (1.122.2010.0);MicrosoftDynamics_MktCompleteAnchorSolution (1.122.2010.408);MicrosoftDynamics_MktCompleteAnchorSolution (1.122.2010.510)","False","","","Dependency reported by the Dataverse solution export.","Foundation and shared configuration","None","Investigate","External dependency must be validated for necessity, licensing, and target availability.","Required","Not required","True"
"MissingDependency","msdyncrm_cdsaconnectorconfiguration","Analytics configuration","Other/Solution.xml","msdyncrm_MarketingSMBApp","MicrosoftDynamics_Marketing (1.122.2010.0);MicrosoftDynamics_MktCompleteAnchorSolution (1.122.2010.408);MicrosoftDynamics_MktCompleteAnchorSolution (1.122.2010.510)","False","","","Dependency reported by the Dataverse solution export.","Foundation and shared configuration","None","Investigate","External dependency must be validated for necessity, licensing, and target availability.","Required","Not required","True"
"MissingDependency","msdyncrm_contentblock","Content block","Other/Solution.xml","msdyncrm_MarketingSMBApp","MicrosoftDynamics_MktCompleteAnchorSolution (1.122.2010.408);MicrosoftDynamics_MktCompleteAnchorSolution (1.122.2010.510);MicrosoftDynamics_ReusableBlocks (1.122.2010.0)","False","","","Dependency reported by the Dataverse solution export.","Foundation and shared configuration","None","Investigate","External dependency must be validated for necessity, licensing, and target availability.","Required","Not required","True"
"MissingDependency","msdyncrm_contentsettings","Content settings","Other/Solution.xml","msdyncrm_MarketingSMBApp","MicrosoftDynamics_Marketing (1.122.2010.0);MicrosoftDynamics_MktCompleteAnchorSolution (1.122.2010.408);MicrosoftDynamics_MktCompleteAnchorSolution (1.122.2010.510)","False","","","Dependency reported by the Dataverse solution export.","Foundation and shared configuration","None","Investigate","External dependency must be validated for necessity, licensing, and target availability.","Required","Not required","True"
"MissingDependency","msdyncrm_customerinsightsinfo","Customer insights information","Other/Solution.xml","msdyncrm_MarketingSMBApp","MicrosoftDynamics_Marketing (1.122.2010.0);MicrosoftDynamics_MktCompleteAnchorSolution (1.122.2010.408);MicrosoftDynamics_MktCompleteAnchorSolution (1.122.2010.510)","False","","","Dependency reported by the Dataverse solution export.","Foundation and shared configuration","None","Investigate","External dependency must be validated for necessity, licensing, and target availability.","Required","Not required","True"
"MissingDependency","msdyncrm_customerjourney","Customer journey","Other/Solution.xml","msdyncrm_MarketingSMBApp","MicrosoftDynamics_Marketing (1.122.2010.0);MicrosoftDynamics_MktCompleteAnchorSolution (1.122.2010.408);MicrosoftDynamics_MktCompleteAnchorSolution (1.122.2010.510)","False","","","Dependency reported by the Dataverse solution export.","Foundation and shared configuration","None","Investigate","External dependency must be validated for necessity, licensing, and target availability.","Required","Not required","True"
"MissingDependency","msdyncrm_customerjourneycustomchannelactivity","Custom channel activity","Other/Solution.xml","msdyncrm_MarketingSMBApp","MicrosoftDynamics_Marketing (1.122.2010.0);MicrosoftDynamics_MktCompleteAnchorSolution (1.122.2010.408);MicrosoftDynamics_MktCompleteAnchorSolution (1.122.2010.510)","False","","","Dependency reported by the Dataverse solution export.","Foundation and shared configuration","None","Investigate","External dependency must be validated for necessity, licensing, and target availability.","Required","Not required","True"
"MissingDependency","msdyncrm_customerjourneyiteration","Customer journey iteration","Other/Solution.xml","msdyncrm_MarketingSMBApp","MicrosoftDynamics_Marketing (1.122.2010.0);MicrosoftDynamics_MktCompleteAnchorSolution (1.122.2010.408);MicrosoftDynamics_MktCompleteAnchorSolution (1.122.2010.510)","False","","","Dependency reported by the Dataverse solution export.","Foundation and shared configuration","None","Investigate","External dependency must be validated for necessity, licensing, and target availability.","Required","Not required","True"
"MissingDependency","msdyncrm_customerjourneytemplate","Customer journey template","Other/Solution.xml","msdyncrm_MarketingSMBApp","MicrosoftDynamics_Marketing (1.122.2010.0);MicrosoftDynamics_MktCompleteAnchorSolution (1.122.2010.408);MicrosoftDynamics_MktCompleteAnchorSolution (1.122.2010.510)","False","","","Dependency reported by the Dataverse solution export.","Foundation and shared configuration","None","Investigate","External dependency must be validated for necessity, licensing, and target availability.","Required","Not required","True"
"MissingDependency","msdyncrm_customerjourneyworkflowlink","Customer journey workflow link","Other/Solution.xml","msdyncrm_MarketingSMBApp","MicrosoftDynamics_Marketing (1.122.2010.0);MicrosoftDynamics_MktCompleteAnchorSolution (1.122.2010.408);MicrosoftDynamics_MktCompleteAnchorSolution (1.122.2010.510)","False","","","Dependency reported by the Dataverse solution export.","Foundation and shared configuration","None","Investigate","External dependency must be validated for necessity, licensing, and target availability.","Required","Not required","True"
"MissingDependency","msdyncrm_defaultmarketingsetting","Default settings","Other/Solution.xml","msdyncrm_MarketingSMBApp","MicrosoftDynamics_Marketing (1.122.2010.0);MicrosoftDynamics_MktCompleteAnchorSolution (1.122.2010.408);MicrosoftDynamics_MktCompleteAnchorSolution (1.122.2010.510)","False","","","Dependency reported by the Dataverse solution export.","Foundation and shared configuration","None","Investigate","External dependency must be validated for necessity, licensing, and target availability.","Required","Not required","True"
"MissingDependency","msdyncrm_designerfeatureavailability","Designer feature protection","Other/Solution.xml","msdyncrm_MarketingSMBApp","MicrosoftDynamics_MktCompleteAnchorSolution (1.122.2010.408);MicrosoftDynamics_MktCompleteAnchorSolution (1.122.2010.510);MicrosoftDynamics_ReusableBlocks (1.122.2010.0)","False","","","Dependency reported by the Dataverse solution export.","Foundation and shared configuration","None","Investigate","External dependency must be validated for necessity, licensing, and target availability.","Required","Not required","True"
"MissingDependency","msdyncrm_file","File","Other/Solution.xml","msdyncrm_MarketingSMBApp","DynamicsMKT_AnchorSolution (1.2.1258.89);DynamicsMKT_AnchorSolution (1.2.437.94);DynamicsMKT_CxpSalesAnchorSolution (1.2.1258.46);MicrosoftDynamics_DigitalAssets (1.122.2104.90);MicrosoftDynamics_MktCompleteAnchorSolution (1.122.2010.408);MicrosoftDynamics_MktCompleteAnchorSolution (1.122.2010.510)","False","","","Dependency reported by the Dataverse solution export.","Foundation and shared configuration","None","Investigate","External dependency must be validated for necessity, licensing, and target availability.","Required","Not required","True"
"MissingDependency","msdyncrm_formpage","Form page","Other/Solution.xml","msdyncrm_MarketingSMBApp","MicrosoftDynamics_Marketing (1.122.2010.0);MicrosoftDynamics_MktCompleteAnchorSolution (1.122.2010.408);MicrosoftDynamics_MktCompleteAnchorSolution (1.122.2010.510)","False","","","Dependency reported by the Dataverse solution export.","Foundation and shared configuration","None","Investigate","External dependency must be validated for necessity, licensing, and target availability.","Required","Not required","True"
"MissingDependency","msdyncrm_formpagetemplate","Form page template","Other/Solution.xml","msdyncrm_MarketingSMBApp","MicrosoftDynamics_Marketing (1.122.2010.0);MicrosoftDynamics_MktCompleteAnchorSolution (1.122.2010.408);MicrosoftDynamics_MktCompleteAnchorSolution (1.122.2010.510)","False","","","Dependency reported by the Dataverse solution export.","Foundation and shared configuration","None","Investigate","External dependency must be validated for necessity, licensing, and target availability.","Required","Not required","True"
"MissingDependency","msdyncrm_geopin","Geo pin","Other/Solution.xml","msdyncrm_MarketingSMBApp","MicrosoftDynamics_Marketing (1.122.2010.0);MicrosoftDynamics_MktCompleteAnchorSolution (1.122.2010.408);MicrosoftDynamics_MktCompleteAnchorSolution (1.122.2010.510)","False","","","Dependency reported by the Dataverse solution export.","Foundation and shared configuration","None","Investigate","External dependency must be validated for necessity, licensing, and target availability.","Required","Not required","True"
"MissingDependency","msdyncrm_keyword","Tag","Other/Solution.xml","msdyncrm_MarketingSMBApp","DynamicsMKT_AnchorSolution (1.2.1258.89);DynamicsMKT_AnchorSolution (1.2.437.94);DynamicsMKT_CxpSalesAnchorSolution (1.2.1258.46);MicrosoftDynamics_DigitalAssets (1.122.2104.90);MicrosoftDynamics_MktCompleteAnchorSolution (1.122.2010.408);MicrosoftDynamics_MktCompleteAnchorSolution (1.122.2010.510)","False","","","Dependency reported by the Dataverse solution export.","Foundation and shared configuration","None","Investigate","External dependency must be validated for necessity, licensing, and target availability.","Required","Not required","True"
"MissingDependency","msdyncrm_leadscoremodel","Lead Scoring Model","Other/Solution.xml","msdyncrm_MarketingSMBApp","MicrosoftDynamics_MktCompleteAnchorSolution (1.122.2010.408);MicrosoftDynamics_MktCompleteAnchorSolution (1.122.2010.510);MicrosoftDynamics_MktLeadManagement (1.122.2010.0)","False","","","Dependency reported by the Dataverse solution export.","Foundation and shared configuration","None","Investigate","External dependency must be validated for necessity, licensing, and target availability.","Required","Not required","True"
"MissingDependency","msdyncrm_leadscoringconfiguration","Scoring configuration","Other/Solution.xml","msdyncrm_MarketingSMBApp","MicrosoftDynamics_MktCompleteAnchorSolution (1.122.2010.408);MicrosoftDynamics_MktCompleteAnchorSolution (1.122.2010.510);MicrosoftDynamics_MktLeadManagement (1.122.2010.0)","False","","","Dependency reported by the Dataverse solution export.","Foundation and shared configuration","None","Investigate","External dependency must be validated for necessity, licensing, and target availability.","Required","Not required","True"
"MissingDependency","msdyncrm_linkedinfieldmapping","Field mapping","Other/Solution.xml","msdyncrm_MarketingSMBApp","LinkedInLeadGenIntegration (1.45.1134.0);MicrosoftDynamics_MktCompleteAnchorSolution (1.122.2010.408);MicrosoftDynamics_MktCompleteAnchorSolution (1.122.2010.510)","False","","","Dependency reported by the Dataverse solution export.","Foundation and shared configuration","None","Investigate","External dependency must be validated for necessity, licensing, and target availability.","Required","Not required","True"
"MissingDependency","msdyncrm_linkedinform","LinkedIn Lead Gen Form","Other/Solution.xml","msdyncrm_MarketingSMBApp","LinkedInLeadGenIntegration (1.45.1134.0);MicrosoftDynamics_MktCompleteAnchorSolution (1.122.2010.408);MicrosoftDynamics_MktCompleteAnchorSolution (1.122.2010.510)","False","","","Dependency reported by the Dataverse solution export.","Foundation and shared configuration","None","Investigate","External dependency must be validated for necessity, licensing, and target availability.","Required","Not required","True"
"MissingDependency","msdyncrm_linkedinformsubmission","LinkedIn Lead Gen Form Submission","Other/Solution.xml","msdyncrm_MarketingSMBApp","LinkedInLeadGenIntegration (1.45.1134.0);MicrosoftDynamics_MktCompleteAnchorSolution (1.122.2010.408);MicrosoftDynamics_MktCompleteAnchorSolution (1.122.2010.510)","False","","","Dependency reported by the Dataverse solution export.","Foundation and shared configuration","None","Investigate","External dependency must be validated for necessity, licensing, and target availability.","Required","Not required","True"
"MissingDependency","msdyncrm_LinkedInLeadGen.Sitemap.Form.png","msdyncrm_LinkedInLeadGen.Sitemap.Form.png","Other/Solution.xml","msdyncrm_MarketingSMBApp","LinkedInLeadGenIntegration (1.45.1134.0);MicrosoftDynamics_MktCompleteAnchorSolution (1.122.2010.408);MicrosoftDynamics_MktCompleteAnchorSolution (1.122.2010.510)","False","","","Dependency reported by the Dataverse solution export.","Foundation and shared configuration","None","Investigate","External dependency must be validated for necessity, licensing, and target availability.","Required","Not required","True"
"MissingDependency","msdyncrm_LinkedInLeadGen.Sitemap.FormSubmission.png","msdyncrm_LinkedInLeadGen.Sitemap.FormSubmission.png","Other/Solution.xml","msdyncrm_MarketingSMBApp","LinkedInLeadGenIntegration (1.45.1134.0);MicrosoftDynamics_MktCompleteAnchorSolution (1.122.2010.408);MicrosoftDynamics_MktCompleteAnchorSolution (1.122.2010.510)","False","","","Dependency reported by the Dataverse solution export.","Foundation and shared configuration","None","Investigate","External dependency must be validated for necessity, licensing, and target availability.","Required","Not required","True"
"MissingDependency","msdyncrm_LinkedInLeadGen.Sitemap.UserProfile.png","msdyncrm_LinkedInLeadGen.Sitemap.UserProfile.png","Other/Solution.xml","msdyncrm_MarketingSMBApp","LinkedInLeadGenIntegration (1.45.1134.0);MicrosoftDynamics_MktCompleteAnchorSolution (1.122.2010.408);MicrosoftDynamics_MktCompleteAnchorSolution (1.122.2010.510)","False","","","Dependency reported by the Dataverse solution export.","Foundation and shared configuration","None","Investigate","External dependency must be validated for necessity, licensing, and target availability.","Required","Not required","True"
"MissingDependency","msdyncrm_linkedinleadmatchingstrategy","LinkedIn matching","Other/Solution.xml","msdyncrm_MarketingSMBApp","LinkedInLeadGenIntegration (1.45.1134.0);MicrosoftDynamics_MktCompleteAnchorSolution (1.122.2010.408);MicrosoftDynamics_MktCompleteAnchorSolution (1.122.2010.510)","False","","","Dependency reported by the Dataverse solution export.","Foundation and shared configuration","None","Investigate","External dependency must be validated for necessity, licensing, and target availability.","Required","Not required","True"
"MissingDependency","msdyncrm_linkedinuserprofile","LinkedIn User Profile","Other/Solution.xml","msdyncrm_MarketingSMBApp","LinkedInLeadGenIntegration (1.45.1134.0);MicrosoftDynamics_MktCompleteAnchorSolution (1.122.2010.408);MicrosoftDynamics_MktCompleteAnchorSolution (1.122.2010.510)","False","","","Dependency reported by the Dataverse solution export.","Foundation and shared configuration","None","Investigate","External dependency must be validated for necessity, licensing, and target availability.","Required","Not required","True"
"MissingDependency","msdyncrm_marketingconfiguration","Marketing configuration","Other/Solution.xml","msdyncrm_MarketingSMBApp","MicrosoftDynamics_Marketing (1.122.2010.0);MicrosoftDynamics_MktCompleteAnchorSolution (1.122.2010.408);MicrosoftDynamics_MktCompleteAnchorSolution (1.122.2010.510)","False","","","Dependency reported by the Dataverse solution export.","Foundation and shared configuration","None","Investigate","External dependency must be validated for necessity, licensing, and target availability.","Required","Not required","True"
"MissingDependency","msdyncrm_marketingdynamiccontentmetadata","Dynamic-content metadata","Other/Solution.xml","msdyncrm_MarketingSMBApp","MicrosoftDynamics_Marketing (1.122.2010.0);MicrosoftDynamics_MktCompleteAnchorSolution (1.122.2010.408);MicrosoftDynamics_MktCompleteAnchorSolution (1.122.2010.510)","False","","","Dependency reported by the Dataverse solution export.","Foundation and shared configuration","None","Investigate","External dependency must be validated for necessity, licensing, and target availability.","Required","Not required","True"
"MissingDependency","msdyncrm_marketingemail","Marketing email","Other/Solution.xml","msdyncrm_MarketingSMBApp","MicrosoftDynamics_Marketing (1.122.2010.0);MicrosoftDynamics_MktCompleteAnchorSolution (1.122.2010.408);MicrosoftDynamics_MktCompleteAnchorSolution (1.122.2010.510)","False","","","Dependency reported by the Dataverse solution export.","Foundation and shared configuration","None","Investigate","External dependency must be validated for necessity, licensing, and target availability.","Required","Not required","True"
"MissingDependency","msdyncrm_marketingemaildynamiccontentmetadata","Marketing email dynamic-content metadata","Other/Solution.xml","msdyncrm_MarketingSMBApp","MicrosoftDynamics_Marketing (1.122.2010.0);MicrosoftDynamics_MktCompleteAnchorSolution (1.122.2010.408);MicrosoftDynamics_MktCompleteAnchorSolution (1.122.2010.510)","False","","","Dependency reported by the Dataverse solution export.","Foundation and shared configuration","None","Investigate","External dependency must be validated for necessity, licensing, and target availability.","Required","Not required","True"
"MissingDependency","msdyncrm_marketingemailtemplate","Marketing email template","Other/Solution.xml","msdyncrm_MarketingSMBApp","MicrosoftDynamics_Marketing (1.122.2010.0);MicrosoftDynamics_MktCompleteAnchorSolution (1.122.2010.408);MicrosoftDynamics_MktCompleteAnchorSolution (1.122.2010.510)","False","","","Dependency reported by the Dataverse solution export.","Foundation and shared configuration","None","Investigate","External dependency must be validated for necessity, licensing, and target availability.","Required","Not required","True"
"MissingDependency","msdyncrm_marketingemailtestsend","Marketing email test send","Other/Solution.xml","msdyncrm_MarketingSMBApp","MicrosoftDynamics_Marketing (1.122.2010.0);MicrosoftDynamics_MktCompleteAnchorSolution (1.122.2010.408);MicrosoftDynamics_MktCompleteAnchorSolution (1.122.2010.510)","False","","","Dependency reported by the Dataverse solution export.","Foundation and shared configuration","None","Investigate","External dependency must be validated for necessity, licensing, and target availability.","Required","Not required","True"
"MissingDependency","msdyncrm_marketingform","Marketing form","Other/Solution.xml","msdyncrm_MarketingSMBApp","MicrosoftDynamics_Marketing (1.122.2010.0);MicrosoftDynamics_MktCompleteAnchorSolution (1.122.2010.408);MicrosoftDynamics_MktCompleteAnchorSolution (1.122.2010.510)","False","","","Dependency reported by the Dataverse solution export.","Foundation and shared configuration","None","Investigate","External dependency must be validated for necessity, licensing, and target availability.","Required","Not required","True"
"MissingDependency","msdyncrm_marketingformfield","Marketing form field","Other/Solution.xml","msdyncrm_MarketingSMBApp","MicrosoftDynamics_Marketing (1.122.2010.0);MicrosoftDynamics_MktCompleteAnchorSolution (1.122.2010.408);MicrosoftDynamics_MktCompleteAnchorSolution (1.122.2010.510)","False","","","Dependency reported by the Dataverse solution export.","Foundation and shared configuration","None","Investigate","External dependency must be validated for necessity, licensing, and target availability.","Required","Not required","True"
"MissingDependency","msdyncrm_marketingformtemplate","Marketing form template","Other/Solution.xml","msdyncrm_MarketingSMBApp","MicrosoftDynamics_Marketing (1.122.2010.0);MicrosoftDynamics_MktCompleteAnchorSolution (1.122.2010.408);MicrosoftDynamics_MktCompleteAnchorSolution (1.122.2010.510)","False","","","Dependency reported by the Dataverse solution export.","Foundation and shared configuration","None","Investigate","External dependency must be validated for necessity, licensing, and target availability.","Required","Not required","True"
"MissingDependency","msdyncrm_marketingformwhitelistrule","Form whitelist rule","Other/Solution.xml","msdyncrm_MarketingSMBApp","MicrosoftDynamics_Marketing (1.122.2010.0);MicrosoftDynamics_MktCompleteAnchorSolution (1.122.2010.408);MicrosoftDynamics_MktCompleteAnchorSolution (1.122.2010.510)","False","","","Dependency reported by the Dataverse solution export.","Foundation and shared configuration","None","Investigate","External dependency must be validated for necessity, licensing, and target availability.","Required","Not required","True"
"MissingDependency","msdyncrm_MarketingLogo","msdyncrm_MarketingLogo","Other/Solution.xml","msdyncrm_MarketingSMBApp","MicrosoftDynamics_MktCompleteAnchorSolution (1.122.2010.408);MicrosoftDynamics_MktCompleteAnchorSolution (1.122.2010.510);MicrosoftDynamics_MktIntegration (1.122.2010.0)","False","","","Dependency reported by the Dataverse solution export.","Foundation and shared configuration","None","Investigate","External dependency must be validated for necessity, licensing, and target availability.","Required","Not required","True"
"MissingDependency","msdyncrm_marketingpage","Marketing page","Other/Solution.xml","msdyncrm_MarketingSMBApp","MicrosoftDynamics_Marketing (1.122.2010.0);MicrosoftDynamics_MktCompleteAnchorSolution (1.122.2010.408);MicrosoftDynamics_MktCompleteAnchorSolution (1.122.2010.510)","False","","","Dependency reported by the Dataverse solution export.","Foundation and shared configuration","None","Investigate","External dependency must be validated for necessity, licensing, and target availability.","Required","Not required","True"
"MissingDependency","msdyncrm_marketingpageconfiguration","Landing page","Other/Solution.xml","msdyncrm_MarketingSMBApp","MicrosoftDynamics_Marketing (1.122.2010.0);MicrosoftDynamics_MktCompleteAnchorSolution (1.122.2010.408);MicrosoftDynamics_MktCompleteAnchorSolution (1.122.2010.510)","False","","","Dependency reported by the Dataverse solution export.","Foundation and shared configuration","None","Investigate","External dependency must be validated for necessity, licensing, and target availability.","Required","Not required","True"
"MissingDependency","msdyncrm_marketingpagetemplate","Marketing page template","Other/Solution.xml","msdyncrm_MarketingSMBApp","MicrosoftDynamics_Marketing (1.122.2010.0);MicrosoftDynamics_MktCompleteAnchorSolution (1.122.2010.408);MicrosoftDynamics_MktCompleteAnchorSolution (1.122.2010.510)","False","","","Dependency reported by the Dataverse solution export.","Foundation and shared configuration","None","Investigate","External dependency must be validated for necessity, licensing, and target availability.","Required","Not required","True"
"MissingDependency","msdyncrm_MarketingSMBApp","msdyncrm_MarketingSMBApp","Other/Solution.xml","msdyncrm_MarketingSMBApp","MicrosoftDynamics_MktCompleteAnchorSolution (1.122.2010.408);MicrosoftDynamics_MktCompleteAnchorSolution (1.122.2010.510);MicrosoftDynamics_MktIntegration (1.122.2010.0)","False","","","Dependency reported by the Dataverse solution export.","Foundation and shared configuration","None","Investigate","External dependency must be validated for necessity, licensing, and target availability.","Required","Not required","True"
"MissingDependency","msdyncrm_matchingstrategy","Form matching","Other/Solution.xml","msdyncrm_MarketingSMBApp","MicrosoftDynamics_Marketing (1.122.2010.0);MicrosoftDynamics_MktCompleteAnchorSolution (1.122.2010.408);MicrosoftDynamics_MktCompleteAnchorSolution (1.122.2010.510)","False","","","Dependency reported by the Dataverse solution export.","Foundation and shared configuration","None","Investigate","External dependency must be validated for necessity, licensing, and target availability.","Required","Not required","True"
"MissingDependency","msdyncrm_matchingstrategyattribute","Form matching attributes","Other/Solution.xml","msdyncrm_MarketingSMBApp","MicrosoftDynamics_Marketing (1.122.2010.0);MicrosoftDynamics_MktCompleteAnchorSolution (1.122.2010.408);MicrosoftDynamics_MktCompleteAnchorSolution (1.122.2010.510)","False","","","Dependency reported by the Dataverse solution export.","Foundation and shared configuration","None","Investigate","External dependency must be validated for necessity, licensing, and target availability.","Required","Not required","True"
"MissingDependency","msdyncrm_mktactivity","Marketing activity","Other/Solution.xml","msdyncrm_MarketingSMBApp","MicrosoftDynamics_Marketing (1.122.2010.0);MicrosoftDynamics_MktCompleteAnchorSolution (1.122.2010.408);MicrosoftDynamics_MktCompleteAnchorSolution (1.122.2010.510)","False","","","Dependency reported by the Dataverse solution export.","Foundation and shared configuration","None","Investigate","External dependency must be validated for necessity, licensing, and target availability.","Required","Not required","True"
"MissingDependency","msdyncrm_personalizedpage","Personalized page","Other/Solution.xml","msdyncrm_MarketingSMBApp","MicrosoftDynamics_MktCompleteAnchorSolution (1.122.2010.408);MicrosoftDynamics_MktCompleteAnchorSolution (1.122.2010.510);MicrosoftDynamics_PersonalizedPages (1.122.2010.0)","False","","","Dependency reported by the Dataverse solution export.","Foundation and shared configuration","None","Investigate","External dependency must be validated for necessity, licensing, and target availability.","Required","Not required","True"
"MissingDependency","msdyncrm_phonecallactivitymarketingtemplate","Phone-call activity marketing template","Other/Solution.xml","msdyncrm_MarketingSMBApp","MicrosoftDynamics_Marketing (1.122.2010.0);MicrosoftDynamics_MktCompleteAnchorSolution (1.122.2010.408);MicrosoftDynamics_MktCompleteAnchorSolution (1.122.2010.510)","False","","","Dependency reported by the Dataverse solution export.","Foundation and shared configuration","None","Investigate","External dependency must be validated for necessity, licensing, and target availability.","Required","Not required","True"
"MissingDependency","msdyncrm_redirecturl","Redirect URL","Other/Solution.xml","msdyncrm_MarketingSMBApp","MicrosoftDynamics_Marketing (1.122.2010.0);MicrosoftDynamics_MktCompleteAnchorSolution (1.122.2010.408);MicrosoftDynamics_MktCompleteAnchorSolution (1.122.2010.510)","False","","","Dependency reported by the Dataverse solution export.","Foundation and shared configuration","None","Investigate","External dependency must be validated for necessity, licensing, and target availability.","Required","Not required","True"
"MissingDependency","msdyncrm_segment","Segment","Other/Solution.xml","msdyncrm_MarketingSMBApp","MicrosoftDynamics_Marketing (1.122.2010.0);MicrosoftDynamics_MktCompleteAnchorSolution (1.122.2010.408);MicrosoftDynamics_MktCompleteAnchorSolution (1.122.2010.510)","False","","","Dependency reported by the Dataverse solution export.","Foundation and shared configuration","None","Investigate","External dependency must be validated for necessity, licensing, and target availability.","Required","Not required","True"
"MissingDependency","msdyncrm_segmenttemplate","Segment Template","Other/Solution.xml","msdyncrm_MarketingSMBApp","MicrosoftDynamics_Marketing (1.122.2010.0);MicrosoftDynamics_MktCompleteAnchorSolution (1.122.2010.408);MicrosoftDynamics_MktCompleteAnchorSolution (1.122.2010.510)","False","","","Dependency reported by the Dataverse solution export.","Foundation and shared configuration","None","Investigate","External dependency must be validated for necessity, licensing, and target availability.","Required","Not required","True"
"MissingDependency","msdyncrm_socialpost","Social post","Other/Solution.xml","msdyncrm_MarketingSMBApp","MicrosoftDynamics_MktCompleteAnchorSolution (1.122.2010.408);MicrosoftDynamics_MktCompleteAnchorSolution (1.122.2010.510);MicrosoftDynamics_SocialPosting (1.122.2010.0)","False","","","Dependency reported by the Dataverse solution export.","Foundation and shared configuration","None","Investigate","External dependency must be validated for necessity, licensing, and target availability.","Required","Not required","True"
"MissingDependency","msdyncrm_socialpostingconfiguration","Social media account","Other/Solution.xml","msdyncrm_MarketingSMBApp","MicrosoftDynamics_MktCompleteAnchorSolution (1.122.2010.408);MicrosoftDynamics_MktCompleteAnchorSolution (1.122.2010.510);MicrosoftDynamics_SocialPosting (1.122.2010.0)","False","","","Dependency reported by the Dataverse solution export.","Foundation and shared configuration","None","Investigate","External dependency must be validated for necessity, licensing, and target availability.","Required","Not required","True"
"MissingDependency","msdyncrm_taskactivitymarketingtemplate","Task activity marketing template","Other/Solution.xml","msdyncrm_MarketingSMBApp","MicrosoftDynamics_Marketing (1.122.2010.0);MicrosoftDynamics_MktCompleteAnchorSolution (1.122.2010.408);MicrosoftDynamics_MktCompleteAnchorSolution (1.122.2010.510)","False","","","Dependency reported by the Dataverse solution export.","Foundation and shared configuration","None","Investigate","External dependency must be validated for necessity, licensing, and target availability.","Required","Not required","True"
"MissingDependency","msdyncrm_uicconfig","UIC config","Other/Solution.xml","msdyncrm_MarketingSMBApp","MicrosoftDynamics_Marketing (1.122.2010.0);MicrosoftDynamics_MktCompleteAnchorSolution (1.122.2010.408);MicrosoftDynamics_MktCompleteAnchorSolution (1.122.2010.510)","False","","","Dependency reported by the Dataverse solution export.","Foundation and shared configuration","None","Investigate","External dependency must be validated for necessity, licensing, and target availability.","Required","Not required","True"
"MissingDependency","msdyncrm_usergeoregion","User geo region","Other/Solution.xml","msdyncrm_MarketingSMBApp","MicrosoftDynamics_Marketing (1.122.2010.0);MicrosoftDynamics_MktCompleteAnchorSolution (1.122.2010.408);MicrosoftDynamics_MktCompleteAnchorSolution (1.122.2010.510)","False","","","Dependency reported by the Dataverse solution export.","Foundation and shared configuration","None","Investigate","External dependency must be validated for necessity, licensing, and target availability.","Required","Not required","True"
"MissingDependency","msdyncrm_video","Video","Other/Solution.xml","msdyncrm_MarketingSMBApp","DynamicsMKT_AnchorSolution (1.2.1258.89);DynamicsMKT_AnchorSolution (1.2.437.94);DynamicsMKT_CxpSalesAnchorSolution (1.2.1258.46);MicrosoftDynamics_DigitalAssets (1.122.2104.90);MicrosoftDynamics_MktCompleteAnchorSolution (1.122.2010.408);MicrosoftDynamics_MktCompleteAnchorSolution (1.122.2010.510)","False","","","Dependency reported by the Dataverse solution export.","Foundation and shared configuration","None","Investigate","External dependency must be validated for necessity, licensing, and target availability.","Required","Not required","True"
"MissingDependency","msdyncrm_website","Marketing website","Other/Solution.xml","msdyncrm_MarketingSMBApp","MicrosoftDynamics_Marketing (1.122.2010.0);MicrosoftDynamics_MktCompleteAnchorSolution (1.122.2010.408);MicrosoftDynamics_MktCompleteAnchorSolution (1.122.2010.510)","False","","","Dependency reported by the Dataverse solution export.","Foundation and shared configuration","None","Investigate","External dependency must be validated for necessity, licensing, and target availability.","Required","Not required","True"
"MissingDependency","msdynmkt_brandprofile","Brand profile","Other/Solution.xml","msdyncrm_MarketingSMBApp","DynamicsMKT_AnchorSolution (1.2.1258.89);DynamicsMKT_AnchorSolution (1.2.437.94);DynamicsMKT_BrandProfiles (1.2.1258.87)","False","","","Dependency reported by the Dataverse solution export.","Foundation and shared configuration","None","Investigate","External dependency must be validated for necessity, licensing, and target availability.","Required","Not required","True"
"MissingDependency","msdynmkt_brandsender","Sender","Other/Solution.xml","msdyncrm_MarketingSMBApp","DynamicsMKT_AnchorSolution (1.2.1258.89);DynamicsMKT_AnchorSolution (1.2.437.94);DynamicsMKT_BrandProfiles (1.2.1258.87)","False","","","Dependency reported by the Dataverse solution export.","Foundation and shared configuration","None","Investigate","External dependency must be validated for necessity, licensing, and target availability.","Required","Not required","True"
"MissingDependency","msdynmkt_compliancesettings","(Deprecated) Compliance","Other/Solution.xml","msdyncrm_MarketingSMBApp","DynamicsMKT_AnchorSolution (1.2.1258.89);DynamicsMKT_AnchorSolution (1.2.437.94);DynamicsMKT_Consent (1.2.1258.87);DynamicsMKT_CxpSalesAnchorSolution (1.2.1258.46)","False","","","Dependency reported by the Dataverse solution export.","Foundation and shared configuration","None","Investigate","External dependency must be validated for necessity, licensing, and target availability.","Required","Not required","True"
"MissingDependency","msdynmkt_compliancesettings3","(Deprecated) Compliance","Other/Solution.xml","msdyncrm_MarketingSMBApp","DynamicsMKT_AnchorSolution (1.2.1258.89);DynamicsMKT_AnchorSolution (1.2.437.94);DynamicsMKT_Consent (1.2.1258.87);DynamicsMKT_CxpSalesAnchorSolution (1.2.1258.46)","False","","","Dependency reported by the Dataverse solution export.","Foundation and shared configuration","None","Investigate","External dependency must be validated for necessity, licensing, and target availability.","Required","Not required","True"
"MissingDependency","msdynmkt_compliancesettings4","Compliance Profile","Other/Solution.xml","msdyncrm_MarketingSMBApp","DynamicsMKT_AnchorSolution (1.2.1258.89);DynamicsMKT_AnchorSolution (1.2.437.94);DynamicsMKT_Consent (1.2.1258.87);DynamicsMKT_CxpSalesAnchorSolution (1.2.1258.46)","False","","","Dependency reported by the Dataverse solution export.","Foundation and shared configuration","None","Investigate","External dependency must be validated for necessity, licensing, and target availability.","Required","Not required","True"
"MissingDependency","msdynmkt_consent","Consent","Other/Solution.xml","msdyncrm_MarketingSMBApp","DynamicsMKT_AnchorSolution (1.2.1258.89);DynamicsMKT_AnchorSolution (1.2.437.94);DynamicsMKT_Consent (1.2.1258.87);DynamicsMKT_CxpSalesAnchorSolution (1.2.1258.46)","False","","","Dependency reported by the Dataverse solution export.","Foundation and shared configuration","None","Investigate","External dependency must be validated for necessity, licensing, and target availability.","Required","Not required","True"
"MissingDependency","msdynmkt_contactpointconsent2","(Deprecated) Contact Point Consent","Other/Solution.xml","msdyncrm_MarketingSMBApp","DynamicsMKT_AnchorSolution (1.2.1258.89);DynamicsMKT_AnchorSolution (1.2.437.94);DynamicsMKT_Consent (1.2.1258.87);DynamicsMKT_CxpSalesAnchorSolution (1.2.1258.46)","False","","","Dependency reported by the Dataverse solution export.","Foundation and shared configuration","None","Investigate","External dependency must be validated for necessity, licensing, and target availability.","Required","Not required","True"
"MissingDependency","msdynmkt_contactpointconsent3","(Deprecated) Contact Point Consent","Other/Solution.xml","msdyncrm_MarketingSMBApp","DynamicsMKT_AnchorSolution (1.2.1258.89);DynamicsMKT_AnchorSolution (1.2.437.94);DynamicsMKT_Consent (1.2.1258.87);DynamicsMKT_CxpSalesAnchorSolution (1.2.1258.46)","False","","","Dependency reported by the Dataverse solution export.","Foundation and shared configuration","None","Investigate","External dependency must be validated for necessity, licensing, and target availability.","Required","Not required","True"
"MissingDependency","msdynmkt_contactpointconsent4","Contact Point Consent","Other/Solution.xml","msdyncrm_MarketingSMBApp","DynamicsMKT_AnchorSolution (1.2.1258.89);DynamicsMKT_AnchorSolution (1.2.437.94);DynamicsMKT_Consent (1.2.1258.87);DynamicsMKT_CxpSalesAnchorSolution (1.2.1258.46)","False","","","Dependency reported by the Dataverse solution export.","Foundation and shared configuration","None","Investigate","External dependency must be validated for necessity, licensing, and target availability.","Required","Not required","True"
"MissingDependency","msdynmkt_contactpointsettings","Contact Point Settings","Other/Solution.xml","msdyncrm_MarketingSMBApp","DynamicsMKT_AnchorSolution (1.2.1258.89);DynamicsMKT_AnchorSolution (1.2.437.94);DynamicsMKT_Consent (1.2.1258.87);DynamicsMKT_CxpSalesAnchorSolution (1.2.1258.46)","False","","","Dependency reported by the Dataverse solution export.","Foundation and shared configuration","None","Investigate","External dependency must be validated for necessity, licensing, and target availability.","Required","Not required","True"
"MissingDependency","msdynmkt_customchannelmessage","Custom channel message","Other/Solution.xml","msdyncrm_MarketingSMBApp","DynamicsMKT_AnchorSolution (1.2.1258.89);DynamicsMKT_AnchorSolution (1.2.437.94);DynamicsMKT_ChannelDefinitions (1.2.1258.87)","False","","","Dependency reported by the Dataverse solution export.","Foundation and shared configuration","None","Investigate","External dependency must be validated for necessity, licensing, and target availability.","Required","Not required","True"
"MissingDependency","msdynmkt_email","Email","Other/Solution.xml","msdyncrm_MarketingSMBApp","DynamicsMKT_AnchorSolution (1.2.1258.89);DynamicsMKT_AnchorSolution (1.2.437.94);DynamicsMKT_EmailChannel (1.2.1258.87)","False","","","Dependency reported by the Dataverse solution export.","Foundation and shared configuration","None","Investigate","External dependency must be validated for necessity, licensing, and target availability.","Required","Not required","True"
"MissingDependency","msdynmkt_emailtemplate","Email template","Other/Solution.xml","msdyncrm_MarketingSMBApp","DynamicsMKT_AnchorSolution (1.2.1258.89);DynamicsMKT_AnchorSolution (1.2.437.94);DynamicsMKT_EmailChannel (1.2.1258.87)","False","","","Dependency reported by the Dataverse solution export.","Foundation and shared configuration","None","Investigate","External dependency must be validated for necessity, licensing, and target availability.","Required","Not required","True"
"MissingDependency","msdynmkt_entityscoringmodel","Entity Scoring Model","Other/Solution.xml","msdyncrm_MarketingSMBApp","DynamicsMKT_AnchorSolution (1.2.1258.89);DynamicsMKT_AnchorSolution (1.2.437.94);DynamicsMKT_LeadManagement (1.2.1258.87)","False","","","Dependency reported by the Dataverse solution export.","Foundation and shared configuration","None","Investigate","External dependency must be validated for necessity, licensing, and target availability.","Required","Not required","True"
"MissingDependency","msdynmkt_eventmetadata","Trigger","Other/Solution.xml","msdyncrm_MarketingSMBApp","DynamicsMKT_AnchorSolution (1.2.1258.89);DynamicsMKT_AnchorSolution (1.2.437.94);DynamicsMKT_BaseSolution (1.2.1258.62);DynamicsMKT_CxpSalesAnchorSolution (1.2.1258.46)","False","","","Dependency reported by the Dataverse solution export.","Foundation and shared configuration","None","Investigate","External dependency must be validated for necessity, licensing, and target availability.","Required","Not required","True"
"MissingDependency","msdynmkt_formsetting","Form settings","Other/Solution.xml","msdyncrm_MarketingSMBApp","DynamicsMKT_AnchorSolution (1.2.1258.89);DynamicsMKT_AnchorSolution (1.2.437.94);DynamicsMKT_Forms (1.2.1258.87)","False","","","Dependency reported by the Dataverse solution export.","Foundation and shared configuration","None","Investigate","External dependency must be validated for necessity, licensing, and target availability.","Required","Not required","True"
"MissingDependency","msdynmkt_fragment","Content block","Other/Solution.xml","msdyncrm_MarketingSMBApp","DynamicsMKT_AnchorSolution (1.2.1258.89);DynamicsMKT_AnchorSolution (1.2.437.94);DynamicsMKT_Fragments (1.2.1258.87)","False","","","Dependency reported by the Dataverse solution export.","Foundation and shared configuration","None","Investigate","External dependency must be validated for necessity, licensing, and target availability.","Required","Not required","True"
"MissingDependency","msdynmkt_frequencycap","Frequency Cap Settings","Other/Solution.xml","msdyncrm_MarketingSMBApp","DynamicsMKT_AnchorSolution (1.2.1258.89);DynamicsMKT_AnchorSolution (1.2.437.94);DynamicsMKT_FrequencyCapping (1.2.1258.87)","False","","","Dependency reported by the Dataverse solution export.","Foundation and shared configuration","None","Investigate","External dependency must be validated for necessity, licensing, and target availability.","Required","Not required","True"
"MissingDependency","msdynmkt_journey","Journey","Other/Solution.xml","msdyncrm_MarketingSMBApp","DynamicsMKT_AnchorSolution (1.2.1258.89);DynamicsMKT_AnchorSolution (1.2.437.94);DynamicsMKT_CxpOrchestrationUI (1.2.1258.87)","False","","","Dependency reported by the Dataverse solution export.","Foundation and shared configuration","None","Investigate","External dependency must be validated for necessity, licensing, and target availability.","Required","Not required","True"
"MissingDependency","msdynmkt_journeytemplate","Journey Template","Other/Solution.xml","msdyncrm_MarketingSMBApp","DynamicsMKT_AnchorSolution (1.2.1258.89);DynamicsMKT_AnchorSolution (1.2.437.94);DynamicsMKT_CxpOrchestrationUI (1.2.1258.87)","False","","","Dependency reported by the Dataverse solution export.","Foundation and shared configuration","None","Investigate","External dependency must be validated for necessity, licensing, and target availability.","Required","Not required","True"
"MissingDependency","msdynmkt_keyword","Keyword","Other/Solution.xml","msdyncrm_MarketingSMBApp","DynamicsMKT_AnchorSolution (1.2.1258.89);DynamicsMKT_AnchorSolution (1.2.437.94);DynamicsMKT_SmsChannel (1.2.1258.87)","False","","","Dependency reported by the Dataverse solution export.","Foundation and shared configuration","None","Investigate","External dependency must be validated for necessity, licensing, and target availability.","Required","Not required","True"
"MissingDependency","msdynmkt_leadqualificationmodel","Lead Qualification Model","Other/Solution.xml","msdyncrm_MarketingSMBApp","DynamicsMKT_AnchorSolution (1.2.1258.89);DynamicsMKT_AnchorSolution (1.2.437.94);DynamicsMKT_LeadManagement (1.2.1258.87)","False","","","Dependency reported by the Dataverse solution export.","Foundation and shared configuration","None","Investigate","External dependency must be validated for necessity, licensing, and target availability.","Required","Not required","True"
"MissingDependency","msdynmkt_marketingform","Form","Other/Solution.xml","msdyncrm_MarketingSMBApp","DynamicsMKT_AnchorSolution (1.2.1258.89);DynamicsMKT_AnchorSolution (1.2.437.94);DynamicsMKT_Forms (1.2.1258.87)","False","","","Dependency reported by the Dataverse solution export.","Foundation and shared configuration","None","Investigate","External dependency must be validated for necessity, licensing, and target availability.","Required","Not required","True"
"MissingDependency","msdynmkt_marketingformtemplate","Form Template","Other/Solution.xml","msdyncrm_MarketingSMBApp","DynamicsMKT_AnchorSolution (1.2.1258.89);DynamicsMKT_AnchorSolution (1.2.437.94);DynamicsMKT_Forms (1.2.1258.87)","False","","","Dependency reported by the Dataverse solution export.","Foundation and shared configuration","None","Investigate","External dependency must be validated for necessity, licensing, and target availability.","Required","Not required","True"
"MissingDependency","msdynmkt_matchingstrategy","Matching rule","Other/Solution.xml","msdyncrm_MarketingSMBApp","DynamicsMKT_AnchorSolution (1.2.1258.89);DynamicsMKT_AnchorSolution (1.2.437.94);DynamicsMKT_Forms (1.2.1258.87)","False","","","Dependency reported by the Dataverse solution export.","Foundation and shared configuration","None","Investigate","External dependency must be validated for necessity, licensing, and target availability.","Required","Not required","True"
"MissingDependency","msdynmkt_mobileapplication","Mobile app configuration","Other/Solution.xml","msdyncrm_MarketingSMBApp","DynamicsMKT_AnchorSolution (1.2.1258.89);DynamicsMKT_AnchorSolution (1.2.437.94);DynamicsMKT_PushNotification (1.2.1258.87)","False","","","Dependency reported by the Dataverse solution export.","Foundation and shared configuration","None","Investigate","External dependency must be validated for necessity, licensing, and target availability.","Required","Not required","True"
"MissingDependency","msdynmkt_purpose","Purpose","Other/Solution.xml","msdyncrm_MarketingSMBApp","DynamicsMKT_AnchorSolution (1.2.1258.89);DynamicsMKT_AnchorSolution (1.2.437.94);DynamicsMKT_Consent (1.2.1258.87);DynamicsMKT_CxpSalesAnchorSolution (1.2.1258.46)","False","","","Dependency reported by the Dataverse solution export.","Foundation and shared configuration","None","Investigate","External dependency must be validated for necessity, licensing, and target availability.","Required","Not required","True"
"MissingDependency","msdynmkt_pushnotification","Push notification","Other/Solution.xml","msdyncrm_MarketingSMBApp","DynamicsMKT_AnchorSolution (1.2.1258.89);DynamicsMKT_AnchorSolution (1.2.437.94);DynamicsMKT_PushNotification (1.2.1258.87)","False","","","Dependency reported by the Dataverse solution export.","Foundation and shared configuration","None","Investigate","External dependency must be validated for necessity, licensing, and target availability.","Required","Not required","True"
"MissingDependency","msdynmkt_quiettimesetting","Quiet Time Setting","Other/Solution.xml","msdyncrm_MarketingSMBApp","DynamicsMKT_AnchorSolution (1.2.1258.89);DynamicsMKT_AnchorSolution (1.2.437.94);DynamicsMKT_SendOptimization (1.2.1258.87);msdyn_OmnichannelPrimeProactiveAIAnchor (1.5.27.29426538);msdyn_OmnichannelPrimeProactiveAIAnchor (1.5.27.29453725)","False","","","Dependency reported by the Dataverse solution export.","Foundation and shared configuration","None","Investigate","External dependency must be validated for necessity, licensing, and target availability.","Required","Not required","True"
"MissingDependency","msdynmkt_sms","Text message","Other/Solution.xml","msdyncrm_MarketingSMBApp","DynamicsMKT_AnchorSolution (1.2.1258.89);DynamicsMKT_AnchorSolution (1.2.437.94);DynamicsMKT_SmsChannel (1.2.1258.87)","False","","","Dependency reported by the Dataverse solution export.","Foundation and shared configuration","None","Investigate","External dependency must be validated for necessity, licensing, and target availability.","Required","Not required","True"
"MissingDependency","msdynmkt_smsphonenumber","Text message sender","Other/Solution.xml","msdyncrm_MarketingSMBApp","DynamicsMKT_AnchorSolution (1.2.1258.89);DynamicsMKT_AnchorSolution (1.2.437.94);DynamicsMKT_SmsChannel (1.2.1258.87)","False","","","Dependency reported by the Dataverse solution export.","Foundation and shared configuration","None","Investigate","External dependency must be validated for necessity, licensing, and target availability.","Required","Not required","True"
"MissingDependency","msdynmkt_topic","Topic","Other/Solution.xml","msdyncrm_MarketingSMBApp","DynamicsMKT_AnchorSolution (1.2.1258.89);DynamicsMKT_AnchorSolution (1.2.437.94);DynamicsMKT_Consent (1.2.1258.87);DynamicsMKT_CxpSalesAnchorSolution (1.2.1258.46)","False","","","Dependency reported by the Dataverse solution export.","Foundation and shared configuration","None","Investigate","External dependency must be validated for necessity, licensing, and target availability.","Required","Not required","True"
"MissingDependency","msdynmkt_utmtracking","UTM tracking","Other/Solution.xml","msdyncrm_MarketingSMBApp","DynamicsMKT_AnchorSolution (1.2.1258.89);DynamicsMKT_AnchorSolution (1.2.437.94);DynamicsMKT_Tracking (1.2.1258.87)","False","","","Dependency reported by the Dataverse solution export.","Foundation and shared configuration","None","Investigate","External dependency must be validated for necessity, licensing, and target availability.","Required","Not required","True"
"MissingDependency","msdynmkt_virtualdomain","Virtual Domain","Other/Solution.xml","msdyncrm_MarketingSMBApp","DynamicsMKT_AnchorSolution (1.2.1258.89);DynamicsMKT_AnchorSolution (1.2.437.94);DynamicsMKT_DomainValidation (1.2.999.0)","False","","","Dependency reported by the Dataverse solution export.","Foundation and shared configuration","None","Investigate","External dependency must be validated for necessity, licensing, and target availability.","Required","Not required","True"
"MissingDependency","msdynmkt_virtualsegment","Segment","Other/Solution.xml","msdyncrm_MarketingSMBApp","DynamicsMKT_AnchorSolution (1.2.1258.89);DynamicsMKT_AnchorSolution (1.2.437.94);DynamicsMKT_CxpOrchestrationUI (1.2.1258.87)","False","","","Dependency reported by the Dataverse solution export.","Foundation and shared configuration","None","Investigate","External dependency must be validated for necessity, licensing, and target availability.","Required","Not required","True"
"MissingDependency","msevtmgt_/Images/EventManagement","msevtmgt_/Images/EventManagement","Other/Solution.xml","msdyncrm_MarketingSMBApp","DynamicsMKT_AnchorSolution (1.2.1258.89);DynamicsMKT_AnchorSolution (1.2.437.94);MicrosoftDynamics_EventManagement (1.52.2104.96);MicrosoftDynamics_MktCompleteAnchorSolution (1.122.2010.408);MicrosoftDynamics_MktCompleteAnchorSolution (1.122.2010.510)","False","","","Dependency reported by the Dataverse solution export.","Foundation and shared configuration","None","Investigate","External dependency must be validated for necessity, licensing, and target availability.","Required","Not required","True"
"MissingDependency","msevtmgt_/Images/Events","msevtmgt_/Images/Events","Other/Solution.xml","msdyncrm_MarketingSMBApp","DynamicsMKT_AnchorSolution (1.2.1258.89);DynamicsMKT_AnchorSolution (1.2.437.94);MicrosoftDynamics_EventManagement (1.52.2104.96);MicrosoftDynamics_MktCompleteAnchorSolution (1.122.2010.408);MicrosoftDynamics_MktCompleteAnchorSolution (1.122.2010.510)","False","","","Dependency reported by the Dataverse solution export.","Foundation and shared configuration","None","Investigate","External dependency must be validated for necessity, licensing, and target availability.","Required","Not required","True"
"MissingDependency","msevtmgt_attendeepass","Attendee Pass","Other/Solution.xml","msdyncrm_MarketingSMBApp","DynamicsMKT_AnchorSolution (1.2.1258.89);DynamicsMKT_AnchorSolution (1.2.437.94);MicrosoftDynamics_EventManagement (1.52.2104.96);MicrosoftDynamics_MktCompleteAnchorSolution (1.122.2010.408);MicrosoftDynamics_MktCompleteAnchorSolution (1.122.2010.510)","False","","","Dependency reported by the Dataverse solution export.","Foundation and shared configuration","None","Investigate","External dependency must be validated for necessity, licensing, and target availability.","Required","Not required","True"
"MissingDependency","msevtmgt_authenticationsettings","Authentication Settings","Other/Solution.xml","msdyncrm_MarketingSMBApp","DynamicsMKT_AnchorSolution (1.2.1258.89);DynamicsMKT_AnchorSolution (1.2.437.94);MicrosoftDynamics_EventManagement (1.52.2104.96);MicrosoftDynamics_MktCompleteAnchorSolution (1.122.2010.408);MicrosoftDynamics_MktCompleteAnchorSolution (1.122.2010.510)","False","","","Dependency reported by the Dataverse solution export.","Foundation and shared configuration","None","Investigate","External dependency must be validated for necessity, licensing, and target availability.","Required","Not required","True"
"MissingDependency","msevtmgt_bpf_9623d46752ae497989f62ac0d11dad99","EventMainBusinessProcessFlow","Other/Solution.xml","msdyncrm_MarketingSMBApp","DynamicsMKT_AnchorSolution (1.2.1258.89);DynamicsMKT_AnchorSolution (1.2.437.94);MicrosoftDynamics_EventManagement (1.52.2104.96);MicrosoftDynamics_MktCompleteAnchorSolution (1.122.2010.408);MicrosoftDynamics_MktCompleteAnchorSolution (1.122.2010.510)","False","","","Dependency reported by the Dataverse solution export.","Foundation and shared configuration","None","Investigate","External dependency must be validated for necessity, licensing, and target availability.","Required","Not required","True"
"MissingDependency","msevtmgt_building","Building","Other/Solution.xml","msdyncrm_MarketingSMBApp","DynamicsMKT_AnchorSolution (1.2.1258.89);DynamicsMKT_AnchorSolution (1.2.437.94);MicrosoftDynamics_EventManagement (1.52.2104.96);MicrosoftDynamics_MktCompleteAnchorSolution (1.122.2010.408);MicrosoftDynamics_MktCompleteAnchorSolution (1.122.2010.510)","False","","","Dependency reported by the Dataverse solution export.","Foundation and shared configuration","None","Investigate","External dependency must be validated for necessity, licensing, and target availability.","Required","Not required","True"
"MissingDependency","msevtmgt_checkin","Check-in","Other/Solution.xml","msdyncrm_MarketingSMBApp","DynamicsMKT_AnchorSolution (1.2.1258.89);DynamicsMKT_AnchorSolution (1.2.437.94);MicrosoftDynamics_EventManagement (1.52.2104.96);MicrosoftDynamics_MktCompleteAnchorSolution (1.122.2010.408);MicrosoftDynamics_MktCompleteAnchorSolution (1.122.2010.510)","False","","","Dependency reported by the Dataverse solution export.","Foundation and shared configuration","None","Investigate","External dependency must be validated for necessity, licensing, and target availability.","Required","Not required","True"
"MissingDependency","msevtmgt_customregistrationfield","Custom Registration Field","Other/Solution.xml","msdyncrm_MarketingSMBApp","DynamicsMKT_AnchorSolution (1.2.1258.89);DynamicsMKT_AnchorSolution (1.2.437.94);MicrosoftDynamics_EventManagement (1.52.2104.96);MicrosoftDynamics_MktCompleteAnchorSolution (1.122.2010.408);MicrosoftDynamics_MktCompleteAnchorSolution (1.122.2010.510)","False","","","Dependency reported by the Dataverse solution export.","Foundation and shared configuration","None","Investigate","External dependency must be validated for necessity, licensing, and target availability.","Required","Not required","True"
"MissingDependency","msevtmgt_entitycounter","Entity Counter","Other/Solution.xml","msdyncrm_MarketingSMBApp","DynamicsMKT_AnchorSolution (1.2.1258.89);DynamicsMKT_AnchorSolution (1.2.437.94);MicrosoftDynamics_EventManagement (1.52.2104.96);MicrosoftDynamics_MktCompleteAnchorSolution (1.122.2010.408);MicrosoftDynamics_MktCompleteAnchorSolution (1.122.2010.510)","False","","","Dependency reported by the Dataverse solution export.","Foundation and shared configuration","None","Investigate","External dependency must be validated for necessity, licensing, and target availability.","Required","Not required","True"
"MissingDependency","msevtmgt_event","Event","Other/Solution.xml","msdyncrm_MarketingSMBApp","DynamicsMKT_AnchorSolution (1.2.1258.89);DynamicsMKT_AnchorSolution (1.2.437.94);MicrosoftDynamics_EventManagement (1.52.2104.96);MicrosoftDynamics_MktCompleteAnchorSolution (1.122.2010.408);MicrosoftDynamics_MktCompleteAnchorSolution (1.122.2010.510)","False","","","Dependency reported by the Dataverse solution export.","Foundation and shared configuration","None","Investigate","External dependency must be validated for necessity, licensing, and target availability.","Required","Not required","True"
"MissingDependency","msevtmgt_eventadministration","Event administration","Other/Solution.xml","msdyncrm_MarketingSMBApp","DynamicsMKT_AnchorSolution (1.2.1258.89);DynamicsMKT_AnchorSolution (1.2.437.94);MicrosoftDynamics_EventManagement (1.52.2104.96);MicrosoftDynamics_MktCompleteAnchorSolution (1.122.2010.408);MicrosoftDynamics_MktCompleteAnchorSolution (1.122.2010.510)","False","","","Dependency reported by the Dataverse solution export.","Foundation and shared configuration","None","Investigate","External dependency must be validated for necessity, licensing, and target availability.","Required","Not required","True"
"MissingDependency","msevtmgt_eventcustomregistrationfield","Event Custom Registration Field","Other/Solution.xml","msdyncrm_MarketingSMBApp","DynamicsMKT_AnchorSolution (1.2.1258.89);DynamicsMKT_AnchorSolution (1.2.437.94);MicrosoftDynamics_EventManagement (1.52.2104.96);MicrosoftDynamics_MktCompleteAnchorSolution (1.122.2010.408);MicrosoftDynamics_MktCompleteAnchorSolution (1.122.2010.510)","False","","","Dependency reported by the Dataverse solution export.","Foundation and shared configuration","None","Investigate","External dependency must be validated for necessity, licensing, and target availability.","Required","Not required","True"
"MissingDependency","msevtmgt_eventmanagementconfiguration","Event Management Configuration","Other/Solution.xml","msdyncrm_MarketingSMBApp","DynamicsMKT_AnchorSolution (1.2.1258.89);DynamicsMKT_AnchorSolution (1.2.437.94);MicrosoftDynamics_EventManagement (1.52.2104.96);MicrosoftDynamics_MktCompleteAnchorSolution (1.122.2010.408);MicrosoftDynamics_MktCompleteAnchorSolution (1.122.2010.510)","False","","","Dependency reported by the Dataverse solution export.","Foundation and shared configuration","None","Investigate","External dependency must be validated for necessity, licensing, and target availability.","Required","Not required","True"
"MissingDependency","msevtmgt_eventregistration","Event Registration","Other/Solution.xml","msdyncrm_MarketingSMBApp","DynamicsMKT_AnchorSolution (1.2.1258.89);DynamicsMKT_AnchorSolution (1.2.437.94);MicrosoftDynamics_EventManagement (1.52.2104.96);MicrosoftDynamics_MktCompleteAnchorSolution (1.122.2010.408);MicrosoftDynamics_MktCompleteAnchorSolution (1.122.2010.510)","False","","","Dependency reported by the Dataverse solution export.","Foundation and shared configuration","None","Investigate","External dependency must be validated for necessity, licensing, and target availability.","Required","Not required","True"
"MissingDependency","msevtmgt_eventregistrationsettings","Event registration settings","Other/Solution.xml","msdyncrm_MarketingSMBApp","DynamicsMKT_AnchorSolution (1.2.1258.89);DynamicsMKT_AnchorSolution (1.2.437.94);DynamicsMKT_EventManagementRealtimeLink (1.2.1258.87)","False","","","Dependency reported by the Dataverse solution export.","Foundation and shared configuration","None","Investigate","External dependency must be validated for necessity, licensing, and target availability.","Required","Not required","True"
"MissingDependency","msevtmgt_eventteammember","Event Team Member","Other/Solution.xml","msdyncrm_MarketingSMBApp","DynamicsMKT_AnchorSolution (1.2.1258.89);DynamicsMKT_AnchorSolution (1.2.437.94);MicrosoftDynamics_EventManagement (1.52.2104.96);MicrosoftDynamics_MktCompleteAnchorSolution (1.122.2010.408);MicrosoftDynamics_MktCompleteAnchorSolution (1.122.2010.510)","False","","","Dependency reported by the Dataverse solution export.","Foundation and shared configuration","None","Investigate","External dependency must be validated for necessity, licensing, and target availability.","Required","Not required","True"
"MissingDependency","msevtmgt_eventvendor","Event Vendor","Other/Solution.xml","msdyncrm_MarketingSMBApp","DynamicsMKT_AnchorSolution (1.2.1258.89);DynamicsMKT_AnchorSolution (1.2.437.94);MicrosoftDynamics_EventManagement (1.52.2104.96);MicrosoftDynamics_MktCompleteAnchorSolution (1.122.2010.408);MicrosoftDynamics_MktCompleteAnchorSolution (1.122.2010.510)","False","","","Dependency reported by the Dataverse solution export.","Foundation and shared configuration","None","Investigate","External dependency must be validated for necessity, licensing, and target availability.","Required","Not required","True"
"MissingDependency","msevtmgt_hotel","Hotel","Other/Solution.xml","msdyncrm_MarketingSMBApp","DynamicsMKT_AnchorSolution (1.2.1258.89);DynamicsMKT_AnchorSolution (1.2.437.94);MicrosoftDynamics_EventManagement (1.52.2104.96);MicrosoftDynamics_MktCompleteAnchorSolution (1.122.2010.408);MicrosoftDynamics_MktCompleteAnchorSolution (1.122.2010.510)","False","","","Dependency reported by the Dataverse solution export.","Foundation and shared configuration","None","Investigate","External dependency must be validated for necessity, licensing, and target availability.","Required","Not required","True"
"MissingDependency","msevtmgt_hotelroomallocation","Hotel Room Allocation","Other/Solution.xml","msdyncrm_MarketingSMBApp","DynamicsMKT_AnchorSolution (1.2.1258.89);DynamicsMKT_AnchorSolution (1.2.437.94);MicrosoftDynamics_EventManagement (1.52.2104.96);MicrosoftDynamics_MktCompleteAnchorSolution (1.122.2010.408);MicrosoftDynamics_MktCompleteAnchorSolution (1.122.2010.510)","False","","","Dependency reported by the Dataverse solution export.","Foundation and shared configuration","None","Investigate","External dependency must be validated for necessity, licensing, and target availability.","Required","Not required","True"
"MissingDependency","msevtmgt_hotelroomreservation","Hotel Room Reservation","Other/Solution.xml","msdyncrm_MarketingSMBApp","DynamicsMKT_AnchorSolution (1.2.1258.89);DynamicsMKT_AnchorSolution (1.2.437.94);MicrosoftDynamics_EventManagement (1.52.2104.96);MicrosoftDynamics_MktCompleteAnchorSolution (1.122.2010.408);MicrosoftDynamics_MktCompleteAnchorSolution (1.122.2010.510)","False","","","Dependency reported by the Dataverse solution export.","Foundation and shared configuration","None","Investigate","External dependency must be validated for necessity, licensing, and target availability.","Required","Not required","True"
"MissingDependency","msevtmgt_integrationconfiguration","Integration Configuration","Other/Solution.xml","msdyncrm_MarketingSMBApp","DynamicsMKT_AnchorSolution (1.2.1258.89);DynamicsMKT_AnchorSolution (1.2.437.94);MicrosoftDynamics_EventManagement (1.52.2104.96);MicrosoftDynamics_MktCompleteAnchorSolution (1.122.2010.408);MicrosoftDynamics_MktCompleteAnchorSolution (1.122.2010.510)","False","","","Dependency reported by the Dataverse solution export.","Foundation and shared configuration","None","Investigate","External dependency must be validated for necessity, licensing, and target availability.","Required","Not required","True"
"MissingDependency","msevtmgt_layout","Layout","Other/Solution.xml","msdyncrm_MarketingSMBApp","DynamicsMKT_AnchorSolution (1.2.1258.89);DynamicsMKT_AnchorSolution (1.2.437.94);MicrosoftDynamics_EventManagement (1.52.2104.96);MicrosoftDynamics_MktCompleteAnchorSolution (1.122.2010.408);MicrosoftDynamics_MktCompleteAnchorSolution (1.122.2010.510)","False","","","Dependency reported by the Dataverse solution export.","Foundation and shared configuration","None","Investigate","External dependency must be validated for necessity, licensing, and target availability.","Required","Not required","True"
"MissingDependency","msevtmgt_pass","Pass","Other/Solution.xml","msdyncrm_MarketingSMBApp","DynamicsMKT_AnchorSolution (1.2.1258.89);DynamicsMKT_AnchorSolution (1.2.437.94);MicrosoftDynamics_EventManagement (1.52.2104.96);MicrosoftDynamics_MktCompleteAnchorSolution (1.122.2010.408);MicrosoftDynamics_MktCompleteAnchorSolution (1.122.2010.510)","False","","","Dependency reported by the Dataverse solution export.","Foundation and shared configuration","None","Investigate","External dependency must be validated for necessity, licensing, and target availability.","Required","Not required","True"
"MissingDependency","msevtmgt_paymentprovider","Payment provider","Other/Solution.xml","msdyncrm_MarketingSMBApp","DynamicsMKT_AnchorSolution (1.2.1258.89);DynamicsMKT_AnchorSolution (1.2.437.94);MicrosoftDynamics_EventManagement (1.52.2104.96);MicrosoftDynamics_MktCompleteAnchorSolution (1.122.2010.408);MicrosoftDynamics_MktCompleteAnchorSolution (1.122.2010.510)","False","","","Dependency reported by the Dataverse solution export.","Foundation and shared configuration","None","Investigate","External dependency must be validated for necessity, licensing, and target availability.","Required","Not required","True"
"MissingDependency","msevtmgt_powerpageswebsite","Power Pages Website","Other/Solution.xml","msdyncrm_MarketingSMBApp","DynamicsMKT_AnchorSolution (1.2.1258.89);DynamicsMKT_AnchorSolution (1.2.437.94);DynamicsMKT_EventManagementRealtimeLink (1.2.1258.87)","False","","","Dependency reported by the Dataverse solution export.","Foundation and shared configuration","None","Investigate","External dependency must be validated for necessity, licensing, and target availability.","Required","Not required","True"
"MissingDependency","msevtmgt_room","Room","Other/Solution.xml","msdyncrm_MarketingSMBApp","DynamicsMKT_AnchorSolution (1.2.1258.89);DynamicsMKT_AnchorSolution (1.2.437.94);MicrosoftDynamics_EventManagement (1.52.2104.96);MicrosoftDynamics_MktCompleteAnchorSolution (1.122.2010.408);MicrosoftDynamics_MktCompleteAnchorSolution (1.122.2010.510)","False","","","Dependency reported by the Dataverse solution export.","Foundation and shared configuration","None","Investigate","External dependency must be validated for necessity, licensing, and target availability.","Required","Not required","True"
"MissingDependency","msevtmgt_session","Session","Other/Solution.xml","msdyncrm_MarketingSMBApp","DynamicsMKT_AnchorSolution (1.2.1258.89);DynamicsMKT_AnchorSolution (1.2.437.94);MicrosoftDynamics_EventManagement (1.52.2104.96);MicrosoftDynamics_MktCompleteAnchorSolution (1.122.2010.408);MicrosoftDynamics_MktCompleteAnchorSolution (1.122.2010.510)","False","","","Dependency reported by the Dataverse solution export.","Foundation and shared configuration","None","Investigate","External dependency must be validated for necessity, licensing, and target availability.","Required","Not required","True"
"MissingDependency","msevtmgt_sessionregistration","Session Registration","Other/Solution.xml","msdyncrm_MarketingSMBApp","DynamicsMKT_AnchorSolution (1.2.1258.89);DynamicsMKT_AnchorSolution (1.2.437.94);MicrosoftDynamics_EventManagement (1.52.2104.96);MicrosoftDynamics_MktCompleteAnchorSolution (1.122.2010.408);MicrosoftDynamics_MktCompleteAnchorSolution (1.122.2010.510)","False","","","Dependency reported by the Dataverse solution export.","Foundation and shared configuration","None","Investigate","External dependency must be validated for necessity, licensing, and target availability.","Required","Not required","True"
"MissingDependency","msevtmgt_sessiontrack","Session Track","Other/Solution.xml","msdyncrm_MarketingSMBApp","DynamicsMKT_AnchorSolution (1.2.1258.89);DynamicsMKT_AnchorSolution (1.2.437.94);MicrosoftDynamics_EventManagement (1.52.2104.96);MicrosoftDynamics_MktCompleteAnchorSolution (1.122.2010.408);MicrosoftDynamics_MktCompleteAnchorSolution (1.122.2010.510)","False","","","Dependency reported by the Dataverse solution export.","Foundation and shared configuration","None","Investigate","External dependency must be validated for necessity, licensing, and target availability.","Required","Not required","True"
"MissingDependency","msevtmgt_speaker","Speaker","Other/Solution.xml","msdyncrm_MarketingSMBApp","DynamicsMKT_AnchorSolution (1.2.1258.89);DynamicsMKT_AnchorSolution (1.2.437.94);MicrosoftDynamics_EventManagement (1.52.2104.96);MicrosoftDynamics_MktCompleteAnchorSolution (1.122.2010.408);MicrosoftDynamics_MktCompleteAnchorSolution (1.122.2010.510)","False","","","Dependency reported by the Dataverse solution export.","Foundation and shared configuration","None","Investigate","External dependency must be validated for necessity, licensing, and target availability.","Required","Not required","True"
"MissingDependency","msevtmgt_speakerengagement","Speaker Engagement","Other/Solution.xml","msdyncrm_MarketingSMBApp","DynamicsMKT_AnchorSolution (1.2.1258.89);DynamicsMKT_AnchorSolution (1.2.437.94);MicrosoftDynamics_EventManagement (1.52.2104.96);MicrosoftDynamics_MktCompleteAnchorSolution (1.122.2010.408);MicrosoftDynamics_MktCompleteAnchorSolution (1.122.2010.510)","False","","","Dependency reported by the Dataverse solution export.","Foundation and shared configuration","None","Investigate","External dependency must be validated for necessity, licensing, and target availability.","Required","Not required","True"
"MissingDependency","msevtmgt_sponsorablearticle","Sponsorable Article","Other/Solution.xml","msdyncrm_MarketingSMBApp","DynamicsMKT_AnchorSolution (1.2.1258.89);DynamicsMKT_AnchorSolution (1.2.437.94);MicrosoftDynamics_EventManagement (1.52.2104.96);MicrosoftDynamics_MktCompleteAnchorSolution (1.122.2010.408);MicrosoftDynamics_MktCompleteAnchorSolution (1.122.2010.510)","False","","","Dependency reported by the Dataverse solution export.","Foundation and shared configuration","None","Investigate","External dependency must be validated for necessity, licensing, and target availability.","Required","Not required","True"
"MissingDependency","msevtmgt_sponsorship","Sponsorship","Other/Solution.xml","msdyncrm_MarketingSMBApp","DynamicsMKT_AnchorSolution (1.2.1258.89);DynamicsMKT_AnchorSolution (1.2.437.94);MicrosoftDynamics_EventManagement (1.52.2104.96);MicrosoftDynamics_MktCompleteAnchorSolution (1.122.2010.408);MicrosoftDynamics_MktCompleteAnchorSolution (1.122.2010.510)","False","","","Dependency reported by the Dataverse solution export.","Foundation and shared configuration","None","Investigate","External dependency must be validated for necessity, licensing, and target availability.","Required","Not required","True"
"MissingDependency","msevtmgt_venue","Venue","Other/Solution.xml","msdyncrm_MarketingSMBApp","DynamicsMKT_AnchorSolution (1.2.1258.89);DynamicsMKT_AnchorSolution (1.2.437.94);MicrosoftDynamics_EventManagement (1.52.2104.96);MicrosoftDynamics_MktCompleteAnchorSolution (1.122.2010.408);MicrosoftDynamics_MktCompleteAnchorSolution (1.122.2010.510)","False","","","Dependency reported by the Dataverse solution export.","Foundation and shared configuration","None","Investigate","External dependency must be validated for necessity, licensing, and target availability.","Required","Not required","True"
"MissingDependency","msevtmgt_waitlistitem","Waitlist Item","Other/Solution.xml","msdyncrm_MarketingSMBApp","DynamicsMKT_AnchorSolution (1.2.1258.89);DynamicsMKT_AnchorSolution (1.2.437.94);MicrosoftDynamics_EventManagement (1.52.2104.96);MicrosoftDynamics_MktCompleteAnchorSolution (1.122.2010.408);MicrosoftDynamics_MktCompleteAnchorSolution (1.122.2010.510)","False","","","Dependency reported by the Dataverse solution export.","Foundation and shared configuration","None","Investigate","External dependency must be validated for necessity, licensing, and target availability.","Required","Not required","True"
"MissingDependency","msevtmgt_webapplication","Web application","Other/Solution.xml","msdyncrm_MarketingSMBApp","DynamicsMKT_AnchorSolution (1.2.1258.89);DynamicsMKT_AnchorSolution (1.2.437.94);MicrosoftDynamics_EventManagement (1.52.2104.96);MicrosoftDynamics_MktCompleteAnchorSolution (1.122.2010.408);MicrosoftDynamics_MktCompleteAnchorSolution (1.122.2010.510)","False","","","Dependency reported by the Dataverse solution export.","Foundation and shared configuration","None","Investigate","External dependency must be validated for necessity, licensing, and target availability.","Required","Not required","True"
"MissingDependency","msevtmgt_webinarconfiguration","Webinar configuration","Other/Solution.xml","msdyncrm_MarketingSMBApp","DynamicsMKT_AnchorSolution (1.2.1258.89);DynamicsMKT_AnchorSolution (1.2.437.94);MicrosoftDynamics_EventManagement (1.52.2104.96);MicrosoftDynamics_MktCompleteAnchorSolution (1.122.2010.408);MicrosoftDynamics_MktCompleteAnchorSolution (1.122.2010.510)","False","","","Dependency reported by the Dataverse solution export.","Foundation and shared configuration","None","Investigate","External dependency must be validated for necessity, licensing, and target availability.","Required","Not required","True"
"MissingDependency","msevtmgt_webinarconsent","Webinar Consent","Other/Solution.xml","msdyncrm_MarketingSMBApp","DynamicsMKT_AnchorSolution (1.2.1258.89);DynamicsMKT_AnchorSolution (1.2.437.94);MicrosoftDynamics_EventManagement (1.52.2104.96);MicrosoftDynamics_MktCompleteAnchorSolution (1.122.2010.408);MicrosoftDynamics_MktCompleteAnchorSolution (1.122.2010.510)","False","","","Dependency reported by the Dataverse solution export.","Foundation and shared configuration","None","Investigate","External dependency must be validated for necessity, licensing, and target availability.","Required","Not required","True"
"MissingDependency","msevtmgt_webinarprovider","Webinar provider","Other/Solution.xml","msdyncrm_MarketingSMBApp","DynamicsMKT_AnchorSolution (1.2.1258.89);DynamicsMKT_AnchorSolution (1.2.437.94);MicrosoftDynamics_EventManagement (1.52.2104.96);MicrosoftDynamics_MktCompleteAnchorSolution (1.122.2010.408);MicrosoftDynamics_MktCompleteAnchorSolution (1.122.2010.510)","False","","","Dependency reported by the Dataverse solution export.","Foundation and shared configuration","None","Investigate","External dependency must be validated for necessity, licensing, and target availability.","Required","Not required","True"
"MissingDependency","msevtmgt_webinartype","Webinar Type","Other/Solution.xml","msdyncrm_MarketingSMBApp","DynamicsMKT_AnchorSolution (1.2.1258.89);DynamicsMKT_AnchorSolution (1.2.437.94);MicrosoftDynamics_EventManagement (1.52.2104.96);MicrosoftDynamics_MktCompleteAnchorSolution (1.122.2010.408);MicrosoftDynamics_MktCompleteAnchorSolution (1.122.2010.510)","False","","","Dependency reported by the Dataverse solution export.","Foundation and shared configuration","None","Investigate","External dependency must be validated for necessity, licensing, and target availability.","Required","Not required","True"
"MissingDependency","msevtmgt_websiteentityconfiguration","Website table configuration","Other/Solution.xml","msdyncrm_MarketingSMBApp","DynamicsMKT_AnchorSolution (1.2.1258.89);DynamicsMKT_AnchorSolution (1.2.437.94);MicrosoftDynamics_EventManagement (1.52.2104.96);MicrosoftDynamics_MktCompleteAnchorSolution (1.122.2010.408);MicrosoftDynamics_MktCompleteAnchorSolution (1.122.2010.510)","False","","","Dependency reported by the Dataverse solution export.","Foundation and shared configuration","None","Investigate","External dependency must be validated for necessity, licensing, and target availability.","Required","Not required","True"
"MissingDependency","opportunity","Opportunity","Other/Solution.xml","msdyncrm_MarketingSMBApp","msdynce_Sales (9.0.4.0076);msdynce_SalesAnchor (9.0.26071.10006)","False","","","Dependency reported by the Dataverse solution export.","Foundation and shared configuration","None","Investigate","External dependency must be validated for necessity, licensing, and target availability.","Required","Not required","True"
"MissingDependency","opportunityclose","Opportunity Close","Other/Solution.xml","msdyncrm_MarketingSMBApp","msdynce_Sales (9.0.4.0076);msdynce_SalesAnchor (9.0.26071.10006)","False","","","Dependency reported by the Dataverse solution export.","Foundation and shared configuration","None","Investigate","External dependency must be validated for necessity, licensing, and target availability.","Required","Not required","True"
"MissingDependency","opportunitysalesprocess","Opportunity Sales Process","Other/Solution.xml","msdyncrm_MarketingSMBApp","msdynce_Sales (9.0.4.0076);msdynce_SalesAnchor (9.0.26071.10006)","False","","","Dependency reported by the Dataverse solution export.","Foundation and shared configuration","None","Investigate","External dependency must be validated for necessity, licensing, and target availability.","Required","Not required","True"
"MissingDependency","site","Site","Other/Solution.xml","msdyncrm_MarketingSMBApp","msdynce_Service (9.0.5.56);msdynce_ServiceAnchor (9.0.26064.1006)","False","","","Dependency reported by the Dataverse solution export.","Foundation and shared configuration","None","Investigate","External dependency must be validated for necessity, licensing, and target availability.","Required","Not required","True"
"MissingDependency","type:SettingDefinition","OverrideAppHeaderColor","Other/Solution.xml","OverrideAppHeaderColor","msdyn_PowerAppsThemingSettings (1.0.0.13);PowerAppsThemingApp_Anchor (1.0.0.12)","False","","","Dependency reported by the Dataverse solution export.","Foundation and shared configuration","None","Investigate","External dependency must be validated for necessity, licensing, and target availability.","Required","Not required","True"
"MissingDependency","type:SettingDefinition","AppChannel","Other/Solution.xml","parentappmoduleid.uniquename=cr7e8_AdvisorCockpit,settingdefinitionid.uniquename=AppChannel","msdyn_AppFrameworkInfraExtensions (1.0.0.18);PowerAppsAppFramework_Anchor (1.0.0.25)","False","","","Dependency reported by the Dataverse solution export.","Foundation and shared configuration","None","Investigate","External dependency must be validated for necessity, licensing, and target availability.","Required","Not required","True"
"MissingDependency","type:SettingDefinition","m365copilotmodelappenabled","Other/Solution.xml","parentappmoduleid.uniquename=cr7e8_AdvisorCockpit,settingdefinitionid.uniquename=m365copilotmodelappenabled","msdyn_M365CopilotAppInfraSettings (9.2.0.5)","False","","","Dependency reported by the Dataverse solution export.","Foundation and shared configuration","None","Investigate","External dependency must be validated for necessity, licensing, and target availability.","Required","Not required","True"
"MissingDependency","type:SettingDefinition","msdyn_enablertecopilot","Other/Solution.xml","parentappmoduleid.uniquename=cr7e8_AdvisorCockpit,settingdefinitionid.uniquename=msdyn_enablertecopilot","msdyn_SalesCopilot (9.1.26071.10002);msdynce_SalesAnchor (9.0.26071.10006)","False","","","Dependency reported by the Dataverse solution export.","Foundation and shared configuration","None","Investigate","External dependency must be validated for necessity, licensing, and target availability.","Required","Not required","True"
"MissingDependency","type:SettingDefinition","msdyn_rtecopilotdefaultonruncompleted","Other/Solution.xml","parentappmoduleid.uniquename=cr7e8_AdvisorCockpit,settingdefinitionid.uniquename=msdyn_rtecopilotdefaultonruncompleted","msdyn_CSIntelligence (9.2.26064.1055);msdyn_ServiceIntelligenceAnchor (9.2.26035.1075);msdyn_ServiceIntelligenceAnchor (9.2.26064.1055)","False","","","Dependency reported by the Dataverse solution export.","Foundation and shared configuration","None","Investigate","External dependency must be validated for necessity, licensing, and target availability.","Required","Not required","True"
"MissingDependency","type:SettingDefinition","AppChannel","Other/Solution.xml","parentappmoduleid.uniquename=cr7e8_BrokerManager,settingdefinitionid.uniquename=AppChannel","msdyn_AppFrameworkInfraExtensions (1.0.0.18);PowerAppsAppFramework_Anchor (1.0.0.25)","False","","","Dependency reported by the Dataverse solution export.","Foundation and shared configuration","None","Investigate","External dependency must be validated for necessity, licensing, and target availability.","Required","Not required","True"
"MissingDependency","type:SettingDefinition","AppChannel","Other/Solution.xml","parentappmoduleid.uniquename=cr7e8_ClaimCockpit,settingdefinitionid.uniquename=AppChannel","msdyn_AppFrameworkInfraExtensions (1.0.0.18);PowerAppsAppFramework_Anchor (1.0.0.25)","False","","","Dependency reported by the Dataverse solution export.","Foundation and shared configuration","None","Investigate","External dependency must be validated for necessity, licensing, and target availability.","Required","Not required","True"
"MissingDependency","msdyn_CustomerServiceWorkspace","Copilot Service workspace","Other/Solution.xml","parentappmoduleid.uniquename=msdyn_CustomerServiceWorkspace,settingdefinitionid.uniquename=msdyn_enablertecopilot","msdyn_CustomerServiceWorkspace (9.0.26062.2000);msdyn_ServiceExtendedAnchor (9.0.26064.2022)","False","","","Dependency reported by the Dataverse solution export.","Foundation and shared configuration","None","Investigate","External dependency must be validated for necessity, licensing, and target availability.","Required","Not required","True"
"MissingDependency","type:SettingDefinition","msdyn_enablertecopilot","Other/Solution.xml","parentappmoduleid.uniquename=msdyn_CustomerServiceWorkspace,settingdefinitionid.uniquename=msdyn_enablertecopilot","msdyn_SalesCopilot (9.1.26071.10002);msdynce_SalesAnchor (9.0.26071.10006)","False","","","Dependency reported by the Dataverse solution export.","Foundation and shared configuration","None","Investigate","External dependency must be validated for necessity, licensing, and target availability.","Required","Not required","True"
"MissingDependency","msdyn_CustomerServiceWorkspace","Copilot Service workspace","Other/Solution.xml","parentappmoduleid.uniquename=msdyn_CustomerServiceWorkspace,settingdefinitionid.uniquename=msdyn_rtecopilotdefaultonruncompleted","msdyn_CustomerServiceWorkspace (9.0.26062.2000);msdyn_ServiceExtendedAnchor (9.0.26064.2022)","False","","","Dependency reported by the Dataverse solution export.","Foundation and shared configuration","None","Investigate","External dependency must be validated for necessity, licensing, and target availability.","Required","Not required","True"
"MissingDependency","type:SettingDefinition","msdyn_rtecopilotdefaultonruncompleted","Other/Solution.xml","parentappmoduleid.uniquename=msdyn_CustomerServiceWorkspace,settingdefinitionid.uniquename=msdyn_rtecopilotdefaultonruncompleted","msdyn_CSIntelligence (9.2.26064.1055);msdyn_ServiceIntelligenceAnchor (9.2.26035.1075);msdyn_ServiceIntelligenceAnchor (9.2.26064.1055)","False","","","Dependency reported by the Dataverse solution export.","Foundation and shared configuration","None","Investigate","External dependency must be validated for necessity, licensing, and target availability.","Required","Not required","True"
"OrganizationSetting","OverrideAppHeaderColor","OverrideAppHeaderColor","organizationsettings/OverrideAppHeaderColor/organizationsetting.xml","","","False","","","","Foundation and shared configuration","crmshow_Foundation","Investigate","Validate the environment-level configuration independently before adopting it.","Investigate","Not required","True"
"Relationship","business_unit_cr7e8_broker","business_unit_cr7e8_broker","Other/Relationships.xml","","","False","","","","Party, household, and relationship","crmshow_DataModel","Redesign","Broker is an Account type with dated relationship and ownership roles, not a parallel party table.","Investigate","Not required","True"
"Relationship","business_unit_cr7e8_campaign","business_unit_cr7e8_campaign","Other/Relationships.xml","","","False","","","","Marketing, consent, and journeys","crmshow_Marketing","Redesign","Validate against native Customer Insights - Journeys and consent-per-contact-per-channel before rebuilding custom campaign artefacts.","Required","Not required","True"
"Relationship","business_unit_cr7e8_claim","business_unit_cr7e8_claim","Other/Relationships.xml","","","False","","","","Service and case management","crmshow_DataModel","Redesign","Claim must become an Account-owned, externally referenced thin projection rather than a Contact-owned CRM record.","Investigate","Not required","True"
"Relationship","cr7e8_account_Account_cr7e8_broker","cr7e8_account_Account_cr7e8_broker","Other/Relationships.xml","","","False","","","","Party, household, and relationship","crmshow_DataModel","Redesign","Broker is an Account type with dated relationship and ownership roles, not a parallel party table.","Investigate","Not required","True"
"Relationship","cr7e8_account_Account_cr7e8_campaign","cr7e8_account_Account_cr7e8_campaign","Other/Relationships.xml","","","False","","","","Marketing, consent, and journeys","crmshow_Marketing","Redesign","Validate against native Customer Insights - Journeys and consent-per-contact-per-channel before rebuilding custom campaign artefacts.","Required","Not required","True"
"Relationship","cr7e8_claim_Contact_contact","cr7e8_claim_Contact_contact","Other/Relationships.xml","","","False","","","","Service and case management","crmshow_DataModel","Redesign","Claim must become an Account-owned, externally referenced thin projection rather than a Contact-owned CRM record.","Investigate","Not required","True"
"Relationship","cr7e8_contact_Contact_cr7e8_campaign","cr7e8_contact_Contact_cr7e8_campaign","Other/Relationships.xml","","","False","","","","Marketing, consent, and journeys","crmshow_Marketing","Redesign","Validate against native Customer Insights - Journeys and consent-per-contact-per-channel before rebuilding custom campaign artefacts.","Required","Not required","True"
"Relationship","cr7e8_contact_Primary_Contact_cr7e8_broker","cr7e8_contact_Primary_Contact_cr7e8_broker","Other/Relationships.xml","","","False","","","","Party, household, and relationship","crmshow_DataModel","Redesign","Broker is an Account type with dated relationship and ownership roles, not a parallel party table.","Investigate","Not required","True"
"Relationship","cr7e8_product_Product_cr7e8_campaign","cr7e8_product_Product_cr7e8_campaign","Other/Relationships.xml","","","False","","","","Marketing, consent, and journeys","crmshow_Marketing","Redesign","Validate against native Customer Insights - Journeys and consent-per-contact-per-channel before rebuilding custom campaign artefacts.","Required","Not required","True"
"Relationship","cr7e8_systemuser_Makler_Betreuer_cr7e8_broker","cr7e8_systemuser_Makler_Betreuer_cr7e8_broker","Other/Relationships.xml","","","False","","","","Party, household, and relationship","crmshow_DataModel","Redesign","Broker is an Account type with dated relationship and ownership roles, not a parallel party table.","Investigate","Not required","True"
"Relationship","lk_cr7e8_broker_createdby","lk_cr7e8_broker_createdby","Other/Relationships.xml","","","False","","","","Party, household, and relationship","crmshow_DataModel","Redesign","Broker is an Account type with dated relationship and ownership roles, not a parallel party table.","Investigate","Not required","True"
"Relationship","lk_cr7e8_broker_modifiedby","lk_cr7e8_broker_modifiedby","Other/Relationships.xml","","","False","","","","Party, household, and relationship","crmshow_DataModel","Redesign","Broker is an Account type with dated relationship and ownership roles, not a parallel party table.","Investigate","Not required","True"
"Relationship","lk_cr7e8_campaign_createdby","lk_cr7e8_campaign_createdby","Other/Relationships.xml","","","False","","","","Marketing, consent, and journeys","crmshow_Marketing","Redesign","Validate against native Customer Insights - Journeys and consent-per-contact-per-channel before rebuilding custom campaign artefacts.","Required","Not required","True"
"Relationship","lk_cr7e8_campaign_modifiedby","lk_cr7e8_campaign_modifiedby","Other/Relationships.xml","","","False","","","","Marketing, consent, and journeys","crmshow_Marketing","Redesign","Validate against native Customer Insights - Journeys and consent-per-contact-per-channel before rebuilding custom campaign artefacts.","Required","Not required","True"
"Relationship","lk_cr7e8_claim_createdby","lk_cr7e8_claim_createdby","Other/Relationships.xml","","","False","","","","Service and case management","crmshow_DataModel","Redesign","Claim must become an Account-owned, externally referenced thin projection rather than a Contact-owned CRM record.","Investigate","Not required","True"
"Relationship","lk_cr7e8_claim_modifiedby","lk_cr7e8_claim_modifiedby","Other/Relationships.xml","","","False","","","","Service and case management","crmshow_DataModel","Redesign","Claim must become an Account-owned, externally referenced thin projection rather than a Contact-owned CRM record.","Investigate","Not required","True"
"Relationship","owner_cr7e8_broker","owner_cr7e8_broker","Other/Relationships.xml","","","False","","","","Party, household, and relationship","crmshow_DataModel","Redesign","Broker is an Account type with dated relationship and ownership roles, not a parallel party table.","Investigate","Not required","True"
"Relationship","owner_cr7e8_campaign","owner_cr7e8_campaign","Other/Relationships.xml","","","False","","","","Marketing, consent, and journeys","crmshow_Marketing","Redesign","Validate against native Customer Insights - Journeys and consent-per-contact-per-channel before rebuilding custom campaign artefacts.","Required","Not required","True"
"Relationship","owner_cr7e8_claim","owner_cr7e8_claim","Other/Relationships.xml","","","False","","","","Service and case management","crmshow_DataModel","Redesign","Claim must become an Account-owned, externally referenced thin projection rather than a Contact-owned CRM record.","Investigate","Not required","True"
"Relationship","team_cr7e8_broker","team_cr7e8_broker","Other/Relationships.xml","","","False","","","","Party, household, and relationship","crmshow_DataModel","Redesign","Broker is an Account type with dated relationship and ownership roles, not a parallel party table.","Investigate","Not required","True"
"Relationship","team_cr7e8_campaign","team_cr7e8_campaign","Other/Relationships.xml","","","False","","","","Marketing, consent, and journeys","crmshow_Marketing","Redesign","Validate against native Customer Insights - Journeys and consent-per-contact-per-channel before rebuilding custom campaign artefacts.","Required","Not required","True"
"Relationship","team_cr7e8_claim","team_cr7e8_claim","Other/Relationships.xml","","","False","","","","Service and case management","crmshow_DataModel","Redesign","Claim must become an Account-owned, externally referenced thin projection rather than a Contact-owned CRM record.","Investigate","Not required","True"
"Relationship","user_cr7e8_broker","user_cr7e8_broker","Other/Relationships.xml","","","False","","","","Party, household, and relationship","crmshow_DataModel","Redesign","Broker is an Account type with dated relationship and ownership roles, not a parallel party table.","Investigate","Not required","True"
"Relationship","user_cr7e8_campaign","user_cr7e8_campaign","Other/Relationships.xml","","","False","","","","Marketing, consent, and journeys","crmshow_Marketing","Redesign","Validate against native Customer Insights - Journeys and consent-per-contact-per-channel before rebuilding custom campaign artefacts.","Required","Not required","True"
"Relationship","user_cr7e8_claim","user_cr7e8_claim","Other/Relationships.xml","","","False","","","","Service and case management","crmshow_DataModel","Redesign","Claim must become an Account-owned, externally referenced thin projection rather than a Contact-owned CRM record.","Investigate","Not required","True"
"Relationship","cr7e8_cr7e8_household_Household_cr7e8_policy","cr7e8_cr7e8_household_Household_cr7e8_policy","metadata:DataverseModelBuilder/cr7e8_household","cr7e8_household","","False","","","Enriched from live Dataverse table metadata because the solution package omitted the definition.","Party, household, and relationship","crmshow_DataModel","Redesign","Household must be represented by Account with accountType=Household; the parallel household table is retired.","Investigate","Not required","True"
"Relationship","cr7e8_cr7e8_policy_Related_Policy_cr7e8_offer","cr7e8_cr7e8_policy_Related_Policy_cr7e8_offer","metadata:DataverseModelBuilder/cr7e8_offer","cr7e8_offer","","False","","","Enriched from live Dataverse table metadata because the solution package omitted the definition.","Policy, claim, quote, and insured-object projections","crmshow_DataModel","Redesign","Policy must be a thin Account-owned projection with external system and external reference keys.","Investigate","Not required","True"
"Relationship","cr7e8_cr7e8_household_Household_cr7e8_policy","cr7e8_cr7e8_household_Household_cr7e8_policy","metadata:DataverseModelBuilder/cr7e8_policy","cr7e8_policy","","False","","","Enriched from live Dataverse table metadata because the solution package omitted the definition.","Party, household, and relationship","crmshow_DataModel","Redesign","Household must be represented by Account with accountType=Household; the parallel household table is retired.","Investigate","Not required","True"
"Relationship","cr7e8_cr7e8_policy_Related_Policy_cr7e8_offer","cr7e8_cr7e8_policy_Related_Policy_cr7e8_offer","metadata:DataverseModelBuilder/cr7e8_policy","cr7e8_policy","","False","","","Enriched from live Dataverse table metadata because the solution package omitted the definition.","Policy, claim, quote, and insured-object projections","crmshow_DataModel","Redesign","Policy must be a thin Account-owned projection with external system and external reference keys.","Investigate","Not required","True"
"Ribbon","Account:ribbon","Account ribbon","Entities/Account/RibbonDiff.xml","Account","","False","","","","Party, household, and relationship","crmshow_Sales","Refactor","Reuse native party tables while rebuilding only approved extensions and role relationships.","Investigate","Not required","True"
"Ribbon","Contact:ribbon","Contact ribbon","Entities/Contact/RibbonDiff.xml","Contact","","False","","","","Party, household, and relationship","crmshow_Sales","Refactor","Reuse native party tables while rebuilding only approved extensions and role relationships.","Investigate","Not required","True"
"Ribbon","cr7e8_broker:ribbon","Broker ribbon","Entities/cr7e8_broker/RibbonDiff.xml","cr7e8_broker","","False","","","","Party, household, and relationship","crmshow_Sales","Redesign","Broker is an Account type with dated relationship and ownership roles, not a parallel party table.","Investigate","Not required","True"
"Ribbon","cr7e8_campaign:ribbon","Kampagne ribbon","Entities/cr7e8_campaign/RibbonDiff.xml","cr7e8_campaign","","False","","","","Marketing, consent, and journeys","crmshow_Marketing","Redesign","Validate against native Customer Insights - Journeys and consent-per-contact-per-channel before rebuilding custom campaign artefacts.","Required","Not required","True"
"Ribbon","cr7e8_Claim:ribbon","Claim ribbon","Entities/cr7e8_Claim/RibbonDiff.xml","cr7e8_Claim","","False","","","","Service and case management","crmshow_Service","Redesign","Claim must become an Account-owned, externally referenced thin projection rather than a Contact-owned CRM record.","Investigate","Not required","True"
"Ribbon","cr7e8_household:ribbon","Household ribbon","Entities/cr7e8_household/RibbonDiff.xml","cr7e8_household","","False","","","","Party, household, and relationship","crmshow_Sales","Redesign","Household must be represented by Account with accountType=Household; the parallel household table is retired.","Investigate","Not required","True"
"Ribbon","cr7e8_offer:ribbon","Offer ribbon","Entities/cr7e8_offer/RibbonDiff.xml","cr7e8_offer","","False","","","","Sales and opportunity management","crmshow_Sales","Redesign","Rebuild around native Lead and Opportunity; offer or quote data remains an externally referenced projection.","Investigate","Not required","True"
"Ribbon","cr7e8_policy:ribbon","Policy ribbon","Entities/cr7e8_policy/RibbonDiff.xml","cr7e8_policy","","False","","","","Policy, claim, quote, and insured-object projections","crmshow_Sales","Redesign","Policy must be a thin Account-owned projection with external system and external reference keys.","Investigate","Not required","True"
"Ribbon","Incident:ribbon","Case ribbon","Entities/Incident/RibbonDiff.xml","Incident","","False","","","","Service and case management","crmshow_Service","Refactor","Retain the service requirement but rebuild through native Customer Service configuration and governed extensions.","Investigate","Not required","True"
"Ribbon","Lead:ribbon","Lead ribbon","Entities/Lead/RibbonDiff.xml","Lead","","False","","","","Sales and opportunity management","crmshow_Sales","Redesign","Rebuild around native Lead and Opportunity; offer or quote data remains an externally referenced projection.","Investigate","Not required","True"
"Ribbon","msdyn_ocliveworkitem:ribbon","Conversation ribbon","Entities/msdyn_ocliveworkitem/RibbonDiff.xml","msdyn_ocliveworkitem","","False","","","","Service and case management","crmshow_Service","Refactor","Retain the service requirement but rebuild through native Customer Service configuration and governed extensions.","Investigate","Not required","True"
"SettingDefinition","OverrideAppHeaderColor","OverrideAppHeaderColor","settingdefinitions/OverrideAppHeaderColor/settingdefinition.xml","","","False","","","","Foundation and shared configuration","crmshow_Foundation","Investigate","Validate the environment-level configuration independently before adopting it.","Investigate","Not required","True"
"SiteMap","cr7e8_AdvisorCockpit","cr7e8_AdvisorCockpit","AppModuleSiteMaps/cr7e8_AdvisorCockpit/AppModuleSiteMap.xml","","","True","","","","Sales and opportunity management","crmshow_Sales","Redesign","Rebuild around native Lead and Opportunity; offer or quote data remains an externally referenced projection.","Investigate","Not required","True"
"SiteMap","cr7e8_BrokerManager","cr7e8_BrokerManager","AppModuleSiteMaps/cr7e8_BrokerManager/AppModuleSiteMap.xml","","","True","","","","Party, household, and relationship","crmshow_Sales","Redesign","Broker is an Account type with dated relationship and ownership roles, not a parallel party table.","Investigate","Not required","True"
"SiteMap","cr7e8_ClaimCockpit","cr7e8_ClaimCockpit","AppModuleSiteMaps/cr7e8_ClaimCockpit/AppModuleSiteMap.xml","","","True","","","","Service and case management","crmshow_Service","Redesign","Claim must become an Account-owned, externally referenced thin projection rather than a Contact-owned CRM record.","Investigate","Not required","True"
"SiteMap","msdyn_CustomerServiceWorkspace","msdyn_CustomerServiceWorkspace","AppModuleSiteMaps/msdyn_CustomerServiceWorkspace/AppModuleSiteMap.xml","","","True","","","","Service and case management","crmshow_Service","Refactor","Retain the service requirement but rebuild through native Customer Service configuration and governed extensions.","Investigate","Not required","True"
"SiteMap","msdyncrm_MarketingSMBApp","msdyncrm_MarketingSMBApp","AppModuleSiteMaps/msdyncrm_MarketingSMBApp/AppModuleSiteMap.xml","","","True","","","","Marketing, consent, and journeys","crmshow_Marketing","Redesign","Validate against native Customer Insights - Journeys and consent-per-contact-per-channel before rebuilding custom campaign artefacts.","Required","Not required","True"
"View","{14a48887-6d56-41b3-9e09-3a66f46d4f6a}","","Entities/cr7e8_broker/SavedQueries/{14a48887-6d56-41b3-9e09-3a66f46d4f6a}.xml","cr7e8_broker","","False","","","","Party, household, and relationship","crmshow_Sales","Redesign","Broker is an Account type with dated relationship and ownership roles, not a parallel party table.","Investigate","Not required","True"
"View","{223305c9-0c4f-4a6c-93cc-dbadc9be9683}","","Entities/cr7e8_broker/SavedQueries/{223305c9-0c4f-4a6c-93cc-dbadc9be9683}.xml","cr7e8_broker","","False","","","","Party, household, and relationship","crmshow_Sales","Redesign","Broker is an Account type with dated relationship and ownership roles, not a parallel party table.","Investigate","Not required","True"
"View","{327ab6e3-0f3f-42fc-be34-a903cba6e5aa}","","Entities/cr7e8_broker/SavedQueries/{327ab6e3-0f3f-42fc-be34-a903cba6e5aa}.xml","cr7e8_broker","","False","","","","Party, household, and relationship","crmshow_Sales","Redesign","Broker is an Account type with dated relationship and ownership roles, not a parallel party table.","Investigate","Not required","True"
"View","{34ee2df0-220a-4ec6-b2a7-23d6deebf1ca}","","Entities/cr7e8_broker/SavedQueries/{34ee2df0-220a-4ec6-b2a7-23d6deebf1ca}.xml","cr7e8_broker","","False","","","","Party, household, and relationship","crmshow_Sales","Redesign","Broker is an Account type with dated relationship and ownership roles, not a parallel party table.","Investigate","Not required","True"
"View","{426a025f-bb51-4ce0-9491-5a44eac37529}","","Entities/cr7e8_broker/SavedQueries/{426a025f-bb51-4ce0-9491-5a44eac37529}.xml","cr7e8_broker","","False","","","","Party, household, and relationship","crmshow_Sales","Redesign","Broker is an Account type with dated relationship and ownership roles, not a parallel party table.","Investigate","Not required","True"
"View","{9d5bd805-0d6b-f111-ab0c-000d3a3839bf}","","Entities/cr7e8_broker/SavedQueries/{9d5bd805-0d6b-f111-ab0c-000d3a3839bf}.xml","cr7e8_broker","","False","","","","Party, household, and relationship","crmshow_Sales","Redesign","Broker is an Account type with dated relationship and ownership roles, not a parallel party table.","Investigate","Not required","True"
"View","{f3118ca7-c8b8-4f76-b08e-e9de3b9a0c57}","","Entities/cr7e8_broker/SavedQueries/{f3118ca7-c8b8-4f76-b08e-e9de3b9a0c57}.xml","cr7e8_broker","","False","","","","Party, household, and relationship","crmshow_Sales","Redesign","Broker is an Account type with dated relationship and ownership roles, not a parallel party table.","Investigate","Not required","True"
"View","{1b65041c-344c-4726-b4f0-ae53bb4b1917}","","Entities/cr7e8_campaign/SavedQueries/{1b65041c-344c-4726-b4f0-ae53bb4b1917}.xml","cr7e8_campaign","","False","","","","Marketing, consent, and journeys","crmshow_Marketing","Redesign","Validate against native Customer Insights - Journeys and consent-per-contact-per-channel before rebuilding custom campaign artefacts.","Required","Not required","True"
"View","{35fca911-8d75-409b-87ef-3544ddd2a37b}","","Entities/cr7e8_campaign/SavedQueries/{35fca911-8d75-409b-87ef-3544ddd2a37b}.xml","cr7e8_campaign","","False","","","","Marketing, consent, and journeys","crmshow_Marketing","Redesign","Validate against native Customer Insights - Journeys and consent-per-contact-per-channel before rebuilding custom campaign artefacts.","Required","Not required","True"
"View","{55cff096-8684-472e-aa3b-ca9e0438cdd1}","","Entities/cr7e8_campaign/SavedQueries/{55cff096-8684-472e-aa3b-ca9e0438cdd1}.xml","cr7e8_campaign","","False","","","","Marketing, consent, and journeys","crmshow_Marketing","Redesign","Validate against native Customer Insights - Journeys and consent-per-contact-per-channel before rebuilding custom campaign artefacts.","Required","Not required","True"
"View","{6584ecfb-3e6d-f111-ab0c-70a8a59b9caf}","","Entities/cr7e8_campaign/SavedQueries/{6584ecfb-3e6d-f111-ab0c-70a8a59b9caf}.xml","cr7e8_campaign","","False","","","","Marketing, consent, and journeys","crmshow_Marketing","Redesign","Validate against native Customer Insights - Journeys and consent-per-contact-per-channel before rebuilding custom campaign artefacts.","Required","Not required","True"
"View","{b2367252-f109-4f82-aae8-f152e18c4f19}","","Entities/cr7e8_campaign/SavedQueries/{b2367252-f109-4f82-aae8-f152e18c4f19}.xml","cr7e8_campaign","","False","","","","Marketing, consent, and journeys","crmshow_Marketing","Redesign","Validate against native Customer Insights - Journeys and consent-per-contact-per-channel before rebuilding custom campaign artefacts.","Required","Not required","True"
"View","{f1627480-6f73-4de5-b5c6-ed3b74d647bf}","","Entities/cr7e8_campaign/SavedQueries/{f1627480-6f73-4de5-b5c6-ed3b74d647bf}.xml","cr7e8_campaign","","False","","","","Marketing, consent, and journeys","crmshow_Marketing","Redesign","Validate against native Customer Insights - Journeys and consent-per-contact-per-channel before rebuilding custom campaign artefacts.","Required","Not required","True"
"View","{fbd49f73-e0ce-464b-9692-27f979879c2b}","","Entities/cr7e8_campaign/SavedQueries/{fbd49f73-e0ce-464b-9692-27f979879c2b}.xml","cr7e8_campaign","","False","","","","Marketing, consent, and journeys","crmshow_Marketing","Redesign","Validate against native Customer Insights - Journeys and consent-per-contact-per-channel before rebuilding custom campaign artefacts.","Required","Not required","True"
"View","{0ab716ae-617a-4458-8dde-3e8da0fa7758}","","Entities/cr7e8_Claim/SavedQueries/{0ab716ae-617a-4458-8dde-3e8da0fa7758}.xml","cr7e8_Claim","","False","","","","Service and case management","crmshow_Service","Redesign","Claim must become an Account-owned, externally referenced thin projection rather than a Contact-owned CRM record.","Investigate","Not required","True"
"View","{363197be-3be7-4ef2-8056-ed5f78393784}","","Entities/cr7e8_Claim/SavedQueries/{363197be-3be7-4ef2-8056-ed5f78393784}.xml","cr7e8_Claim","","False","","","","Service and case management","crmshow_Service","Redesign","Claim must become an Account-owned, externally referenced thin projection rather than a Contact-owned CRM record.","Investigate","Not required","True"
"View","{4789e6f1-2d09-45cc-b1b5-156b0003808e}","","Entities/cr7e8_Claim/SavedQueries/{4789e6f1-2d09-45cc-b1b5-156b0003808e}.xml","cr7e8_Claim","","False","","","","Service and case management","crmshow_Service","Redesign","Claim must become an Account-owned, externally referenced thin projection rather than a Contact-owned CRM record.","Investigate","Not required","True"
"View","{48bfa37e-3b04-4f43-ac8a-8dd1e5f73d68}","","Entities/cr7e8_Claim/SavedQueries/{48bfa37e-3b04-4f43-ac8a-8dd1e5f73d68}.xml","cr7e8_Claim","","False","","","","Service and case management","crmshow_Service","Redesign","Claim must become an Account-owned, externally referenced thin projection rather than a Contact-owned CRM record.","Investigate","Not required","True"
"View","{5682b932-5f1d-4035-a2a8-a787aa9cd860}","","Entities/cr7e8_Claim/SavedQueries/{5682b932-5f1d-4035-a2a8-a787aa9cd860}.xml","cr7e8_Claim","","False","","","","Service and case management","crmshow_Service","Redesign","Claim must become an Account-owned, externally referenced thin projection rather than a Contact-owned CRM record.","Investigate","Not required","True"
"View","{5e71d043-73bd-44f2-8d35-47ddfcde1de1}","","Entities/cr7e8_Claim/SavedQueries/{5e71d043-73bd-44f2-8d35-47ddfcde1de1}.xml","cr7e8_Claim","","False","","","","Service and case management","crmshow_Service","Redesign","Claim must become an Account-owned, externally referenced thin projection rather than a Contact-owned CRM record.","Investigate","Not required","True"
"View","{adebe0e5-e0b3-4a51-85c0-466b763b9eca}","","Entities/cr7e8_Claim/SavedQueries/{adebe0e5-e0b3-4a51-85c0-466b763b9eca}.xml","cr7e8_Claim","","False","","","","Service and case management","crmshow_Service","Redesign","Claim must become an Account-owned, externally referenced thin projection rather than a Contact-owned CRM record.","Investigate","Not required","True"
"WebResource","cr7e8_contosoinsurancelogo","contoso-insurance-logo","WebResources/cr7e8_contosoinsurancelogo","","","True","","","","Foundation and shared configuration","None","Retire","Customer-specific branding is not copied into the anonymized CRM Showcase.","Investigate","Not required","True"
"WebResource","cr7e8_moderntheme","moderntheme","WebResources/cr7e8_moderntheme","","","True","","","","Foundation and shared configuration","None","Retire","Customer-specific branding is not copied into the anonymized CRM Showcase.","Investigate","Not required","True"
"WebResource","cr7e8_sharedpage01advisorcockpit","shared-page-01-advisor-cockpit","WebResources/cr7e8_sharedpage01advisorcockpit","","","True","","","","Sales and opportunity management","crmshow_Sales","Redesign","Rebuild around native Lead and Opportunity; offer or quote data remains an externally referenced projection.","Investigate","Not required","True"
"WebResource","cr7e8_sharedpage12v2salessteeringcockpit","shared-page-12-v2-sales-steering-cockpit","WebResources/cr7e8_sharedpage12v2salessteeringcockpit","","","True","","","","Sales and opportunity management","crmshow_Sales","Redesign","Rebuild around native Lead and Opportunity; offer or quote data remains an externally referenced projection.","Investigate","Not required","True"
"WebResource","cr7e8_ucas1page10bclaimexpertdashboard","ucas1-page-10b-claim-expert-dashboard","WebResources/cr7e8_ucas1page10bclaimexpertdashboard","","","True","","","","Service and case management","crmshow_Service","Refactor","Retain the service requirement but rebuild through native Customer Service configuration and governed extensions.","Investigate","Not required","True"
"WebResource","cr7e8_ucas1page10cclaimrecord","ucas1-page-10c-claim-record","WebResources/cr7e8_ucas1page10cclaimrecord","","","True","","","","Service and case management","crmshow_Service","Refactor","Retain the service requirement but rebuild through native Customer Service configuration and governed extensions.","Investigate","Not required","True"
"WebResource","cr7e8_ucas1page10eleadrecord","ucas1-page-10e-lead-record","WebResources/cr7e8_ucas1page10eleadrecord","","","True","","","","Sales and opportunity management","crmshow_Sales","Redesign","Rebuild around native Lead and Opportunity; offer or quote data remains an externally referenced projection.","Investigate","Not required","True"
"WebResource","cr7e8_ucm1page21campaignperformancedashboard","ucm1-page-21-campaign-performance-dashboard","WebResources/cr7e8_ucm1page21campaignperformancedashboard","","","True","","","","Marketing, consent, and journeys","crmshow_Marketing","Redesign","Validate against native Customer Insights - Journeys and consent-per-contact-per-channel before rebuilding custom campaign artefacts.","Required","Not required","True"
"WebResource","cr7e8_ucm1page22campaigndefinition","ucm1-page-22-campaign-definition","WebResources/cr7e8_ucm1page22campaigndefinition","","","True","","","","Marketing, consent, and journeys","crmshow_Marketing","Redesign","Validate against native Customer Insights - Journeys and consent-per-contact-per-channel before rebuilding custom campaign artefacts.","Required","Not required","True"
"WebResource","cr7e8_ucm2page23eventmanagementworkspace","ucm2-page-23-event-management-workspace","WebResources/cr7e8_ucm2page23eventmanagementworkspace","","","True","","","","Marketing, consent, and journeys","crmshow_Marketing","Redesign","Validate against native Customer Insights - Journeys and consent-per-contact-per-channel before rebuilding custom campaign artefacts.","Required","Not required","True"
"WebResource","cr7e8_ucm2page26eventeffectanalysis","ucm2-page-26-event-effect-analysis","WebResources/cr7e8_ucm2page26eventeffectanalysis","","","True","","","","Marketing, consent, and journeys","crmshow_Marketing","Redesign","Validate against native Customer Insights - Journeys and consent-per-contact-per-channel before rebuilding custom campaign artefacts.","Required","Not required","True"
"WebResource","cr7e8_ucmakler1page13brokermanagementworkspace","ucmakler1-page-13-broker-management-workspace","WebResources/cr7e8_ucmakler1page13brokermanagementworkspace","","","True","","","","Party, household, and relationship","crmshow_Sales","Redesign","Broker is an Account type with dated relationship and ownership roles, not a parallel party table.","Investigate","Not required","True"
"WebResource","cr7e8_ucmakler1page14brokeraccountannualreview","ucmakler1-page-14-broker-account-annual-review","WebResources/cr7e8_ucmakler1page14brokeraccountannualreview","","","True","","","","Party, household, and relationship","crmshow_Sales","Redesign","Broker is an Account type with dated relationship and ownership roles, not a parallel party table.","Investigate","Not required","True"
"WebResource","cr7e8_ucmakler1page15brokeroffertracking","ucmakler1-page-15-broker-offer-tracking","WebResources/cr7e8_ucmakler1page15brokeroffertracking","","","True","","","","Party, household, and relationship","crmshow_Sales","Redesign","Broker is an Account type with dated relationship and ownership roles, not a parallel party table.","Investigate","Not required","True"
"WebResource","cr7e8_ucmb1page18bofferonboarding","ucmb1-page-18b-offer-onboarding","WebResources/cr7e8_ucmb1page18bofferonboarding","","","True","","","","Sales and opportunity management","crmshow_Sales","Redesign","Rebuild around native Lead and Opportunity; offer or quote data remains an externally referenced projection.","Investigate","Not required","True"
"WebResource","cr7e8_ucmb1page18brunnercustomer360","ucmb1-page-18-brunner-customer-360","WebResources/cr7e8_ucmb1page18brunnercustomer360","","","True","","","","Party, household, and relationship","crmshow_Sales","Refactor","Reuse native party tables while rebuilding only approved extensions and role relationships.","Investigate","Not required","True"
"WebResource","cr7e8_ucmb1page18callpopup","ucmb1-page-18-call-popup","WebResources/cr7e8_ucmb1page18callpopup","","","True","","","","Sales and opportunity management","crmshow_Sales","Refactor","Treat the prototype user experience as requirement evidence and rebuild with native configuration before custom code.","Investigate","Not required","True"
"WebResource","cr7e8_ucmb1page18cpolicyrecord","ucmb1-page-18c-policy-record","WebResources/cr7e8_ucmb1page18cpolicyrecord","","","True","","","","Policy, claim, quote, and insured-object projections","crmshow_Sales","Redesign","Policy must be a thin Account-owned projection with external system and external reference keys.","Investigate","Not required","True"
"WebResource","cr7e8_ucmb1page18dhouseholdrecord","ucmb1-page-18d-household-record","WebResources/cr7e8_ucmb1page18dhouseholdrecord","","","True","","","","Party, household, and relationship","crmshow_Sales","Refactor","Reuse native party tables while rebuilding only approved extensions and role relationships.","Investigate","Not required","True"
"WebResource","cr7e8_ucmobi24page11mobi24assistancecase","ucmobi24-page-11-mobi24-assistance-case","WebResources/cr7e8_ucmobi24page11mobi24assistancecase","","","True","","","","Service and case management","crmshow_Service","Refactor","Retain the service requirement but rebuild through native Customer Service configuration and governed extensions.","Investigate","Not required","True"
"WebResource","cr7e8_ucmobi24page17mobi24operationssupervisor","ucmobi24-page-17-mobi24-operations-supervisor","WebResources/cr7e8_ucmobi24page17mobi24operationssupervisor","","","True","","","","Service and case management","crmshow_Service","Refactor","Retain the service requirement but rebuild through native Customer Service configuration and governed extensions.","Investigate","Not required","True"
"WebResource","cr7e8_ucmobi24page19bsupervisordailycommandcenter","ucmobi24-page-19b-supervisor-daily-command-center","WebResources/cr7e8_ucmobi24page19bsupervisordailycommandcenter","","","True","","","","Service and case management","crmshow_Service","Refactor","Retain the service requirement but rebuild through native Customer Service configuration and governed extensions.","Investigate","Not required","True"
