"componentType","logicalName","parent","sourcePath","domain","targetSolution","disposition","rationale","licenceReview","maturityReview","sourceOnly"
"AppModule","cr7e8_AdvisorCockpit","","AppModules/cr7e8_AdvisorCockpit/AppModule.xml","Sales and opportunity management","crmshow_Sales","Redesign","Rebuild around native Lead and Opportunity; offer or quote data remains an externally referenced projection.","Investigate","Not required","True"
"AppModule","cr7e8_BrokerManager","","AppModules/cr7e8_BrokerManager/AppModule.xml","Party, household, and relationship","crmshow_Sales","Redesign","Broker is an Account type with dated relationship and ownership roles, not a parallel party table.","Investigate","Not required","True"
"AppModule","cr7e8_ClaimCockpit","","AppModules/cr7e8_ClaimCockpit/AppModule.xml","Service and case management","crmshow_Service","Redesign","Claim must become an Account-owned, externally referenced thin projection rather than a Contact-owned CRM record.","Investigate","Not required","True"
"AppModule","msdyn_CustomerServiceWorkspace","","AppModules/msdyn_CustomerServiceWorkspace/AppModule.xml","Service and case management","crmshow_Service","Refactor","Retain the service requirement but rebuild through native Customer Service configuration and governed extensions.","Investigate","Not required","True"
"AppModule","msdyncrm_MarketingSMBApp","","AppModules/msdyncrm_MarketingSMBApp/AppModule.xml","Marketing, consent, and journeys","crmshow_Marketing","Redesign","Validate against native Customer Insights - Journeys and consent-per-contact-per-channel before rebuilding custom campaign artefacts.","Required","Not required","True"
"Attribute","cr7e8_account","cr7e8_broker","Entities/cr7e8_broker/Entity.xml","Party, household, and relationship","crmshow_DataModel","Redesign","Broker is an Account type with dated relationship and ownership roles, not a parallel party table.","Investigate","Not required","True"
"Attribute","cr7e8_broker_name","cr7e8_broker","Entities/cr7e8_broker/Entity.xml","Party, household, and relationship","crmshow_DataModel","Redesign","Broker is an Account type with dated relationship and ownership roles, not a parallel party table.","Investigate","Not required","True"
"Attribute","cr7e8_brokerid","cr7e8_broker","Entities/cr7e8_broker/Entity.xml","Party, household, and relationship","crmshow_DataModel","Redesign","Broker is an Account type with dated relationship and ownership roles, not a parallel party table.","Investigate","Not required","True"
"Attribute","cr7e8_conversion_rate","cr7e8_broker","Entities/cr7e8_broker/Entity.xml","Party, household, and relationship","crmshow_DataModel","Redesign","Broker is an Account type with dated relationship and ownership roles, not a parallel party table.","Investigate","Not required","True"
"Attribute","cr7e8_finma_number","cr7e8_broker","Entities/cr7e8_broker/Entity.xml","Party, household, and relationship","crmshow_DataModel","Redesign","Broker is an Account type with dated relationship and ownership roles, not a parallel party table.","Investigate","Not required","True"
"Attribute","cr7e8_makler_betreuer","cr7e8_broker","Entities/cr7e8_broker/Entity.xml","Party, household, and relationship","crmshow_DataModel","Redesign","Broker is an Account type with dated relationship and ownership roles, not a parallel party table.","Investigate","Not required","True"
"Attribute","cr7e8_mandate_count","cr7e8_broker","Entities/cr7e8_broker/Entity.xml","Party, household, and relationship","crmshow_DataModel","Redesign","Broker is an Account type with dated relationship and ownership roles, not a parallel party table.","Investigate","Not required","True"
"Attribute","cr7e8_name","cr7e8_broker","Entities/cr7e8_broker/Entity.xml","Party, household, and relationship","crmshow_DataModel","Redesign","Broker is an Account type with dated relationship and ownership roles, not a parallel party table.","Investigate","Not required","True"
"Attribute","cr7e8_primary_contact","cr7e8_broker","Entities/cr7e8_broker/Entity.xml","Party, household, and relationship","crmshow_DataModel","Redesign","Broker is an Account type with dated relationship and ownership roles, not a parallel party table.","Investigate","Not required","True"
"Attribute","createdby","cr7e8_broker","Entities/cr7e8_broker/Entity.xml","Party, household, and relationship","crmshow_DataModel","Redesign","Broker is an Account type with dated relationship and ownership roles, not a parallel party table.","Investigate","Not required","True"
"Attribute","createdon","cr7e8_broker","Entities/cr7e8_broker/Entity.xml","Party, household, and relationship","crmshow_DataModel","Redesign","Broker is an Account type with dated relationship and ownership roles, not a parallel party table.","Investigate","Not required","True"
"Attribute","createdonbehalfby","cr7e8_broker","Entities/cr7e8_broker/Entity.xml","Party, household, and relationship","crmshow_DataModel","Redesign","Broker is an Account type with dated relationship and ownership roles, not a parallel party table.","Investigate","Not required","True"
"Attribute","exchangerate","cr7e8_broker","Entities/cr7e8_broker/Entity.xml","Party, household, and relationship","crmshow_DataModel","Redesign","Broker is an Account type with dated relationship and ownership roles, not a parallel party table.","Investigate","Not required","True"
"Attribute","importsequencenumber","cr7e8_broker","Entities/cr7e8_broker/Entity.xml","Party, household, and relationship","crmshow_DataModel","Redesign","Broker is an Account type with dated relationship and ownership roles, not a parallel party table.","Investigate","Not required","True"
"Attribute","modifiedby","cr7e8_broker","Entities/cr7e8_broker/Entity.xml","Party, household, and relationship","crmshow_DataModel","Redesign","Broker is an Account type with dated relationship and ownership roles, not a parallel party table.","Investigate","Not required","True"
"Attribute","modifiedon","cr7e8_broker","Entities/cr7e8_broker/Entity.xml","Party, household, and relationship","crmshow_DataModel","Redesign","Broker is an Account type with dated relationship and ownership roles, not a parallel party table.","Investigate","Not required","True"
"Attribute","modifiedonbehalfby","cr7e8_broker","Entities/cr7e8_broker/Entity.xml","Party, household, and relationship","crmshow_DataModel","Redesign","Broker is an Account type with dated relationship and ownership roles, not a parallel party table.","Investigate","Not required","True"
"Attribute","overriddencreatedon","cr7e8_broker","Entities/cr7e8_broker/Entity.xml","Party, household, and relationship","crmshow_DataModel","Redesign","Broker is an Account type with dated relationship and ownership roles, not a parallel party table.","Investigate","Not required","True"
"Attribute","ownerid","cr7e8_broker","Entities/cr7e8_broker/Entity.xml","Party, household, and relationship","crmshow_DataModel","Redesign","Broker is an Account type with dated relationship and ownership roles, not a parallel party table.","Investigate","Not required","True"
"Attribute","owningbusinessunit","cr7e8_broker","Entities/cr7e8_broker/Entity.xml","Party, household, and relationship","crmshow_DataModel","Redesign","Broker is an Account type with dated relationship and ownership roles, not a parallel party table.","Investigate","Not required","True"
"Attribute","owningteam","cr7e8_broker","Entities/cr7e8_broker/Entity.xml","Party, household, and relationship","crmshow_DataModel","Redesign","Broker is an Account type with dated relationship and ownership roles, not a parallel party table.","Investigate","Not required","True"
"Attribute","owninguser","cr7e8_broker","Entities/cr7e8_broker/Entity.xml","Party, household, and relationship","crmshow_DataModel","Redesign","Broker is an Account type with dated relationship and ownership roles, not a parallel party table.","Investigate","Not required","True"
"Attribute","statecode","cr7e8_broker","Entities/cr7e8_broker/Entity.xml","Party, household, and relationship","crmshow_DataModel","Redesign","Broker is an Account type with dated relationship and ownership roles, not a parallel party table.","Investigate","Not required","True"
"Attribute","statuscode","cr7e8_broker","Entities/cr7e8_broker/Entity.xml","Party, household, and relationship","crmshow_DataModel","Redesign","Broker is an Account type with dated relationship and ownership roles, not a parallel party table.","Investigate","Not required","True"
"Attribute","timezoneruleversionnumber","cr7e8_broker","Entities/cr7e8_broker/Entity.xml","Party, household, and relationship","crmshow_DataModel","Redesign","Broker is an Account type with dated relationship and ownership roles, not a parallel party table.","Investigate","Not required","True"
"Attribute","utcconversiontimezonecode","cr7e8_broker","Entities/cr7e8_broker/Entity.xml","Party, household, and relationship","crmshow_DataModel","Redesign","Broker is an Account type with dated relationship and ownership roles, not a parallel party table.","Investigate","Not required","True"
"Attribute","cr7e8_account","cr7e8_campaign","Entities/cr7e8_campaign/Entity.xml","Marketing, consent, and journeys","crmshow_Marketing","Redesign","Validate against native Customer Insights - Journeys and consent-per-contact-per-channel before rebuilding custom campaign artefacts.","Required","Not required","True"
"Attribute","cr7e8_campaignid","cr7e8_campaign","Entities/cr7e8_campaign/Entity.xml","Marketing, consent, and journeys","crmshow_Marketing","Redesign","Validate against native Customer Insights - Journeys and consent-per-contact-per-channel before rebuilding custom campaign artefacts.","Required","Not required","True"
"Attribute","cr7e8_contact","cr7e8_campaign","Entities/cr7e8_campaign/Entity.xml","Marketing, consent, and journeys","crmshow_Marketing","Redesign","Validate against native Customer Insights - Journeys and consent-per-contact-per-channel before rebuilding custom campaign artefacts.","Required","Not required","True"
"Attribute","cr7e8_diagnose_healthcheck","cr7e8_campaign","Entities/cr7e8_campaign/Entity.xml","Marketing, consent, and journeys","crmshow_Marketing","Redesign","Validate against native Customer Insights - Journeys and consent-per-contact-per-channel before rebuilding custom campaign artefacts.","Required","Not required","True"
"Attribute","cr7e8_go_live_datum","cr7e8_campaign","Entities/cr7e8_campaign/Entity.xml","Marketing, consent, and journeys","crmshow_Marketing","Redesign","Validate against native Customer Insights - Journeys and consent-per-contact-per-channel before rebuilding custom campaign artefacts.","Required","Not required","True"
"Attribute","cr7e8_kampagnencode","cr7e8_campaign","Entities/cr7e8_campaign/Entity.xml","Marketing, consent, and journeys","crmshow_Marketing","Redesign","Validate against native Customer Insights - Journeys and consent-per-contact-per-channel before rebuilding custom campaign artefacts.","Required","Not required","True"
"Attribute","cr7e8_name","cr7e8_campaign","Entities/cr7e8_campaign/Entity.xml","Marketing, consent, and journeys","crmshow_Marketing","Redesign","Validate against native Customer Insights - Journeys and consent-per-contact-per-channel before rebuilding custom campaign artefacts.","Required","Not required","True"
"Attribute","cr7e8_product","cr7e8_campaign","Entities/cr7e8_campaign/Entity.xml","Marketing, consent, and journeys","crmshow_Marketing","Redesign","Validate against native Customer Insights - Journeys and consent-per-contact-per-channel before rebuilding custom campaign artefacts.","Required","Not required","True"
"Attribute","cr7e8_sprachen","cr7e8_campaign","Entities/cr7e8_campaign/Entity.xml","Marketing, consent, and journeys","crmshow_Marketing","Redesign","Validate against native Customer Insights - Journeys and consent-per-contact-per-channel before rebuilding custom campaign artefacts.","Required","Not required","True"
"Attribute","cr7e8_ziel_abschluesse","cr7e8_campaign","Entities/cr7e8_campaign/Entity.xml","Marketing, consent, and journeys","crmshow_Marketing","Redesign","Validate against native Customer Insights - Journeys and consent-per-contact-per-channel before rebuilding custom campaign artefacts.","Required","Not required","True"
"Attribute","cr7e8_ziel_leads","cr7e8_campaign","Entities/cr7e8_campaign/Entity.xml","Marketing, consent, and journeys","crmshow_Marketing","Redesign","Validate against native Customer Insights - Journeys and consent-per-contact-per-channel before rebuilding custom campaign artefacts.","Required","Not required","True"
"Attribute","cr7e8_zielgruppen_hypothese","cr7e8_campaign","Entities/cr7e8_campaign/Entity.xml","Marketing, consent, and journeys","crmshow_Marketing","Redesign","Validate against native Customer Insights - Journeys and consent-per-contact-per-channel before rebuilding custom campaign artefacts.","Required","Not required","True"
"Attribute","createdby","cr7e8_campaign","Entities/cr7e8_campaign/Entity.xml","Marketing, consent, and journeys","crmshow_Marketing","Redesign","Validate against native Customer Insights - Journeys and consent-per-contact-per-channel before rebuilding custom campaign artefacts.","Required","Not required","True"
"Attribute","createdon","cr7e8_campaign","Entities/cr7e8_campaign/Entity.xml","Marketing, consent, and journeys","crmshow_Marketing","Redesign","Validate against native Customer Insights - Journeys and consent-per-contact-per-channel before rebuilding custom campaign artefacts.","Required","Not required","True"
"Attribute","createdonbehalfby","cr7e8_campaign","Entities/cr7e8_campaign/Entity.xml","Marketing, consent, and journeys","crmshow_Marketing","Redesign","Validate against native Customer Insights - Journeys and consent-per-contact-per-channel before rebuilding custom campaign artefacts.","Required","Not required","True"
"Attribute","exchangerate","cr7e8_campaign","Entities/cr7e8_campaign/Entity.xml","Marketing, consent, and journeys","crmshow_Marketing","Redesign","Validate against native Customer Insights - Journeys and consent-per-contact-per-channel before rebuilding custom campaign artefacts.","Required","Not required","True"
"Attribute","importsequencenumber","cr7e8_campaign","Entities/cr7e8_campaign/Entity.xml","Marketing, consent, and journeys","crmshow_Marketing","Redesign","Validate against native Customer Insights - Journeys and consent-per-contact-per-channel before rebuilding custom campaign artefacts.","Required","Not required","True"
"Attribute","modifiedby","cr7e8_campaign","Entities/cr7e8_campaign/Entity.xml","Marketing, consent, and journeys","crmshow_Marketing","Redesign","Validate against native Customer Insights - Journeys and consent-per-contact-per-channel before rebuilding custom campaign artefacts.","Required","Not required","True"
"Attribute","modifiedon","cr7e8_campaign","Entities/cr7e8_campaign/Entity.xml","Marketing, consent, and journeys","crmshow_Marketing","Redesign","Validate against native Customer Insights - Journeys and consent-per-contact-per-channel before rebuilding custom campaign artefacts.","Required","Not required","True"
"Attribute","modifiedonbehalfby","cr7e8_campaign","Entities/cr7e8_campaign/Entity.xml","Marketing, consent, and journeys","crmshow_Marketing","Redesign","Validate against native Customer Insights - Journeys and consent-per-contact-per-channel before rebuilding custom campaign artefacts.","Required","Not required","True"
"Attribute","overriddencreatedon","cr7e8_campaign","Entities/cr7e8_campaign/Entity.xml","Marketing, consent, and journeys","crmshow_Marketing","Redesign","Validate against native Customer Insights - Journeys and consent-per-contact-per-channel before rebuilding custom campaign artefacts.","Required","Not required","True"
"Attribute","ownerid","cr7e8_campaign","Entities/cr7e8_campaign/Entity.xml","Marketing, consent, and journeys","crmshow_Marketing","Redesign","Validate against native Customer Insights - Journeys and consent-per-contact-per-channel before rebuilding custom campaign artefacts.","Required","Not required","True"
"Attribute","owningbusinessunit","cr7e8_campaign","Entities/cr7e8_campaign/Entity.xml","Marketing, consent, and journeys","crmshow_Marketing","Redesign","Validate against native Customer Insights - Journeys and consent-per-contact-per-channel before rebuilding custom campaign artefacts.","Required","Not required","True"
"Attribute","owningteam","cr7e8_campaign","Entities/cr7e8_campaign/Entity.xml","Marketing, consent, and journeys","crmshow_Marketing","Redesign","Validate against native Customer Insights - Journeys and consent-per-contact-per-channel before rebuilding custom campaign artefacts.","Required","Not required","True"
"Attribute","owninguser","cr7e8_campaign","Entities/cr7e8_campaign/Entity.xml","Marketing, consent, and journeys","crmshow_Marketing","Redesign","Validate against native Customer Insights - Journeys and consent-per-contact-per-channel before rebuilding custom campaign artefacts.","Required","Not required","True"
"Attribute","statecode","cr7e8_campaign","Entities/cr7e8_campaign/Entity.xml","Marketing, consent, and journeys","crmshow_Marketing","Redesign","Validate against native Customer Insights - Journeys and consent-per-contact-per-channel before rebuilding custom campaign artefacts.","Required","Not required","True"
"Attribute","statuscode","cr7e8_campaign","Entities/cr7e8_campaign/Entity.xml","Marketing, consent, and journeys","crmshow_Marketing","Redesign","Validate against native Customer Insights - Journeys and consent-per-contact-per-channel before rebuilding custom campaign artefacts.","Required","Not required","True"
"Attribute","timezoneruleversionnumber","cr7e8_campaign","Entities/cr7e8_campaign/Entity.xml","Marketing, consent, and journeys","crmshow_Marketing","Redesign","Validate against native Customer Insights - Journeys and consent-per-contact-per-channel before rebuilding custom campaign artefacts.","Required","Not required","True"
"Attribute","utcconversiontimezonecode","cr7e8_campaign","Entities/cr7e8_campaign/Entity.xml","Marketing, consent, and journeys","crmshow_Marketing","Redesign","Validate against native Customer Insights - Journeys and consent-per-contact-per-channel before rebuilding custom campaign artefacts.","Required","Not required","True"
"Attribute","cr7e8_claim","cr7e8_Claim","Entities/cr7e8_Claim/Entity.xml","Service and case management","crmshow_DataModel","Redesign","Claim must become an Account-owned, externally referenced thin projection rather than a Contact-owned CRM record.","Investigate","Not required","True"
"Attribute","cr7e8_claimid","cr7e8_Claim","Entities/cr7e8_Claim/Entity.xml","Service and case management","crmshow_DataModel","Redesign","Claim must become an Account-owned, externally referenced thin projection rather than a Contact-owned CRM record.","Investigate","Not required","True"
"Attribute","cr7e8_claimnumber","cr7e8_Claim","Entities/cr7e8_Claim/Entity.xml","Service and case management","crmshow_DataModel","Redesign","Claim must become an Account-owned, externally referenced thin projection rather than a Contact-owned CRM record.","Investigate","Not required","True"
"Attribute","cr7e8_claimtype","cr7e8_Claim","Entities/cr7e8_Claim/Entity.xml","Service and case management","crmshow_DataModel","Redesign","Claim must become an Account-owned, externally referenced thin projection rather than a Contact-owned CRM record.","Investigate","Not required","True"
"Attribute","cr7e8_contact","cr7e8_Claim","Entities/cr7e8_Claim/Entity.xml","Service and case management","crmshow_DataModel","Redesign","Claim must become an Account-owned, externally referenced thin projection rather than a Contact-owned CRM record.","Investigate","Not required","True"
"Attribute","cr7e8_dateofloss","cr7e8_Claim","Entities/cr7e8_Claim/Entity.xml","Service and case management","crmshow_DataModel","Redesign","Claim must become an Account-owned, externally referenced thin projection rather than a Contact-owned CRM record.","Investigate","Not required","True"
"Attribute","cr7e8_estimatedamount","cr7e8_Claim","Entities/cr7e8_Claim/Entity.xml","Service and case management","crmshow_DataModel","Redesign","Claim must become an Account-owned, externally referenced thin projection rather than a Contact-owned CRM record.","Investigate","Not required","True"
"Attribute","createdby","cr7e8_Claim","Entities/cr7e8_Claim/Entity.xml","Service and case management","crmshow_DataModel","Redesign","Claim must become an Account-owned, externally referenced thin projection rather than a Contact-owned CRM record.","Investigate","Not required","True"
"Attribute","createdon","cr7e8_Claim","Entities/cr7e8_Claim/Entity.xml","Service and case management","crmshow_DataModel","Redesign","Claim must become an Account-owned, externally referenced thin projection rather than a Contact-owned CRM record.","Investigate","Not required","True"
"Attribute","createdonbehalfby","cr7e8_Claim","Entities/cr7e8_Claim/Entity.xml","Service and case management","crmshow_DataModel","Redesign","Claim must become an Account-owned, externally referenced thin projection rather than a Contact-owned CRM record.","Investigate","Not required","True"
"Attribute","importsequencenumber","cr7e8_Claim","Entities/cr7e8_Claim/Entity.xml","Service and case management","crmshow_DataModel","Redesign","Claim must become an Account-owned, externally referenced thin projection rather than a Contact-owned CRM record.","Investigate","Not required","True"
"Attribute","modifiedby","cr7e8_Claim","Entities/cr7e8_Claim/Entity.xml","Service and case management","crmshow_DataModel","Redesign","Claim must become an Account-owned, externally referenced thin projection rather than a Contact-owned CRM record.","Investigate","Not required","True"
"Attribute","modifiedon","cr7e8_Claim","Entities/cr7e8_Claim/Entity.xml","Service and case management","crmshow_DataModel","Redesign","Claim must become an Account-owned, externally referenced thin projection rather than a Contact-owned CRM record.","Investigate","Not required","True"
"Attribute","modifiedonbehalfby","cr7e8_Claim","Entities/cr7e8_Claim/Entity.xml","Service and case management","crmshow_DataModel","Redesign","Claim must become an Account-owned, externally referenced thin projection rather than a Contact-owned CRM record.","Investigate","Not required","True"
"Attribute","overriddencreatedon","cr7e8_Claim","Entities/cr7e8_Claim/Entity.xml","Service and case management","crmshow_DataModel","Redesign","Claim must become an Account-owned, externally referenced thin projection rather than a Contact-owned CRM record.","Investigate","Not required","True"
"Attribute","ownerid","cr7e8_Claim","Entities/cr7e8_Claim/Entity.xml","Service and case management","crmshow_DataModel","Redesign","Claim must become an Account-owned, externally referenced thin projection rather than a Contact-owned CRM record.","Investigate","Not required","True"
"Attribute","owningbusinessunit","cr7e8_Claim","Entities/cr7e8_Claim/Entity.xml","Service and case management","crmshow_DataModel","Redesign","Claim must become an Account-owned, externally referenced thin projection rather than a Contact-owned CRM record.","Investigate","Not required","True"
"Attribute","owningteam","cr7e8_Claim","Entities/cr7e8_Claim/Entity.xml","Service and case management","crmshow_DataModel","Redesign","Claim must become an Account-owned, externally referenced thin projection rather than a Contact-owned CRM record.","Investigate","Not required","True"
"Attribute","owninguser","cr7e8_Claim","Entities/cr7e8_Claim/Entity.xml","Service and case management","crmshow_DataModel","Redesign","Claim must become an Account-owned, externally referenced thin projection rather than a Contact-owned CRM record.","Investigate","Not required","True"
"Attribute","statecode","cr7e8_Claim","Entities/cr7e8_Claim/Entity.xml","Service and case management","crmshow_DataModel","Redesign","Claim must become an Account-owned, externally referenced thin projection rather than a Contact-owned CRM record.","Investigate","Not required","True"
"Attribute","statuscode","cr7e8_Claim","Entities/cr7e8_Claim/Entity.xml","Service and case management","crmshow_DataModel","Redesign","Claim must become an Account-owned, externally referenced thin projection rather than a Contact-owned CRM record.","Investigate","Not required","True"
"Attribute","timezoneruleversionnumber","cr7e8_Claim","Entities/cr7e8_Claim/Entity.xml","Service and case management","crmshow_DataModel","Redesign","Claim must become an Account-owned, externally referenced thin projection rather than a Contact-owned CRM record.","Investigate","Not required","True"
"Attribute","utcconversiontimezonecode","cr7e8_Claim","Entities/cr7e8_Claim/Entity.xml","Service and case management","crmshow_DataModel","Redesign","Claim must become an Account-owned, externally referenced thin projection rather than a Contact-owned CRM record.","Investigate","Not required","True"
"Attribute","cr7e8_account","cr7e8_household","metadata:DataverseModelBuilder/cr7e8_household","Party, household, and relationship","crmshow_DataModel","Redesign","Household must be represented by Account with accountType=Household; the parallel household table is retired.","Investigate","Not required","True"
"Attribute","cr7e8_annual_household_income","cr7e8_household","metadata:DataverseModelBuilder/cr7e8_household","Party, household, and relationship","crmshow_DataModel","Redesign","Household must be represented by Account with accountType=Household; the parallel household table is retired.","Investigate","Not required","True"
"Attribute","cr7e8_annual_household_income_base","cr7e8_household","metadata:DataverseModelBuilder/cr7e8_household","Party, household, and relationship","crmshow_DataModel","Redesign","Household must be represented by Account with accountType=Household; the parallel household table is retired.","Investigate","Not required","True"
"Attribute","cr7e8_household_name","cr7e8_household","metadata:DataverseModelBuilder/cr7e8_household","Party, household, and relationship","crmshow_DataModel","Redesign","Household must be represented by Account with accountType=Household; the parallel household table is retired.","Investigate","Not required","True"
"Attribute","cr7e8_householdid","cr7e8_household","metadata:DataverseModelBuilder/cr7e8_household","Party, household, and relationship","crmshow_DataModel","Redesign","Household must be represented by Account with accountType=Household; the parallel household table is retired.","Investigate","Not required","True"
"Attribute","cr7e8_name","cr7e8_household","metadata:DataverseModelBuilder/cr7e8_household","Party, household, and relationship","crmshow_DataModel","Redesign","Household must be represented by Account with accountType=Household; the parallel household table is retired.","Investigate","Not required","True"
"Attribute","cr7e8_number_of_members","cr7e8_household","metadata:DataverseModelBuilder/cr7e8_household","Party, household, and relationship","crmshow_DataModel","Redesign","Household must be represented by Account with accountType=Household; the parallel household table is retired.","Investigate","Not required","True"
"Attribute","cr7e8_primary_contact","cr7e8_household","metadata:DataverseModelBuilder/cr7e8_household","Party, household, and relationship","crmshow_DataModel","Redesign","Household must be represented by Account with accountType=Household; the parallel household table is retired.","Investigate","Not required","True"
"Attribute","cr7e8_segment","cr7e8_household","metadata:DataverseModelBuilder/cr7e8_household","Party, household, and relationship","crmshow_DataModel","Redesign","Household must be represented by Account with accountType=Household; the parallel household table is retired.","Investigate","Not required","True"
"Attribute","createdby","cr7e8_household","metadata:DataverseModelBuilder/cr7e8_household","Party, household, and relationship","crmshow_DataModel","Redesign","Household must be represented by Account with accountType=Household; the parallel household table is retired.","Investigate","Not required","True"
"Attribute","createdon","cr7e8_household","metadata:DataverseModelBuilder/cr7e8_household","Party, household, and relationship","crmshow_DataModel","Redesign","Household must be represented by Account with accountType=Household; the parallel household table is retired.","Investigate","Not required","True"
"Attribute","createdonbehalfby","cr7e8_household","metadata:DataverseModelBuilder/cr7e8_household","Party, household, and relationship","crmshow_DataModel","Redesign","Household must be represented by Account with accountType=Household; the parallel household table is retired.","Investigate","Not required","True"
"Attribute","exchangerate","cr7e8_household","metadata:DataverseModelBuilder/cr7e8_household","Party, household, and relationship","crmshow_DataModel","Redesign","Household must be represented by Account with accountType=Household; the parallel household table is retired.","Investigate","Not required","True"
"Attribute","importsequencenumber","cr7e8_household","metadata:DataverseModelBuilder/cr7e8_household","Party, household, and relationship","crmshow_DataModel","Redesign","Household must be represented by Account with accountType=Household; the parallel household table is retired.","Investigate","Not required","True"
"Attribute","modifiedby","cr7e8_household","metadata:DataverseModelBuilder/cr7e8_household","Party, household, and relationship","crmshow_DataModel","Redesign","Household must be represented by Account with accountType=Household; the parallel household table is retired.","Investigate","Not required","True"
"Attribute","modifiedon","cr7e8_household","metadata:DataverseModelBuilder/cr7e8_household","Party, household, and relationship","crmshow_DataModel","Redesign","Household must be represented by Account with accountType=Household; the parallel household table is retired.","Investigate","Not required","True"
"Attribute","modifiedonbehalfby","cr7e8_household","metadata:DataverseModelBuilder/cr7e8_household","Party, household, and relationship","crmshow_DataModel","Redesign","Household must be represented by Account with accountType=Household; the parallel household table is retired.","Investigate","Not required","True"
"Attribute","overriddencreatedon","cr7e8_household","metadata:DataverseModelBuilder/cr7e8_household","Party, household, and relationship","crmshow_DataModel","Redesign","Household must be represented by Account with accountType=Household; the parallel household table is retired.","Investigate","Not required","True"
"Attribute","ownerid","cr7e8_household","metadata:DataverseModelBuilder/cr7e8_household","Party, household, and relationship","crmshow_DataModel","Redesign","Household must be represented by Account with accountType=Household; the parallel household table is retired.","Investigate","Not required","True"
"Attribute","owningbusinessunit","cr7e8_household","metadata:DataverseModelBuilder/cr7e8_household","Party, household, and relationship","crmshow_DataModel","Redesign","Household must be represented by Account with accountType=Household; the parallel household table is retired.","Investigate","Not required","True"
"Attribute","owningteam","cr7e8_household","metadata:DataverseModelBuilder/cr7e8_household","Party, household, and relationship","crmshow_DataModel","Redesign","Household must be represented by Account with accountType=Household; the parallel household table is retired.","Investigate","Not required","True"
"Attribute","owninguser","cr7e8_household","metadata:DataverseModelBuilder/cr7e8_household","Party, household, and relationship","crmshow_DataModel","Redesign","Household must be represented by Account with accountType=Household; the parallel household table is retired.","Investigate","Not required","True"
"Attribute","statecode","cr7e8_household","metadata:DataverseModelBuilder/cr7e8_household","Party, household, and relationship","crmshow_DataModel","Redesign","Household must be represented by Account with accountType=Household; the parallel household table is retired.","Investigate","Not required","True"
"Attribute","statuscode","cr7e8_household","metadata:DataverseModelBuilder/cr7e8_household","Party, household, and relationship","crmshow_DataModel","Redesign","Household must be represented by Account with accountType=Household; the parallel household table is retired.","Investigate","Not required","True"
"Attribute","timezoneruleversionnumber","cr7e8_household","metadata:DataverseModelBuilder/cr7e8_household","Party, household, and relationship","crmshow_DataModel","Redesign","Household must be represented by Account with accountType=Household; the parallel household table is retired.","Investigate","Not required","True"
"Attribute","transactioncurrencyid","cr7e8_household","metadata:DataverseModelBuilder/cr7e8_household","Party, household, and relationship","crmshow_DataModel","Redesign","Household must be represented by Account with accountType=Household; the parallel household table is retired.","Investigate","Not required","True"
"Attribute","utcconversiontimezonecode","cr7e8_household","metadata:DataverseModelBuilder/cr7e8_household","Party, household, and relationship","crmshow_DataModel","Redesign","Household must be represented by Account with accountType=Household; the parallel household table is retired.","Investigate","Not required","True"
"Attribute","versionnumber","cr7e8_household","metadata:DataverseModelBuilder/cr7e8_household","Party, household, and relationship","crmshow_DataModel","Redesign","Household must be represented by Account with accountType=Household; the parallel household table is retired.","Investigate","Not required","True"
"Attribute","cr7e8_account","cr7e8_offer","metadata:DataverseModelBuilder/cr7e8_offer","Party, household, and relationship","crmshow_DataModel","Refactor","Reuse native party tables while rebuilding only approved extensions and role relationships.","Investigate","Not required","True"
"Attribute","cr7e8_contact","cr7e8_offer","metadata:DataverseModelBuilder/cr7e8_offer","Party, household, and relationship","crmshow_DataModel","Refactor","Reuse native party tables while rebuilding only approved extensions and role relationships.","Investigate","Not required","True"
"Attribute","cr7e8_lead","cr7e8_offer","metadata:DataverseModelBuilder/cr7e8_offer","Sales and opportunity management","crmshow_DataModel","Redesign","Rebuild around native Lead and Opportunity; offer or quote data remains an externally referenced projection.","Investigate","Not required","True"
"Attribute","cr7e8_name","cr7e8_offer","metadata:DataverseModelBuilder/cr7e8_offer","Sales and opportunity management","crmshow_DataModel","Redesign","Rebuild around native Lead and Opportunity; offer or quote data remains an externally referenced projection.","Investigate","Not required","True"
"Attribute","cr7e8_offer_amount","cr7e8_offer","metadata:DataverseModelBuilder/cr7e8_offer","Sales and opportunity management","crmshow_DataModel","Redesign","Rebuild around native Lead and Opportunity; offer or quote data remains an externally referenced projection.","Investigate","Not required","True"
"Attribute","cr7e8_offer_amount_base","cr7e8_offer","metadata:DataverseModelBuilder/cr7e8_offer","Sales and opportunity management","crmshow_DataModel","Redesign","Rebuild around native Lead and Opportunity; offer or quote data remains an externally referenced projection.","Investigate","Not required","True"
"Attribute","cr7e8_offer_name","cr7e8_offer","metadata:DataverseModelBuilder/cr7e8_offer","Sales and opportunity management","crmshow_DataModel","Redesign","Rebuild around native Lead and Opportunity; offer or quote data remains an externally referenced projection.","Investigate","Not required","True"
"Attribute","cr7e8_offer_status","cr7e8_offer","metadata:DataverseModelBuilder/cr7e8_offer","Sales and opportunity management","crmshow_DataModel","Redesign","Rebuild around native Lead and Opportunity; offer or quote data remains an externally referenced projection.","Investigate","Not required","True"
"Attribute","cr7e8_offerid","cr7e8_offer","metadata:DataverseModelBuilder/cr7e8_offer","Sales and opportunity management","crmshow_DataModel","Redesign","Rebuild around native Lead and Opportunity; offer or quote data remains an externally referenced projection.","Investigate","Not required","True"
"Attribute","cr7e8_product_line","cr7e8_offer","metadata:DataverseModelBuilder/cr7e8_offer","Sales and opportunity management","crmshow_DataModel","Redesign","Rebuild around native Lead and Opportunity; offer or quote data remains an externally referenced projection.","Investigate","Not required","True"
"Attribute","cr7e8_related_policy","cr7e8_offer","metadata:DataverseModelBuilder/cr7e8_offer","Policy, claim, quote, and insured-object projections","crmshow_DataModel","Redesign","Policy must be a thin Account-owned projection with external system and external reference keys.","Investigate","Not required","True"
"Attribute","cr7e8_valid_until","cr7e8_offer","metadata:DataverseModelBuilder/cr7e8_offer","Sales and opportunity management","crmshow_DataModel","Redesign","Rebuild around native Lead and Opportunity; offer or quote data remains an externally referenced projection.","Investigate","Not required","True"
"Attribute","createdby","cr7e8_offer","metadata:DataverseModelBuilder/cr7e8_offer","Sales and opportunity management","crmshow_DataModel","Redesign","Rebuild around native Lead and Opportunity; offer or quote data remains an externally referenced projection.","Investigate","Not required","True"
"Attribute","createdon","cr7e8_offer","metadata:DataverseModelBuilder/cr7e8_offer","Sales and opportunity management","crmshow_DataModel","Redesign","Rebuild around native Lead and Opportunity; offer or quote data remains an externally referenced projection.","Investigate","Not required","True"
"Attribute","createdonbehalfby","cr7e8_offer","metadata:DataverseModelBuilder/cr7e8_offer","Sales and opportunity management","crmshow_DataModel","Redesign","Rebuild around native Lead and Opportunity; offer or quote data remains an externally referenced projection.","Investigate","Not required","True"
"Attribute","exchangerate","cr7e8_offer","metadata:DataverseModelBuilder/cr7e8_offer","Sales and opportunity management","crmshow_DataModel","Redesign","Rebuild around native Lead and Opportunity; offer or quote data remains an externally referenced projection.","Investigate","Not required","True"
"Attribute","importsequencenumber","cr7e8_offer","metadata:DataverseModelBuilder/cr7e8_offer","Sales and opportunity management","crmshow_DataModel","Redesign","Rebuild around native Lead and Opportunity; offer or quote data remains an externally referenced projection.","Investigate","Not required","True"
"Attribute","modifiedby","cr7e8_offer","metadata:DataverseModelBuilder/cr7e8_offer","Sales and opportunity management","crmshow_DataModel","Redesign","Rebuild around native Lead and Opportunity; offer or quote data remains an externally referenced projection.","Investigate","Not required","True"
"Attribute","modifiedon","cr7e8_offer","metadata:DataverseModelBuilder/cr7e8_offer","Sales and opportunity management","crmshow_DataModel","Redesign","Rebuild around native Lead and Opportunity; offer or quote data remains an externally referenced projection.","Investigate","Not required","True"
"Attribute","modifiedonbehalfby","cr7e8_offer","metadata:DataverseModelBuilder/cr7e8_offer","Sales and opportunity management","crmshow_DataModel","Redesign","Rebuild around native Lead and Opportunity; offer or quote data remains an externally referenced projection.","Investigate","Not required","True"
"Attribute","overriddencreatedon","cr7e8_offer","metadata:DataverseModelBuilder/cr7e8_offer","Sales and opportunity management","crmshow_DataModel","Redesign","Rebuild around native Lead and Opportunity; offer or quote data remains an externally referenced projection.","Investigate","Not required","True"
"Attribute","ownerid","cr7e8_offer","metadata:DataverseModelBuilder/cr7e8_offer","Sales and opportunity management","crmshow_DataModel","Redesign","Rebuild around native Lead and Opportunity; offer or quote data remains an externally referenced projection.","Investigate","Not required","True"
"Attribute","owningbusinessunit","cr7e8_offer","metadata:DataverseModelBuilder/cr7e8_offer","Sales and opportunity management","crmshow_DataModel","Redesign","Rebuild around native Lead and Opportunity; offer or quote data remains an externally referenced projection.","Investigate","Not required","True"
"Attribute","owningteam","cr7e8_offer","metadata:DataverseModelBuilder/cr7e8_offer","Sales and opportunity management","crmshow_DataModel","Redesign","Rebuild around native Lead and Opportunity; offer or quote data remains an externally referenced projection.","Investigate","Not required","True"
"Attribute","owninguser","cr7e8_offer","metadata:DataverseModelBuilder/cr7e8_offer","Sales and opportunity management","crmshow_DataModel","Redesign","Rebuild around native Lead and Opportunity; offer or quote data remains an externally referenced projection.","Investigate","Not required","True"
"Attribute","statecode","cr7e8_offer","metadata:DataverseModelBuilder/cr7e8_offer","Sales and opportunity management","crmshow_DataModel","Redesign","Rebuild around native Lead and Opportunity; offer or quote data remains an externally referenced projection.","Investigate","Not required","True"
"Attribute","statuscode","cr7e8_offer","metadata:DataverseModelBuilder/cr7e8_offer","Sales and opportunity management","crmshow_DataModel","Redesign","Rebuild around native Lead and Opportunity; offer or quote data remains an externally referenced projection.","Investigate","Not required","True"
"Attribute","timezoneruleversionnumber","cr7e8_offer","metadata:DataverseModelBuilder/cr7e8_offer","Sales and opportunity management","crmshow_DataModel","Redesign","Rebuild around native Lead and Opportunity; offer or quote data remains an externally referenced projection.","Investigate","Not required","True"
"Attribute","transactioncurrencyid","cr7e8_offer","metadata:DataverseModelBuilder/cr7e8_offer","Sales and opportunity management","crmshow_DataModel","Redesign","Rebuild around native Lead and Opportunity; offer or quote data remains an externally referenced projection.","Investigate","Not required","True"
"Attribute","utcconversiontimezonecode","cr7e8_offer","metadata:DataverseModelBuilder/cr7e8_offer","Sales and opportunity management","crmshow_DataModel","Redesign","Rebuild around native Lead and Opportunity; offer or quote data remains an externally referenced projection.","Investigate","Not required","True"
"Attribute","versionnumber","cr7e8_offer","metadata:DataverseModelBuilder/cr7e8_offer","Sales and opportunity management","crmshow_DataModel","Redesign","Rebuild around native Lead and Opportunity; offer or quote data remains an externally referenced projection.","Investigate","Not required","True"
"Attribute","cr7e8_account","cr7e8_policy","metadata:DataverseModelBuilder/cr7e8_policy","Party, household, and relationship","crmshow_DataModel","Refactor","Reuse native party tables while rebuilding only approved extensions and role relationships.","Investigate","Not required","True"
"Attribute","cr7e8_annual_premium","cr7e8_policy","metadata:DataverseModelBuilder/cr7e8_policy","Policy, claim, quote, and insured-object projections","crmshow_DataModel","Redesign","Policy must be a thin Account-owned projection with external system and external reference keys.","Investigate","Not required","True"
"Attribute","cr7e8_annual_premium_base","cr7e8_policy","metadata:DataverseModelBuilder/cr7e8_policy","Policy, claim, quote, and insured-object projections","crmshow_DataModel","Redesign","Policy must be a thin Account-owned projection with external system and external reference keys.","Investigate","Not required","True"
"Attribute","cr7e8_household","cr7e8_policy","metadata:DataverseModelBuilder/cr7e8_policy","Party, household, and relationship","crmshow_DataModel","Redesign","Household must be represented by Account with accountType=Household; the parallel household table is retired.","Investigate","Not required","True"
"Attribute","cr7e8_name","cr7e8_policy","metadata:DataverseModelBuilder/cr7e8_policy","Policy, claim, quote, and insured-object projections","crmshow_DataModel","Redesign","Policy must be a thin Account-owned projection with external system and external reference keys.","Investigate","Not required","True"
"Attribute","cr7e8_policy_number","cr7e8_policy","metadata:DataverseModelBuilder/cr7e8_policy","Policy, claim, quote, and insured-object projections","crmshow_DataModel","Redesign","Policy must be a thin Account-owned projection with external system and external reference keys.","Investigate","Not required","True"
"Attribute","cr7e8_policy_status","cr7e8_policy","metadata:DataverseModelBuilder/cr7e8_policy","Policy, claim, quote, and insured-object projections","crmshow_DataModel","Redesign","Policy must be a thin Account-owned projection with external system and external reference keys.","Investigate","Not required","True"
"Attribute","cr7e8_policyholder","cr7e8_policy","metadata:DataverseModelBuilder/cr7e8_policy","Policy, claim, quote, and insured-object projections","crmshow_DataModel","Redesign","Policy must be a thin Account-owned projection with external system and external reference keys.","Investigate","Not required","True"
"Attribute","cr7e8_policyid","cr7e8_policy","metadata:DataverseModelBuilder/cr7e8_policy","Policy, claim, quote, and insured-object projections","crmshow_DataModel","Redesign","Policy must be a thin Account-owned projection with external system and external reference keys.","Investigate","Not required","True"
"Attribute","cr7e8_product_line","cr7e8_policy","metadata:DataverseModelBuilder/cr7e8_policy","Policy, claim, quote, and insured-object projections","crmshow_DataModel","Redesign","Policy must be a thin Account-owned projection with external system and external reference keys.","Investigate","Not required","True"
"Attribute","cr7e8_renewal_date","cr7e8_policy","metadata:DataverseModelBuilder/cr7e8_policy","Policy, claim, quote, and insured-object projections","crmshow_DataModel","Redesign","Policy must be a thin Account-owned projection with external system and external reference keys.","Investigate","Not required","True"
"Attribute","cr7e8_start_date","cr7e8_policy","metadata:DataverseModelBuilder/cr7e8_policy","Policy, claim, quote, and insured-object projections","crmshow_DataModel","Redesign","Policy must be a thin Account-owned projection with external system and external reference keys.","Investigate","Not required","True"
"Attribute","createdby","cr7e8_policy","metadata:DataverseModelBuilder/cr7e8_policy","Policy, claim, quote, and insured-object projections","crmshow_DataModel","Redesign","Policy must be a thin Account-owned projection with external system and external reference keys.","Investigate","Not required","True"
"Attribute","createdon","cr7e8_policy","metadata:DataverseModelBuilder/cr7e8_policy","Policy, claim, quote, and insured-object projections","crmshow_DataModel","Redesign","Policy must be a thin Account-owned projection with external system and external reference keys.","Investigate","Not required","True"
"Attribute","createdonbehalfby","cr7e8_policy","metadata:DataverseModelBuilder/cr7e8_policy","Policy, claim, quote, and insured-object projections","crmshow_DataModel","Redesign","Policy must be a thin Account-owned projection with external system and external reference keys.","Investigate","Not required","True"
"Attribute","exchangerate","cr7e8_policy","metadata:DataverseModelBuilder/cr7e8_policy","Policy, claim, quote, and insured-object projections","crmshow_DataModel","Redesign","Policy must be a thin Account-owned projection with external system and external reference keys.","Investigate","Not required","True"
"Attribute","importsequencenumber","cr7e8_policy","metadata:DataverseModelBuilder/cr7e8_policy","Policy, claim, quote, and insured-object projections","crmshow_DataModel","Redesign","Policy must be a thin Account-owned projection with external system and external reference keys.","Investigate","Not required","True"
"Attribute","modifiedby","cr7e8_policy","metadata:DataverseModelBuilder/cr7e8_policy","Policy, claim, quote, and insured-object projections","crmshow_DataModel","Redesign","Policy must be a thin Account-owned projection with external system and external reference keys.","Investigate","Not required","True"
"Attribute","modifiedon","cr7e8_policy","metadata:DataverseModelBuilder/cr7e8_policy","Policy, claim, quote, and insured-object projections","crmshow_DataModel","Redesign","Policy must be a thin Account-owned projection with external system and external reference keys.","Investigate","Not required","True"
"Attribute","modifiedonbehalfby","cr7e8_policy","metadata:DataverseModelBuilder/cr7e8_policy","Policy, claim, quote, and insured-object projections","crmshow_DataModel","Redesign","Policy must be a thin Account-owned projection with external system and external reference keys.","Investigate","Not required","True"
"Attribute","overriddencreatedon","cr7e8_policy","metadata:DataverseModelBuilder/cr7e8_policy","Policy, claim, quote, and insured-object projections","crmshow_DataModel","Redesign","Policy must be a thin Account-owned projection with external system and external reference keys.","Investigate","Not required","True"
"Attribute","ownerid","cr7e8_policy","metadata:DataverseModelBuilder/cr7e8_policy","Policy, claim, quote, and insured-object projections","crmshow_DataModel","Redesign","Policy must be a thin Account-owned projection with external system and external reference keys.","Investigate","Not required","True"
"Attribute","owningbusinessunit","cr7e8_policy","metadata:DataverseModelBuilder/cr7e8_policy","Policy, claim, quote, and insured-object projections","crmshow_DataModel","Redesign","Policy must be a thin Account-owned projection with external system and external reference keys.","Investigate","Not required","True"
"Attribute","owningteam","cr7e8_policy","metadata:DataverseModelBuilder/cr7e8_policy","Policy, claim, quote, and insured-object projections","crmshow_DataModel","Redesign","Policy must be a thin Account-owned projection with external system and external reference keys.","Investigate","Not required","True"
"Attribute","owninguser","cr7e8_policy","metadata:DataverseModelBuilder/cr7e8_policy","Policy, claim, quote, and insured-object projections","crmshow_DataModel","Redesign","Policy must be a thin Account-owned projection with external system and external reference keys.","Investigate","Not required","True"
"Attribute","statecode","cr7e8_policy","metadata:DataverseModelBuilder/cr7e8_policy","Policy, claim, quote, and insured-object projections","crmshow_DataModel","Redesign","Policy must be a thin Account-owned projection with external system and external reference keys.","Investigate","Not required","True"
"Attribute","statuscode","cr7e8_policy","metadata:DataverseModelBuilder/cr7e8_policy","Policy, claim, quote, and insured-object projections","crmshow_DataModel","Redesign","Policy must be a thin Account-owned projection with external system and external reference keys.","Investigate","Not required","True"
"Attribute","timezoneruleversionnumber","cr7e8_policy","metadata:DataverseModelBuilder/cr7e8_policy","Policy, claim, quote, and insured-object projections","crmshow_DataModel","Redesign","Policy must be a thin Account-owned projection with external system and external reference keys.","Investigate","Not required","True"
"Attribute","transactioncurrencyid","cr7e8_policy","metadata:DataverseModelBuilder/cr7e8_policy","Policy, claim, quote, and insured-object projections","crmshow_DataModel","Redesign","Policy must be a thin Account-owned projection with external system and external reference keys.","Investigate","Not required","True"
"Attribute","utcconversiontimezonecode","cr7e8_policy","metadata:DataverseModelBuilder/cr7e8_policy","Policy, claim, quote, and insured-object projections","crmshow_DataModel","Redesign","Policy must be a thin Account-owned projection with external system and external reference keys.","Investigate","Not required","True"
"Attribute","versionnumber","cr7e8_policy","metadata:DataverseModelBuilder/cr7e8_policy","Policy, claim, quote, and insured-object projections","crmshow_DataModel","Redesign","Policy must be a thin Account-owned projection with external system and external reference keys.","Investigate","Not required","True"
"Bot","cr7e8_Mobiliar","","bots/cr7e8_Mobiliar/bot.xml","AI and agent-assisted capabilities","None","Investigate","Prototype agent evidence only; requires Responsible AI, grounding, safety, licensing, and maturity review.","Required","Required","True"
"BotComponent","cr7e8_Mobiliar.gpt.default","","botcomponents/cr7e8_Mobiliar.gpt.default/botcomponent.xml","AI and agent-assisted capabilities","None","Investigate","Prototype agent evidence only; requires Responsible AI, grounding, safety, licensing, and maturity review.","Required","Required","True"
"BotComponent","cr7e8_Mobiliar.settings.Ivr","","botcomponents/cr7e8_Mobiliar.settings.Ivr/botcomponent.xml","AI and agent-assisted capabilities","None","Investigate","Prototype agent evidence only; requires Responsible AI, grounding, safety, licensing, and maturity review.","Required","Required","True"
"BotComponent","cr7e8_Mobiliar.topic.AnsweringMachineDetection","","botcomponents/cr7e8_Mobiliar.topic.AnsweringMachineDetection/botcomponent.xml","AI and agent-assisted capabilities","None","Investigate","Prototype agent evidence only; requires Responsible AI, grounding, safety, licensing, and maturity review.","Required","Required","True"
"BotComponent","cr7e8_Mobiliar.topic.ConversationStart","","botcomponents/cr7e8_Mobiliar.topic.ConversationStart/botcomponent.xml","AI and agent-assisted capabilities","None","Investigate","Prototype agent evidence only; requires Responsible AI, grounding, safety, licensing, and maturity review.","Required","Required","True"
"BotComponent","cr7e8_Mobiliar.topic.EndofConversation","","botcomponents/cr7e8_Mobiliar.topic.EndofConversation/botcomponent.xml","AI and agent-assisted capabilities","None","Investigate","Prototype agent evidence only; requires Responsible AI, grounding, safety, licensing, and maturity review.","Required","Required","True"
"BotComponent","cr7e8_Mobiliar.topic.Escalate","","botcomponents/cr7e8_Mobiliar.topic.Escalate/botcomponent.xml","AI and agent-assisted capabilities","None","Investigate","Prototype agent evidence only; requires Responsible AI, grounding, safety, licensing, and maturity review.","Required","Required","True"
"BotComponent","cr7e8_Mobiliar.topic.Fallback","","botcomponents/cr7e8_Mobiliar.topic.Fallback/botcomponent.xml","AI and agent-assisted capabilities","None","Investigate","Prototype agent evidence only; requires Responsible AI, grounding, safety, licensing, and maturity review.","Required","Required","True"
"BotComponent","cr7e8_Mobiliar.topic.Goodbye","","botcomponents/cr7e8_Mobiliar.topic.Goodbye/botcomponent.xml","AI and agent-assisted capabilities","None","Investigate","Prototype agent evidence only; requires Responsible AI, grounding, safety, licensing, and maturity review.","Required","Required","True"
"BotComponent","cr7e8_Mobiliar.topic.Greeting","","botcomponents/cr7e8_Mobiliar.topic.Greeting/botcomponent.xml","AI and agent-assisted capabilities","None","Investigate","Prototype agent evidence only; requires Responsible AI, grounding, safety, licensing, and maturity review.","Required","Required","True"
"BotComponent","cr7e8_Mobiliar.topic.MultipleTopicsMatched","","botcomponents/cr7e8_Mobiliar.topic.MultipleTopicsMatched/botcomponent.xml","AI and agent-assisted capabilities","None","Investigate","Prototype agent evidence only; requires Responsible AI, grounding, safety, licensing, and maturity review.","Required","Required","True"
"BotComponent","cr7e8_Mobiliar.topic.OnError","","botcomponents/cr7e8_Mobiliar.topic.OnError/botcomponent.xml","AI and agent-assisted capabilities","None","Investigate","Prototype agent evidence only; requires Responsible AI, grounding, safety, licensing, and maturity review.","Required","Required","True"
"BotComponent","cr7e8_Mobiliar.topic.ResetConversation","","botcomponents/cr7e8_Mobiliar.topic.ResetConversation/botcomponent.xml","AI and agent-assisted capabilities","None","Investigate","Prototype agent evidence only; requires Responsible AI, grounding, safety, licensing, and maturity review.","Required","Required","True"
"BotComponent","cr7e8_Mobiliar.topic.Search","","botcomponents/cr7e8_Mobiliar.topic.Search/botcomponent.xml","AI and agent-assisted capabilities","None","Investigate","Prototype agent evidence only; requires Responsible AI, grounding, safety, licensing, and maturity review.","Required","Required","True"
"BotComponent","cr7e8_Mobiliar.topic.Signin","","botcomponents/cr7e8_Mobiliar.topic.Signin/botcomponent.xml","AI and agent-assisted capabilities","None","Investigate","Prototype agent evidence only; requires Responsible AI, grounding, safety, licensing, and maturity review.","Required","Required","True"
"BotComponent","cr7e8_Mobiliar.topic.Silence","","botcomponents/cr7e8_Mobiliar.topic.Silence/botcomponent.xml","AI and agent-assisted capabilities","None","Investigate","Prototype agent evidence only; requires Responsible AI, grounding, safety, licensing, and maturity review.","Required","Required","True"
"BotComponent","cr7e8_Mobiliar.topic.StartOver","","botcomponents/cr7e8_Mobiliar.topic.StartOver/botcomponent.xml","AI and agent-assisted capabilities","None","Investigate","Prototype agent evidence only; requires Responsible AI, grounding, safety, licensing, and maturity review.","Required","Required","True"
"BotComponent","cr7e8_Mobiliar.topic.ThankYou","","botcomponents/cr7e8_Mobiliar.topic.ThankYou/botcomponent.xml","AI and agent-assisted capabilities","None","Investigate","Prototype agent evidence only; requires Responsible AI, grounding, safety, licensing, and maturity review.","Required","Required","True"
"BotComponent","cr7e8_Mobiliar.topic.UnknownDtmfKey","","botcomponents/cr7e8_Mobiliar.topic.UnknownDtmfKey/botcomponent.xml","AI and agent-assisted capabilities","None","Investigate","Prototype agent evidence only; requires Responsible AI, grounding, safety, licensing, and maturity review.","Required","Required","True"
"BotComponent","cr7e8_Mobiliar.topic.UnrecognizedSpeech","","botcomponents/cr7e8_Mobiliar.topic.UnrecognizedSpeech/botcomponent.xml","AI and agent-assisted capabilities","None","Investigate","Prototype agent evidence only; requires Responsible AI, grounding, safety, licensing, and maturity review.","Required","Required","True"
"ChoiceOption","cr7e8_diagnose_healthcheck:0","cr7e8_campaign.cr7e8_diagnose_healthcheck","Entities/cr7e8_campaign/Entity.xml","Marketing, consent, and journeys","crmshow_Marketing","Redesign","Validate against native Customer Insights - Journeys and consent-per-contact-per-channel before rebuilding custom campaign artefacts.","Required","Not required","True"
"ChoiceOption","cr7e8_diagnose_healthcheck:1","cr7e8_campaign.cr7e8_diagnose_healthcheck","Entities/cr7e8_campaign/Entity.xml","Marketing, consent, and journeys","crmshow_Marketing","Redesign","Validate against native Customer Insights - Journeys and consent-per-contact-per-channel before rebuilding custom campaign artefacts.","Required","Not required","True"
"ChoiceOption","cr7e8_sprachen:100000000","cr7e8_campaign.cr7e8_sprachen","Entities/cr7e8_campaign/Entity.xml","Marketing, consent, and journeys","crmshow_Marketing","Redesign","Validate against native Customer Insights - Journeys and consent-per-contact-per-channel before rebuilding custom campaign artefacts.","Required","Not required","True"
"ChoiceOption","cr7e8_sprachen:100000001","cr7e8_campaign.cr7e8_sprachen","Entities/cr7e8_campaign/Entity.xml","Marketing, consent, and journeys","crmshow_Marketing","Redesign","Validate against native Customer Insights - Journeys and consent-per-contact-per-channel before rebuilding custom campaign artefacts.","Required","Not required","True"
"ChoiceOption","cr7e8_sprachen:100000002","cr7e8_campaign.cr7e8_sprachen","Entities/cr7e8_campaign/Entity.xml","Marketing, consent, and journeys","crmshow_Marketing","Redesign","Validate against native Customer Insights - Journeys and consent-per-contact-per-channel before rebuilding custom campaign artefacts.","Required","Not required","True"
"ChoiceOption","cr7e8_claimtype:100000000","cr7e8_Claim.cr7e8_claimtype","Entities/cr7e8_Claim/Entity.xml","Service and case management","crmshow_DataModel","Redesign","Claim must become an Account-owned, externally referenced thin projection rather than a Contact-owned CRM record.","Investigate","Not required","True"
"ChoiceOption","cr7e8_claimtype:100000001","cr7e8_Claim.cr7e8_claimtype","Entities/cr7e8_Claim/Entity.xml","Service and case management","crmshow_DataModel","Redesign","Claim must become an Account-owned, externally referenced thin projection rather than a Contact-owned CRM record.","Investigate","Not required","True"
"ChoiceOption","cr7e8_claimtype:100000002","cr7e8_Claim.cr7e8_claimtype","Entities/cr7e8_Claim/Entity.xml","Service and case management","crmshow_DataModel","Redesign","Claim must become an Account-owned, externally referenced thin projection rather than a Contact-owned CRM record.","Investigate","Not required","True"
"ChoiceOption","cr7e8_claimtype:100000003","cr7e8_Claim.cr7e8_claimtype","Entities/cr7e8_Claim/Entity.xml","Service and case management","crmshow_DataModel","Redesign","Claim must become an Account-owned, externally referenced thin projection rather than a Contact-owned CRM record.","Investigate","Not required","True"
"ChoiceOption","cr7e8_claimtype:100000004","cr7e8_Claim.cr7e8_claimtype","Entities/cr7e8_Claim/Entity.xml","Service and case management","crmshow_DataModel","Redesign","Claim must become an Account-owned, externally referenced thin projection rather than a Contact-owned CRM record.","Investigate","Not required","True"
"DataverseSearch","525a0ec0-5f69-f111-ab0c-7ced8d703047","","dvtablesearchs/525a0ec0-5f69-f111-ab0c-7ced8d703047/dvtablesearch.xml","Foundation and shared configuration","crmshow_Foundation","Investigate","Validate the environment-level configuration independently before adopting it.","Investigate","Not required","True"
"DataverseSearch","c9891b87-b368-f111-a825-7ced8d6e82b9","","dvtablesearchs/c9891b87-b368-f111-a825-7ced8d6e82b9/dvtablesearch.xml","Foundation and shared configuration","crmshow_Foundation","Investigate","Validate the environment-level configuration independently before adopting it.","Investigate","Not required","True"
"DataverseSearchEntity","148b2e78-0b6b-f111-ab0c-000d3a3839bf","","dvtablesearchentities/148b2e78-0b6b-f111-ab0c-000d3a3839bf/dvtablesearchentity.xml","Foundation and shared configuration","crmshow_Foundation","Investigate","Validate the environment-level configuration independently before adopting it.","Investigate","Not required","True"
"DataverseSearchEntity","40fe633d-6069-f111-ab0c-7ced8d703047","","dvtablesearchentities/40fe633d-6069-f111-ab0c-7ced8d703047/dvtablesearchentity.xml","Foundation and shared configuration","crmshow_Foundation","Investigate","Validate the environment-level configuration independently before adopting it.","Investigate","Not required","True"
"DataverseSearchEntity","535a0ec0-5f69-f111-ab0c-7ced8d703047","","dvtablesearchentities/535a0ec0-5f69-f111-ab0c-7ced8d703047/dvtablesearchentity.xml","Foundation and shared configuration","crmshow_Foundation","Investigate","Validate the environment-level configuration independently before adopting it.","Investigate","Not required","True"
"DataverseSearchEntity","7880dcbe-0b6b-f111-ab0c-000d3a3839bf","","dvtablesearchentities/7880dcbe-0b6b-f111-ab0c-000d3a3839bf/dvtablesearchentity.xml","Foundation and shared configuration","crmshow_Foundation","Investigate","Validate the environment-level configuration independently before adopting it.","Investigate","Not required","True"
"DataverseSearchEntity","7a80dcbe-0b6b-f111-ab0c-000d3a3839bf","","dvtablesearchentities/7a80dcbe-0b6b-f111-ab0c-000d3a3839bf/dvtablesearchentity.xml","Foundation and shared configuration","crmshow_Foundation","Investigate","Validate the environment-level configuration independently before adopting it.","Investigate","Not required","True"
"DataverseSearchEntity","9d45ab66-0b6b-f111-ab0c-000d3a3839bf","","dvtablesearchentities/9d45ab66-0b6b-f111-ab0c-000d3a3839bf/dvtablesearchentity.xml","Foundation and shared configuration","crmshow_Foundation","Investigate","Validate the environment-level configuration independently before adopting it.","Investigate","Not required","True"
"DataverseSearchEntity","ca891b87-b368-f111-a825-7ced8d6e82b9","","dvtablesearchentities/ca891b87-b368-f111-a825-7ced8d6e82b9/dvtablesearchentity.xml","Foundation and shared configuration","crmshow_Foundation","Investigate","Validate the environment-level configuration independently before adopting it.","Investigate","Not required","True"
"DataverseSearchEntity","cb891b87-b368-f111-a825-7ced8d6e82b9","","dvtablesearchentities/cb891b87-b368-f111-a825-7ced8d6e82b9/dvtablesearchentity.xml","Foundation and shared configuration","crmshow_Foundation","Investigate","Validate the environment-level configuration independently before adopting it.","Investigate","Not required","True"
"DataverseSearchEntity","cc891b87-b368-f111-a825-7ced8d6e82b9","","dvtablesearchentities/cc891b87-b368-f111-a825-7ced8d6e82b9/dvtablesearchentity.xml","Foundation and shared configuration","crmshow_Foundation","Investigate","Validate the environment-level configuration independently before adopting it.","Investigate","Not required","True"
"DataverseSearchEntity","e5da4692-c868-f111-a825-70a8a59a6865","","dvtablesearchentities/e5da4692-c868-f111-a825-70a8a59a6865/dvtablesearchentity.xml","Foundation and shared configuration","crmshow_Foundation","Investigate","Validate the environment-level configuration independently before adopting it.","Investigate","Not required","True"
"DataverseSearchEntity","e84c99e0-5f69-f111-ab0c-7ced8d703047","","dvtablesearchentities/e84c99e0-5f69-f111-ab0c-7ced8d703047/dvtablesearchentity.xml","Foundation and shared configuration","crmshow_Foundation","Investigate","Validate the environment-level configuration independently before adopting it.","Investigate","Not required","True"
"DataverseSearchEntity","fa1094c8-5f69-f111-ab0c-7ced8d703047","","dvtablesearchentities/fa1094c8-5f69-f111-ab0c-7ced8d703047/dvtablesearchentity.xml","Foundation and shared configuration","crmshow_Foundation","Investigate","Validate the environment-level configuration independently before adopting it.","Investigate","Not required","True"
"Entity","Account","","Entities/Account/Entity.xml","Party, household, and relationship","crmshow_DataModel","Refactor","Reuse native party tables while rebuilding only approved extensions and role relationships.","Investigate","Not required","True"
"Entity","Contact","","Entities/Contact/Entity.xml","Party, household, and relationship","crmshow_DataModel","Refactor","Reuse native party tables while rebuilding only approved extensions and role relationships.","Investigate","Not required","True"
"Entity","cr7e8_broker","","Entities/cr7e8_broker/Entity.xml","Party, household, and relationship","crmshow_DataModel","Redesign","Broker is an Account type with dated relationship and ownership roles, not a parallel party table.","Investigate","Not required","True"
"Entity","cr7e8_campaign","","Entities/cr7e8_campaign/Entity.xml","Marketing, consent, and journeys","crmshow_Marketing","Redesign","Validate against native Customer Insights - Journeys and consent-per-contact-per-channel before rebuilding custom campaign artefacts.","Required","Not required","True"
"Entity","cr7e8_Claim","","Entities/cr7e8_Claim/Entity.xml","Service and case management","crmshow_DataModel","Redesign","Claim must become an Account-owned, externally referenced thin projection rather than a Contact-owned CRM record.","Investigate","Not required","True"
"Entity","cr7e8_household","","Entities/cr7e8_household/Entity.xml","Party, household, and relationship","crmshow_DataModel","Redesign","Household must be represented by Account with accountType=Household; the parallel household table is retired.","Investigate","Not required","True"
"Entity","cr7e8_offer","","Entities/cr7e8_offer/Entity.xml","Sales and opportunity management","crmshow_DataModel","Redesign","Rebuild around native Lead and Opportunity; offer or quote data remains an externally referenced projection.","Investigate","Not required","True"
"Entity","cr7e8_policy","","Entities/cr7e8_policy/Entity.xml","Policy, claim, quote, and insured-object projections","crmshow_DataModel","Redesign","Policy must be a thin Account-owned projection with external system and external reference keys.","Investigate","Not required","True"
"Entity","Incident","","Entities/Incident/Entity.xml","Service and case management","crmshow_DataModel","Refactor","Retain the service requirement but rebuild through native Customer Service configuration and governed extensions.","Investigate","Not required","True"
"Entity","Lead","","Entities/Lead/Entity.xml","Sales and opportunity management","crmshow_DataModel","Redesign","Rebuild around native Lead and Opportunity; offer or quote data remains an externally referenced projection.","Investigate","Not required","True"
"Entity","msdyn_ocliveworkitem","","Entities/msdyn_ocliveworkitem/Entity.xml","Service and case management","crmshow_DataModel","Refactor","Retain the service requirement but rebuild through native Customer Service configuration and governed extensions.","Investigate","Not required","True"
"Form","{8448b78f-8f42-454e-8e2a-f8196b0419af}","Account","Entities/Account/FormXml/main/{8448b78f-8f42-454e-8e2a-f8196b0419af}.xml","Party, household, and relationship","crmshow_Sales","Refactor","Reuse native party tables while rebuilding only approved extensions and role relationships.","Investigate","Not required","True"
"Form","{1fed44d1-ae68-4a41-bd2b-f13acac4acfa}","Contact","Entities/Contact/FormXml/main/{1fed44d1-ae68-4a41-bd2b-f13acac4acfa}.xml","Party, household, and relationship","crmshow_Sales","Refactor","Reuse native party tables while rebuilding only approved extensions and role relationships.","Investigate","Not required","True"
"Form","{0439e40d-ab7e-4a6f-be3c-9a539edd7524}","cr7e8_broker","Entities/cr7e8_broker/FormXml/quick/{0439e40d-ab7e-4a6f-be3c-9a539edd7524}.xml","Party, household, and relationship","crmshow_Sales","Redesign","Broker is an Account type with dated relationship and ownership roles, not a parallel party table.","Investigate","Not required","True"
"Form","{1ad1538a-65b9-4e60-a0d5-7f92fa64082e}","cr7e8_broker","Entities/cr7e8_broker/FormXml/card/{1ad1538a-65b9-4e60-a0d5-7f92fa64082e}.xml","Party, household, and relationship","crmshow_Sales","Redesign","Broker is an Account type with dated relationship and ownership roles, not a parallel party table.","Investigate","Not required","True"
"Form","{525f0105-f260-4d12-8d54-07841a730dfc}","cr7e8_broker","Entities/cr7e8_broker/FormXml/main/{525f0105-f260-4d12-8d54-07841a730dfc}.xml","Party, household, and relationship","crmshow_Sales","Redesign","Broker is an Account type with dated relationship and ownership roles, not a parallel party table.","Investigate","Not required","True"
"Form","{2f253079-fa84-4fdd-9174-689aab822797}","cr7e8_campaign","Entities/cr7e8_campaign/FormXml/main/{2f253079-fa84-4fdd-9174-689aab822797}.xml","Marketing, consent, and journeys","crmshow_Marketing","Redesign","Validate against native Customer Insights - Journeys and consent-per-contact-per-channel before rebuilding custom campaign artefacts.","Required","Not required","True"
"Form","{baa53450-9b36-4d67-8a8c-61b43fd3772a}","cr7e8_campaign","Entities/cr7e8_campaign/FormXml/quick/{baa53450-9b36-4d67-8a8c-61b43fd3772a}.xml","Marketing, consent, and journeys","crmshow_Marketing","Redesign","Validate against native Customer Insights - Journeys and consent-per-contact-per-channel before rebuilding custom campaign artefacts.","Required","Not required","True"
"Form","{ed75fb7e-0b08-435e-a292-19f2b5238d59}","cr7e8_campaign","Entities/cr7e8_campaign/FormXml/card/{ed75fb7e-0b08-435e-a292-19f2b5238d59}.xml","Marketing, consent, and journeys","crmshow_Marketing","Redesign","Validate against native Customer Insights - Journeys and consent-per-contact-per-channel before rebuilding custom campaign artefacts.","Required","Not required","True"
"Form","{7cbee9f4-367a-4634-b0de-4ff27572061e}","cr7e8_Claim","Entities/cr7e8_Claim/FormXml/main/{7cbee9f4-367a-4634-b0de-4ff27572061e}.xml","Service and case management","crmshow_Service","Redesign","Claim must become an Account-owned, externally referenced thin projection rather than a Contact-owned CRM record.","Investigate","Not required","True"
"Form","{925e5d2f-ce12-430b-b395-7205ce7cd4a6}","cr7e8_Claim","Entities/cr7e8_Claim/FormXml/card/{925e5d2f-ce12-430b-b395-7205ce7cd4a6}.xml","Service and case management","crmshow_Service","Redesign","Claim must become an Account-owned, externally referenced thin projection rather than a Contact-owned CRM record.","Investigate","Not required","True"
"Form","{a2cba315-ee73-f111-ab0f-00224806d754}","cr7e8_Claim","Entities/cr7e8_Claim/FormXml/quickCreate/{a2cba315-ee73-f111-ab0f-00224806d754}.xml","Service and case management","crmshow_Service","Redesign","Claim must become an Account-owned, externally referenced thin projection rather than a Contact-owned CRM record.","Investigate","Not required","True"
"Form","{ba7ee869-3d6d-4e83-9845-3e4305a50c74}","cr7e8_Claim","Entities/cr7e8_Claim/FormXml/quick/{ba7ee869-3d6d-4e83-9845-3e4305a50c74}.xml","Service and case management","crmshow_Service","Redesign","Claim must become an Account-owned, externally referenced thin projection rather than a Contact-owned CRM record.","Investigate","Not required","True"
"Form","{28bb9d20-137b-4f6c-b5ea-9c1f10179c8f}","cr7e8_household","Entities/cr7e8_household/FormXml/main/{28bb9d20-137b-4f6c-b5ea-9c1f10179c8f}.xml","Party, household, and relationship","crmshow_Sales","Redesign","Household must be represented by Account with accountType=Household; the parallel household table is retired.","Investigate","Not required","True"
"Form","{718c41cf-1d7e-4bfd-a9a0-c7a6695af599}","cr7e8_offer","Entities/cr7e8_offer/FormXml/main/{718c41cf-1d7e-4bfd-a9a0-c7a6695af599}.xml","Sales and opportunity management","crmshow_Sales","Redesign","Rebuild around native Lead and Opportunity; offer or quote data remains an externally referenced projection.","Investigate","Not required","True"
"Form","{0b87b795-3546-43a1-91b9-ac2d6934e955}","cr7e8_policy","Entities/cr7e8_policy/FormXml/main/{0b87b795-3546-43a1-91b9-ac2d6934e955}.xml","Policy, claim, quote, and insured-object projections","crmshow_Sales","Redesign","Policy must be a thin Account-owned projection with external system and external reference keys.","Investigate","Not required","True"
"Form","{4a63c8d1-6c1e-48ec-9db4-3e6c7155334c}","Incident","Entities/Incident/FormXml/main/{4a63c8d1-6c1e-48ec-9db4-3e6c7155334c}.xml","Service and case management","crmshow_Service","Refactor","Retain the service requirement but rebuild through native Customer Service configuration and governed extensions.","Investigate","Not required","True"
"Form","{b05c1e9c-94d0-46c1-8968-df49b8f33ec7}","Incident","Entities/Incident/FormXml/main/{b05c1e9c-94d0-46c1-8968-df49b8f33ec7}.xml","Service and case management","crmshow_Service","Refactor","Retain the service requirement but rebuild through native Customer Service configuration and governed extensions.","Investigate","Not required","True"
"Form","{e1ec2c0c-1744-42fa-a346-fb8237357d0f}","Lead","Entities/Lead/FormXml/main/{e1ec2c0c-1744-42fa-a346-fb8237357d0f}.xml","Sales and opportunity management","crmshow_Sales","Redesign","Rebuild around native Lead and Opportunity; offer or quote data remains an externally referenced projection.","Investigate","Not required","True"
"MissingDependency","cr7e8_name","{0b87b795-3546-43a1-91b9-ac2d6934e955}","Other/Solution.xml","Foundation and shared configuration","None","Investigate","External dependency must be validated for necessity, licensing, and target availability.","Required","Not required","True"
"MissingDependency","ownerid","{0b87b795-3546-43a1-91b9-ac2d6934e955}","Other/Solution.xml","Foundation and shared configuration","None","Investigate","External dependency must be validated for necessity, licensing, and target availability.","Required","Not required","True"
"MissingDependency","{1fed44d1-ae68-4a41-bd2b-f13acac4acfa}","{1fed44d1-ae68-4a41-bd2b-f13acac4acfa}","Other/Solution.xml","Foundation and shared configuration","None","Investigate","External dependency must be validated for necessity, licensing, and target availability.","Required","Not required","True"
"MissingDependency","{29de27bc-a257-4f29-99cf-bab4a84e688f}","{1fed44d1-ae68-4a41-bd2b-f13acac4acfa}","Other/Solution.xml","Foundation and shared configuration","None","Investigate","External dependency must be validated for necessity, licensing, and target availability.","Required","Not required","True"
"MissingDependency","01 Aktive Abonnementlisten","{1fed44d1-ae68-4a41-bd2b-f13acac4acfa}","Other/Solution.xml","Foundation and shared configuration","None","Investigate","External dependency must be validated for necessity, licensing, and target availability.","Required","Not required","True"
"MissingDependency","06 Aktive Abonnementlisten – einfache Ansicht","{1fed44d1-ae68-4a41-bd2b-f13acac4acfa}","Other/Solution.xml","Foundation and shared configuration","None","Investigate","External dependency must be validated for necessity, licensing, and target availability.","Required","Not required","True"
"MissingDependency","adx_created_by_portal_contact","{1fed44d1-ae68-4a41-bd2b-f13acac4acfa}","Other/Solution.xml","Foundation and shared configuration","None","Investigate","External dependency must be validated for necessity, licensing, and target availability.","Required","Not required","True"
"MissingDependency","adx_createdbyportalcontactid","{1fed44d1-ae68-4a41-bd2b-f13acac4acfa}","Other/Solution.xml","Foundation and shared configuration","None","Investigate","External dependency must be validated for necessity, licensing, and target availability.","Required","Not required","True"
"MissingDependency","Aktive Check-Ins","{1fed44d1-ae68-4a41-bd2b-f13acac4acfa}","Other/Solution.xml","Foundation and shared configuration","None","Investigate","External dependency must be validated for necessity, licensing, and target availability.","Required","Not required","True"
"MissingDependency","Aktive Ereignisregistrierungen","{1fed44d1-ae68-4a41-bd2b-f13acac4acfa}","Other/Solution.xml","Foundation and shared configuration","None","Investigate","External dependency must be validated for necessity, licensing, and target availability.","Required","Not required","True"
"MissingDependency","Aktive Sitzungsregistrierungen","{1fed44d1-ae68-4a41-bd2b-f13acac4acfa}","Other/Solution.xml","Foundation and shared configuration","None","Investigate","External dependency must be validated for necessity, licensing, and target availability.","Required","Not required","True"
"MissingDependency","Aktuelle Anfragen","{1fed44d1-ae68-4a41-bd2b-f13acac4acfa}","Other/Solution.xml","Foundation and shared configuration","None","Investigate","External dependency must be validated for necessity, licensing, and target availability.","Required","Not required","True"
"MissingDependency","Aktuelle Verkaufschancen","{1fed44d1-ae68-4a41-bd2b-f13acac4acfa}","Other/Solution.xml","Foundation and shared configuration","None","Investigate","External dependency must be validated for necessity, licensing, and target availability.","Required","Not required","True"
"MissingDependency","Alle Berechtigungen","{1fed44d1-ae68-4a41-bd2b-f13acac4acfa}","Other/Solution.xml","Foundation and shared configuration","None","Investigate","External dependency must be validated for necessity, licensing, and target availability.","Required","Not required","True"
"MissingDependency","Anfragemix (nach Unternehmenseinheit)","{1fed44d1-ae68-4a41-bd2b-f13acac4acfa}","Other/Solution.xml","Foundation and shared configuration","None","Investigate","External dependency must be validated for necessity, licensing, and target availability.","Required","Not required","True"
"MissingDependency","Anzahl der zugehörigen Sitzungsregistrierungs-Datensätze nach Erstellungsdatum","{1fed44d1-ae68-4a41-bd2b-f13acac4acfa}","Other/Solution.xml","Foundation and shared configuration","None","Investigate","External dependency must be validated for necessity, licensing, and target availability.","Required","Not required","True"
"MissingDependency","Ausweise aktiver Teilnehmer","{1fed44d1-ae68-4a41-bd2b-f13acac4acfa}","Other/Solution.xml","Foundation and shared configuration","None","Investigate","External dependency must be validated for necessity, licensing, and target availability.","Required","Not required","True"
"MissingDependency","Ausweise inaktiver Teilnehmer","{1fed44d1-ae68-4a41-bd2b-f13acac4acfa}","Other/Solution.xml","Foundation and shared configuration","None","Investigate","External dependency must be validated for necessity, licensing, and target availability.","Required","Not required","True"
"MissingDependency","Berechtigungsablauf","{1fed44d1-ae68-4a41-bd2b-f13acac4acfa}","Other/Solution.xml","Foundation and shared configuration","None","Investigate","External dependency must be validated for necessity, licensing, and target availability.","Required","Not required","True"
"MissingDependency","businesscard","{1fed44d1-ae68-4a41-bd2b-f13acac4acfa}","Other/Solution.xml","Foundation and shared configuration","None","Investigate","External dependency must be validated for necessity, licensing, and target availability.","Required","Not required","True"
"MissingDependency","businesscardattributes","{1fed44d1-ae68-4a41-bd2b-f13acac4acfa}","Other/Solution.xml","Foundation and shared configuration","None","Investigate","External dependency must be validated for necessity, licensing, and target availability.","Required","Not required","True"
"MissingDependency","Check-In-Datensätze nach Unternehmensgröße","{1fed44d1-ae68-4a41-bd2b-f13acac4acfa}","Other/Solution.xml","Foundation and shared configuration","None","Investigate","External dependency must be validated for necessity, licensing, and target availability.","Required","Not required","True"
"MissingDependency","Consent.ContactabilityControl.ContactabilityControl","{1fed44d1-ae68-4a41-bd2b-f13acac4acfa}","Other/Solution.xml","Foundation and shared configuration","None","Investigate","External dependency must be validated for necessity, licensing, and target availability.","Required","Not required","True"
"MissingDependency","Consent.ContactabilityGridControl.ContactabilityGridControl","{1fed44d1-ae68-4a41-bd2b-f13acac4acfa}","Other/Solution.xml","Foundation and shared configuration","None","Investigate","External dependency must be validated for necessity, licensing, and target availability.","Required","Not required","True"
"MissingDependency","CxpOrchestrationAnalytics.InsightsBannerControl.InsightsBannerControl","{1fed44d1-ae68-4a41-bd2b-f13acac4acfa}","Other/Solution.xml","Foundation and shared configuration","None","Investigate","External dependency must be validated for necessity, licensing, and target availability.","Required","Not required","True"
"MissingDependency","Die wichtigsten Kunden","{1fed44d1-ae68-4a41-bd2b-f13acac4acfa}","Other/Solution.xml","Foundation and shared configuration","None","Investigate","External dependency must be validated for necessity, licensing, and target availability.","Required","Not required","True"
"MissingDependency","Email Lookup View","{1fed44d1-ae68-4a41-bd2b-f13acac4acfa}","Other/Solution.xml","Foundation and shared configuration","None","Investigate","External dependency must be validated for necessity, licensing, and target availability.","Required","Not required","True"
"MissingDependency","entitlement","{1fed44d1-ae68-4a41-bd2b-f13acac4acfa}","Other/Solution.xml","Foundation and shared configuration","None","Investigate","External dependency must be validated for necessity, licensing, and target availability.","Required","Not required","True"
"MissingDependency","Intelligence.BusinessCardReaderControl.BusinessCardReader","{1fed44d1-ae68-4a41-bd2b-f13acac4acfa}","Other/Solution.xml","Foundation and shared configuration","None","Investigate","External dependency must be validated for necessity, licensing, and target availability.","Required","Not required","True"
"MissingDependency","Journey Lookup View","{1fed44d1-ae68-4a41-bd2b-f13acac4acfa}","Other/Solution.xml","Foundation and shared configuration","None","Investigate","External dependency must be validated for necessity, licensing, and target availability.","Required","Not required","True"
"MissingDependency","LinkedInIntegration/Common/msdyn_LinkedInIntegrationCommon.js","{1fed44d1-ae68-4a41-bd2b-f13acac4acfa}","Other/Solution.xml","Foundation and shared configuration","None","Investigate","External dependency must be validated for necessity, licensing, and target availability.","Required","Not required","True"
"MissingDependency","list","{1fed44d1-ae68-4a41-bd2b-f13acac4acfa}","Other/Solution.xml","Foundation and shared configuration","None","Investigate","External dependency must be validated for necessity, licensing, and target availability.","Required","Not required","True"
"MissingDependency","Marketing Form Lookup View","{1fed44d1-ae68-4a41-bd2b-f13acac4acfa}","Other/Solution.xml","Foundation and shared configuration","None","Investigate","External dependency must be validated for necessity, licensing, and target availability.","Required","Not required","True"
"MissingDependency","Meine aktiven Anfragen","{1fed44d1-ae68-4a41-bd2b-f13acac4acfa}","Other/Solution.xml","Foundation and shared configuration","None","Investigate","External dependency must be validated for necessity, licensing, and target availability.","Required","Not required","True"
"MissingDependency","Meine offenen Verkaufschancen","{1fed44d1-ae68-4a41-bd2b-f13acac4acfa}","Other/Solution.xml","Foundation and shared configuration","None","Investigate","External dependency must be validated for necessity, licensing, and target availability.","Required","Not required","True"
"MissingDependency","Microsoft.AddressInputUCI","{1fed44d1-ae68-4a41-bd2b-f13acac4acfa}","Other/Solution.xml","Foundation and shared configuration","None","Investigate","External dependency must be validated for necessity, licensing, and target availability.","Required","Not required","True"
"MissingDependency","msa_contact_managingpartner","{1fed44d1-ae68-4a41-bd2b-f13acac4acfa}","Other/Solution.xml","Foundation and shared configuration","None","Investigate","External dependency must be validated for necessity, licensing, and target availability.","Required","Not required","True"
"MissingDependency","msa_managingpartnerid","{1fed44d1-ae68-4a41-bd2b-f13acac4acfa}","Other/Solution.xml","Foundation and shared configuration","None","Investigate","External dependency must be validated for necessity, licensing, and target availability.","Required","Not required","True"
"MissingDependency","MscrmControls.CardFeedContainer.CardFeedContainer","{1fed44d1-ae68-4a41-bd2b-f13acac4acfa}","Other/Solution.xml","Foundation and shared configuration","None","Investigate","External dependency must be validated for necessity, licensing, and target availability.","Required","Not required","True"
"MissingDependency","MscrmControls.InsightsControl.InsightsControl","{1fed44d1-ae68-4a41-bd2b-f13acac4acfa}","Other/Solution.xml","Foundation and shared configuration","None","Investigate","External dependency must be validated for necessity, licensing, and target availability.","Required","Not required","True"
"MissingDependency","MscrmControls.LeadHygiene.ValidatedFieldControl","{1fed44d1-ae68-4a41-bd2b-f13acac4acfa}","Other/Solution.xml","Foundation and shared configuration","None","Investigate","External dependency must be validated for necessity, licensing, and target availability.","Required","Not required","True"
"MissingDependency","MscrmControls.LinkedInIntegration.LinkedInAccountLookupControl","{1fed44d1-ae68-4a41-bd2b-f13acac4acfa}","Other/Solution.xml","Foundation and shared configuration","None","Investigate","External dependency must be validated for necessity, licensing, and target availability.","Required","Not required","True"
"MissingDependency","MscrmControls.LinkedInIntegration.LinkedInLeadControl","{1fed44d1-ae68-4a41-bd2b-f13acac4acfa}","Other/Solution.xml","Foundation and shared configuration","None","Investigate","External dependency must be validated for necessity, licensing, and target availability.","Required","Not required","True"
"MissingDependency","MscrmControls.TalkingPointsControl.TalkingPoints","{1fed44d1-ae68-4a41-bd2b-f13acac4acfa}","Other/Solution.xml","Foundation and shared configuration","None","Investigate","External dependency must be validated for necessity, licensing, and target availability.","Required","Not required","True"
"MissingDependency","msdyn_/Contact/Contact.Library.js","{1fed44d1-ae68-4a41-bd2b-f13acac4acfa}","Other/Solution.xml","Foundation and shared configuration","None","Investigate","External dependency must be validated for necessity, licensing, and target availability.","Required","Not required","True"
"MissingDependency","msdyn_/Scripts/WhoKnowsWhomLoader.js","{1fed44d1-ae68-4a41-bd2b-f13acac4acfa}","Other/Solution.xml","Foundation and shared configuration","None","Investigate","External dependency must be validated for necessity, licensing, and target availability.","Required","Not required","True"
"MissingDependency","msdyn_primarytimezone","{1fed44d1-ae68-4a41-bd2b-f13acac4acfa}","Other/Solution.xml","Foundation and shared configuration","None","Investigate","External dependency must be validated for necessity, licensing, and target availability.","Required","Not required","True"
"MissingDependency","msdyn_SalesOmniChannel.SalesPhoneNumberControl","{1fed44d1-ae68-4a41-bd2b-f13acac4acfa}","Other/Solution.xml","Foundation and shared configuration","None","Investigate","External dependency must be validated for necessity, licensing, and target availability.","Required","Not required","True"
"MissingDependency","msdyn_SalesOmniChannel/SalesPhoneNumber.Library.js","{1fed44d1-ae68-4a41-bd2b-f13acac4acfa}","Other/Solution.xml","Foundation and shared configuration","None","Investigate","External dependency must be validated for necessity, licensing, and target availability.","Required","Not required","True"
"MissingDependency","msdyn_talkingpointsloader.js","{1fed44d1-ae68-4a41-bd2b-f13acac4acfa}","Other/Solution.xml","Foundation and shared configuration","None","Investigate","External dependency must be validated for necessity, licensing, and target availability.","Required","Not required","True"
"MissingDependency","MsdynControls.WKWControls.ConnectionsWidget","{1fed44d1-ae68-4a41-bd2b-f13acac4acfa}","Other/Solution.xml","Foundation and shared configuration","None","Investigate","External dependency must be validated for necessity, licensing, and target availability.","Required","Not required","True"
"MissingDependency","msdyncrm_customerjourneyid","{1fed44d1-ae68-4a41-bd2b-f13acac4acfa}","Other/Solution.xml","Foundation and shared configuration","None","Investigate","External dependency must be validated for necessity, licensing, and target availability.","Required","Not required","True"
"MissingDependency","msdyncrm_emailid","{1fed44d1-ae68-4a41-bd2b-f13acac4acfa}","Other/Solution.xml","Foundation and shared configuration","None","Investigate","External dependency must be validated for necessity, licensing, and target availability.","Required","Not required","True"
"MissingDependency","msdyncrm_insights_placeholder","{1fed44d1-ae68-4a41-bd2b-f13acac4acfa}","Other/Solution.xml","Foundation and shared configuration","None","Investigate","External dependency must be validated for necessity, licensing, and target availability.","Required","Not required","True"
"MissingDependency","msdyncrm_MarketingCjoFirst.CrmWebResource","{1fed44d1-ae68-4a41-bd2b-f13acac4acfa}","Other/Solution.xml","Foundation and shared configuration","None","Investigate","External dependency must be validated for necessity, licensing, and target availability.","Required","Not required","True"
"MissingDependency","msdyncrm_marketingformid","{1fed44d1-ae68-4a41-bd2b-f13acac4acfa}","Other/Solution.xml","Foundation and shared configuration","None","Investigate","External dependency must be validated for necessity, licensing, and target availability.","Required","Not required","True"
"MissingDependency","msdyncrm_marketingpageid","{1fed44d1-ae68-4a41-bd2b-f13acac4acfa}","Other/Solution.xml","Foundation and shared configuration","None","Investigate","External dependency must be validated for necessity, licensing, and target availability.","Required","Not required","True"
"MissingDependency","msdyncrm_msdyncrm_customerjourney_contact_customerjourneyid","{1fed44d1-ae68-4a41-bd2b-f13acac4acfa}","Other/Solution.xml","Foundation and shared configuration","None","Investigate","External dependency must be validated for necessity, licensing, and target availability.","Required","Not required","True"
"MissingDependency","msdyncrm_msdyncrm_marketingemail_contact_emailid","{1fed44d1-ae68-4a41-bd2b-f13acac4acfa}","Other/Solution.xml","Foundation and shared configuration","None","Investigate","External dependency must be validated for necessity, licensing, and target availability.","Required","Not required","True"
"MissingDependency","msdyncrm_msdyncrm_marketingform_contact_marketingformid","{1fed44d1-ae68-4a41-bd2b-f13acac4acfa}","Other/Solution.xml","Foundation and shared configuration","None","Investigate","External dependency must be validated for necessity, licensing, and target availability.","Required","Not required","True"
"MissingDependency","msdyncrm_msdyncrm_marketingpage_contact_marketingpageid","{1fed44d1-ae68-4a41-bd2b-f13acac4acfa}","Other/Solution.xml","Foundation and shared configuration","None","Investigate","External dependency must be validated for necessity, licensing, and target availability.","Required","Not required","True"
"MissingDependency","msdyncrm_rememberme","{1fed44d1-ae68-4a41-bd2b-f13acac4acfa}","Other/Solution.xml","Foundation and shared configuration","None","Investigate","External dependency must be validated for necessity, licensing, and target availability.","Required","Not required","True"
"MissingDependency","msdynmkt_Consent.CrmWebResources","{1fed44d1-ae68-4a41-bd2b-f13acac4acfa}","Other/Solution.xml","Foundation and shared configuration","None","Investigate","External dependency must be validated for necessity, licensing, and target availability.","Required","Not required","True"
"MissingDependency","msdynmkt_customerjourneyid","{1fed44d1-ae68-4a41-bd2b-f13acac4acfa}","Other/Solution.xml","Foundation and shared configuration","None","Investigate","External dependency must be validated for necessity, licensing, and target availability.","Required","Not required","True"
"MissingDependency","msdynmkt_CxpFormEditorHandlers.WebResource","{1fed44d1-ae68-4a41-bd2b-f13acac4acfa}","Other/Solution.xml","Foundation and shared configuration","None","Investigate","External dependency must be validated for necessity, licensing, and target availability.","Required","Not required","True"
"MissingDependency","msdynmkt_DynamicsMktOrchestrationAnalyaticsUIHandlers","{1fed44d1-ae68-4a41-bd2b-f13acac4acfa}","Other/Solution.xml","Foundation and shared configuration","None","Investigate","External dependency must be validated for necessity, licensing, and target availability.","Required","Not required","True"
"MissingDependency","msdynmkt_emailid","{1fed44d1-ae68-4a41-bd2b-f13acac4acfa}","Other/Solution.xml","Foundation and shared configuration","None","Investigate","External dependency must be validated for necessity, licensing, and target availability.","Required","Not required","True"
"MissingDependency","msdynmkt_marketingformid","{1fed44d1-ae68-4a41-bd2b-f13acac4acfa}","Other/Solution.xml","Foundation and shared configuration","None","Investigate","External dependency must be validated for necessity, licensing, and target availability.","Required","Not required","True"
"MissingDependency","msdynmkt_msdynmkt_email_contact_emailid","{1fed44d1-ae68-4a41-bd2b-f13acac4acfa}","Other/Solution.xml","Foundation and shared configuration","None","Investigate","External dependency must be validated for necessity, licensing, and target availability.","Required","Not required","True"
"MissingDependency","msdynmkt_msdynmkt_journey_contact_customerjourneyid","{1fed44d1-ae68-4a41-bd2b-f13acac4acfa}","Other/Solution.xml","Foundation and shared configuration","None","Investigate","External dependency must be validated for necessity, licensing, and target availability.","Required","Not required","True"
"MissingDependency","msdynmkt_msdynmkt_marketingform_contact_marketingformid","{1fed44d1-ae68-4a41-bd2b-f13acac4acfa}","Other/Solution.xml","Foundation and shared configuration","None","Investigate","External dependency must be validated for necessity, licensing, and target availability.","Required","Not required","True"
"MissingDependency","MsdynmktControls.TabbableInsightsControl.TabbableInsightsControl","{1fed44d1-ae68-4a41-bd2b-f13acac4acfa}","Other/Solution.xml","Foundation and shared configuration","None","Investigate","External dependency must be validated for necessity, licensing, and target availability.","Required","Not required","True"
"MissingDependency","msevtmgt_attendeepass","{1fed44d1-ae68-4a41-bd2b-f13acac4acfa}","Other/Solution.xml","Foundation and shared configuration","None","Investigate","External dependency must be validated for necessity, licensing, and target availability.","Required","Not required","True"
"MissingDependency","msevtmgt_checkin","{1fed44d1-ae68-4a41-bd2b-f13acac4acfa}","Other/Solution.xml","Foundation and shared configuration","None","Investigate","External dependency must be validated for necessity, licensing, and target availability.","Required","Not required","True"
"MissingDependency","msevtmgt_contact_msevtmgt_attendeepass_contact","{1fed44d1-ae68-4a41-bd2b-f13acac4acfa}","Other/Solution.xml","Foundation and shared configuration","None","Investigate","External dependency must be validated for necessity, licensing, and target availability.","Required","Not required","True"
"MissingDependency","msevtmgt_contact_msevtmgt_checkin_Contact","{1fed44d1-ae68-4a41-bd2b-f13acac4acfa}","Other/Solution.xml","Foundation and shared configuration","None","Investigate","External dependency must be validated for necessity, licensing, and target availability.","Required","Not required","True"
"MissingDependency","msevtmgt_contact_msevtmgt_eventregistration_Contact","{1fed44d1-ae68-4a41-bd2b-f13acac4acfa}","Other/Solution.xml","Foundation and shared configuration","None","Investigate","External dependency must be validated for necessity, licensing, and target availability.","Required","Not required","True"
"MissingDependency","msevtmgt_contact_msevtmgt_sessionregistration_contactid","{1fed44d1-ae68-4a41-bd2b-f13acac4acfa}","Other/Solution.xml","Foundation and shared configuration","None","Investigate","External dependency must be validated for necessity, licensing, and target availability.","Required","Not required","True"
"MissingDependency","msevtmgt_es6_promise.min.js","{1fed44d1-ae68-4a41-bd2b-f13acac4acfa}","Other/Solution.xml","Foundation and shared configuration","None","Investigate","External dependency must be validated for necessity, licensing, and target availability.","Required","Not required","True"
"MissingDependency","msevtmgt_EventMgmt.CrmWebResource","{1fed44d1-ae68-4a41-bd2b-f13acac4acfa}","Other/Solution.xml","Foundation and shared configuration","None","Investigate","External dependency must be validated for necessity, licensing, and target availability.","Required","Not required","True"
"MissingDependency","msevtmgt_eventregistration","{1fed44d1-ae68-4a41-bd2b-f13acac4acfa}","Other/Solution.xml","Foundation and shared configuration","None","Investigate","External dependency must be validated for necessity, licensing, and target availability.","Required","Not required","True"
"MissingDependency","msevtmgt_msevtmgt_event_contact_originatingeventid","{1fed44d1-ae68-4a41-bd2b-f13acac4acfa}","Other/Solution.xml","Foundation and shared configuration","None","Investigate","External dependency must be validated for necessity, licensing, and target availability.","Required","Not required","True"
"MissingDependency","msevtmgt_originatingeventid","{1fed44d1-ae68-4a41-bd2b-f13acac4acfa}","Other/Solution.xml","Foundation and shared configuration","None","Investigate","External dependency must be validated for necessity, licensing, and target availability.","Required","Not required","True"
"MissingDependency","msevtmgt_sessionregistration","{1fed44d1-ae68-4a41-bd2b-f13acac4acfa}","Other/Solution.xml","Foundation and shared configuration","None","Investigate","External dependency must be validated for necessity, licensing, and target availability.","Required","Not required","True"
"MissingDependency","msgdpr_contact_msgdpr_gdprparent","{1fed44d1-ae68-4a41-bd2b-f13acac4acfa}","Other/Solution.xml","Foundation and shared configuration","None","Investigate","External dependency must be validated for necessity, licensing, and target availability.","Required","Not required","True"
"MissingDependency","msgdpr_donottrack","{1fed44d1-ae68-4a41-bd2b-f13acac4acfa}","Other/Solution.xml","Foundation and shared configuration","None","Investigate","External dependency must be validated for necessity, licensing, and target availability.","Required","Not required","True"
"MissingDependency","msgdpr_gdprconsent","{1fed44d1-ae68-4a41-bd2b-f13acac4acfa}","Other/Solution.xml","Foundation and shared configuration","None","Investigate","External dependency must be validated for necessity, licensing, and target availability.","Required","Not required","True"
"MissingDependency","msgdpr_gdprischild","{1fed44d1-ae68-4a41-bd2b-f13acac4acfa}","Other/Solution.xml","Foundation and shared configuration","None","Investigate","External dependency must be validated for necessity, licensing, and target availability.","Required","Not required","True"
"MissingDependency","msgdpr_gdprparentid","{1fed44d1-ae68-4a41-bd2b-f13acac4acfa}","Other/Solution.xml","Foundation and shared configuration","None","Investigate","External dependency must be validated for necessity, licensing, and target availability.","Required","Not required","True"
"MissingDependency","opportunity","{1fed44d1-ae68-4a41-bd2b-f13acac4acfa}","Other/Solution.xml","Foundation and shared configuration","None","Investigate","External dependency must be validated for necessity, licensing, and target availability.","Required","Not required","True"
"MissingDependency","originatingleadid","{1fed44d1-ae68-4a41-bd2b-f13acac4acfa}","Other/Solution.xml","Foundation and shared configuration","None","Investigate","External dependency must be validated for necessity, licensing, and target availability.","Required","Not required","True"
"MissingDependency","Registrierungsdatensätze nach Unternehmensgröße","{1fed44d1-ae68-4a41-bd2b-f13acac4acfa}","Other/Solution.xml","Foundation and shared configuration","None","Investigate","External dependency must be validated for necessity, licensing, and target availability.","Required","Not required","True"
"MissingDependency","Übergeordnete Ereignisse von Ereignis-Check-Ins","{1fed44d1-ae68-4a41-bd2b-f13acac4acfa}","Other/Solution.xml","Foundation and shared configuration","None","Investigate","External dependency must be validated for necessity, licensing, and target availability.","Required","Not required","True"
"MissingDependency","Übergeordnete Ereignisse von Ereignisregistrierungen","{1fed44d1-ae68-4a41-bd2b-f13acac4acfa}","Other/Solution.xml","Foundation and shared configuration","None","Investigate","External dependency must be validated for necessity, licensing, and target availability.","Required","Not required","True"
"MissingDependency","Übergeordnete Ereignisse von Sitzungs-Check-Ins","{1fed44d1-ae68-4a41-bd2b-f13acac4acfa}","Other/Solution.xml","Foundation and shared configuration","None","Investigate","External dependency must be validated for necessity, licensing, and target availability.","Required","Not required","True"
"MissingDependency","Übergeordnete Ereignisse von Sitzungsregistrierungen","{1fed44d1-ae68-4a41-bd2b-f13acac4acfa}","Other/Solution.xml","Foundation and shared configuration","None","Investigate","External dependency must be validated for necessity, licensing, and target availability.","Required","Not required","True"
"MissingDependency","cr7e8_name","{28bb9d20-137b-4f6c-b5ea-9c1f10179c8f}","Other/Solution.xml","Foundation and shared configuration","None","Investigate","External dependency must be validated for necessity, licensing, and target availability.","Required","Not required","True"
"MissingDependency","ownerid","{28bb9d20-137b-4f6c-b5ea-9c1f10179c8f}","Other/Solution.xml","Foundation and shared configuration","None","Investigate","External dependency must be validated for necessity, licensing, and target availability.","Required","Not required","True"
"MissingDependency","{19b14c51-3d43-4d56-ab34-49c540bf468c}","{4a63c8d1-6c1e-48ec-9db4-3e6c7155334c}","Other/Solution.xml","Foundation and shared configuration","None","Investigate","External dependency must be validated for necessity, licensing, and target availability.","Required","Not required","True"
"MissingDependency","{4a63c8d1-6c1e-48ec-9db4-3e6c7155334c}","{4a63c8d1-6c1e-48ec-9db4-3e6c7155334c}","Other/Solution.xml","Foundation and shared configuration","None","Investigate","External dependency must be validated for necessity, licensing, and target availability.","Required","Not required","True"
"MissingDependency","{707fc57b-c5e6-471b-a180-e37ed28a38e2}","{4a63c8d1-6c1e-48ec-9db4-3e6c7155334c}","Other/Solution.xml","Foundation and shared configuration","None","Investigate","External dependency must be validated for necessity, licensing, and target availability.","Required","Not required","True"
"MissingDependency","{b028db32-3619-48a5-ac51-cf3f947b0ef3}","{4a63c8d1-6c1e-48ec-9db4-3e6c7155334c}","Other/Solution.xml","Foundation and shared configuration","None","Investigate","External dependency must be validated for necessity, licensing, and target availability.","Required","Not required","True"
"MissingDependency","{ede9dac3-e143-4be4-acc8-237309e31210}","{4a63c8d1-6c1e-48ec-9db4-3e6c7155334c}","Other/Solution.xml","Foundation and shared configuration","None","Investigate","External dependency must be validated for necessity, licensing, and target availability.","Required","Not required","True"
"MissingDependency","adx_publishtoweb","{4a63c8d1-6c1e-48ec-9db4-3e6c7155334c}","Other/Solution.xml","Foundation and shared configuration","None","Investigate","External dependency must be validated for necessity, licensing, and target availability.","Required","Not required","True"
"MissingDependency","adx_resolution","{4a63c8d1-6c1e-48ec-9db4-3e6c7155334c}","Other/Solution.xml","Foundation and shared configuration","None","Investigate","External dependency must be validated for necessity, licensing, and target availability.","Required","Not required","True"
"MissingDependency","adx_resolutiondate","{4a63c8d1-6c1e-48ec-9db4-3e6c7155334c}","Other/Solution.xml","Foundation and shared configuration","None","Investigate","External dependency must be validated for necessity, licensing, and target availability.","Required","Not required","True"
"MissingDependency","adx_stepstoreproduce","{4a63c8d1-6c1e-48ec-9db4-3e6c7155334c}","Other/Solution.xml","Foundation and shared configuration","None","Investigate","External dependency must be validated for necessity, licensing, and target availability.","Required","Not required","True"
"MissingDependency","Aktive Verträge","{4a63c8d1-6c1e-48ec-9db4-3e6c7155334c}","Other/Solution.xml","Foundation and shared configuration","None","Investigate","External dependency must be validated for necessity, licensing, and target availability.","Required","Not required","True"
"MissingDependency","blockedprofile","{4a63c8d1-6c1e-48ec-9db4-3e6c7155334c}","Other/Solution.xml","Foundation and shared configuration","None","Investigate","External dependency must be validated for necessity, licensing, and target availability.","Required","Not required","True"
"MissingDependency","caseorigincode","{4a63c8d1-6c1e-48ec-9db4-3e6c7155334c}","Other/Solution.xml","Foundation and shared configuration","None","Investigate","External dependency must be validated for necessity, licensing, and target availability.","Required","Not required","True"
"MissingDependency","casetypecode","{4a63c8d1-6c1e-48ec-9db4-3e6c7155334c}","Other/Solution.xml","Foundation and shared configuration","None","Investigate","External dependency must be validated for necessity, licensing, and target availability.","Required","Not required","True"
"MissingDependency","contract","{4a63c8d1-6c1e-48ec-9db4-3e6c7155334c}","Other/Solution.xml","Foundation and shared configuration","None","Investigate","External dependency must be validated for necessity, licensing, and target availability.","Required","Not required","True"
"MissingDependency","contractdetailid","{4a63c8d1-6c1e-48ec-9db4-3e6c7155334c}","Other/Solution.xml","Foundation and shared configuration","None","Investigate","External dependency must be validated for necessity, licensing, and target availability.","Required","Not required","True"
"MissingDependency","contractid","{4a63c8d1-6c1e-48ec-9db4-3e6c7155334c}","Other/Solution.xml","Foundation and shared configuration","None","Investigate","External dependency must be validated for necessity, licensing, and target availability.","Required","Not required","True"
"MissingDependency","contractservicelevelcode","{4a63c8d1-6c1e-48ec-9db4-3e6c7155334c}","Other/Solution.xml","Foundation and shared configuration","None","Investigate","External dependency must be validated for necessity, licensing, and target availability.","Required","Not required","True"
"MissingDependency","createdon","{4a63c8d1-6c1e-48ec-9db4-3e6c7155334c}","Other/Solution.xml","Foundation and shared configuration","None","Investigate","External dependency must be validated for necessity, licensing, and target availability.","Required","Not required","True"
"MissingDependency","customerid","{4a63c8d1-6c1e-48ec-9db4-3e6c7155334c}","Other/Solution.xml","Foundation and shared configuration","None","Investigate","External dependency must be validated for necessity, licensing, and target availability.","Required","Not required","True"
"MissingDependency","description","{4a63c8d1-6c1e-48ec-9db4-3e6c7155334c}","Other/Solution.xml","Foundation and shared configuration","None","Investigate","External dependency must be validated for necessity, licensing, and target availability.","Required","Not required","True"
"MissingDependency","entitlementid","{4a63c8d1-6c1e-48ec-9db4-3e6c7155334c}","Other/Solution.xml","Foundation and shared configuration","None","Investigate","External dependency must be validated for necessity, licensing, and target availability.","Required","Not required","True"
"MissingDependency","escalatedon","{4a63c8d1-6c1e-48ec-9db4-3e6c7155334c}","Other/Solution.xml","Foundation and shared configuration","None","Investigate","External dependency must be validated for necessity, licensing, and target availability.","Required","Not required","True"
"MissingDependency","firstresponsebykpiid","{4a63c8d1-6c1e-48ec-9db4-3e6c7155334c}","Other/Solution.xml","Foundation and shared configuration","None","Investigate","External dependency must be validated for necessity, licensing, and target availability.","Required","Not required","True"
"MissingDependency","firstresponsesent","{4a63c8d1-6c1e-48ec-9db4-3e6c7155334c}","Other/Solution.xml","Foundation and shared configuration","None","Investigate","External dependency must be validated for necessity, licensing, and target availability.","Required","Not required","True"
"MissingDependency","followupby","{4a63c8d1-6c1e-48ec-9db4-3e6c7155334c}","Other/Solution.xml","Foundation and shared configuration","None","Investigate","External dependency must be validated for necessity, licensing, and target availability.","Required","Not required","True"
"MissingDependency","Gültige Berechtigungen für Anfragen","{4a63c8d1-6c1e-48ec-9db4-3e6c7155334c}","Other/Solution.xml","Foundation and shared configuration","None","Investigate","External dependency must be validated for necessity, licensing, and target availability.","Required","Not required","True"
"MissingDependency","incidentid","{4a63c8d1-6c1e-48ec-9db4-3e6c7155334c}","Other/Solution.xml","Foundation and shared configuration","None","Investigate","External dependency must be validated for necessity, licensing, and target availability.","Required","Not required","True"
"MissingDependency","influencescore","{4a63c8d1-6c1e-48ec-9db4-3e6c7155334c}","Other/Solution.xml","Foundation and shared configuration","None","Investigate","External dependency must be validated for necessity, licensing, and target availability.","Required","Not required","True"
"MissingDependency","isescalated","{4a63c8d1-6c1e-48ec-9db4-3e6c7155334c}","Other/Solution.xml","Foundation and shared configuration","None","Investigate","External dependency must be validated for necessity, licensing, and target availability.","Required","Not required","True"
"MissingDependency","kbarticleid","{4a63c8d1-6c1e-48ec-9db4-3e6c7155334c}","Other/Solution.xml","Foundation and shared configuration","None","Investigate","External dependency must be validated for necessity, licensing, and target availability.","Required","Not required","True"
"MissingDependency","knowledgearticleincident","{4a63c8d1-6c1e-48ec-9db4-3e6c7155334c}","Other/Solution.xml","Foundation and shared configuration","None","Investigate","External dependency must be validated for necessity, licensing, and target availability.","Required","Not required","True"
"MissingDependency","messagetypecode","{4a63c8d1-6c1e-48ec-9db4-3e6c7155334c}","Other/Solution.xml","Foundation and shared configuration","None","Investigate","External dependency must be validated for necessity, licensing, and target availability.","Required","Not required","True"
"MissingDependency","MscrmControls.CSIntelligence.CopilotCaseSummaryControl","{4a63c8d1-6c1e-48ec-9db4-3e6c7155334c}","Other/Solution.xml","Foundation and shared configuration","None","Investigate","External dependency must be validated for necessity, licensing, and target availability.","Required","Not required","True"
"MissingDependency","MscrmControls.DeviceInsights.DeviceInsightsControl","{4a63c8d1-6c1e-48ec-9db4-3e6c7155334c}","Other/Solution.xml","Foundation and shared configuration","None","Investigate","External dependency must be validated for necessity, licensing, and target availability.","Required","Not required","True"
"MissingDependency","msdyn_/Case/Case.Library.js","{4a63c8d1-6c1e-48ec-9db4-3e6c7155334c}","Other/Solution.xml","Foundation and shared configuration","None","Investigate","External dependency must be validated for necessity, licensing, and target availability.","Required","Not required","True"
"MissingDependency","msdyn_/CFS/Case/CaseForm.js","{4a63c8d1-6c1e-48ec-9db4-3e6c7155334c}","Other/Solution.xml","Foundation and shared configuration","None","Investigate","External dependency must be validated for necessity, licensing, and target availability.","Required","Not required","True"
"MissingDependency","msdyn_/CFS/Utils/RibbonUtils.js","{4a63c8d1-6c1e-48ec-9db4-3e6c7155334c}","Other/Solution.xml","Foundation and shared configuration","None","Investigate","External dependency must be validated for necessity, licensing, and target availability.","Required","Not required","True"
"MissingDependency","msdyn_CopilotCaseSummaryLibrary.js","{4a63c8d1-6c1e-48ec-9db4-3e6c7155334c}","Other/Solution.xml","Foundation and shared configuration","None","Investigate","External dependency must be validated for necessity, licensing, and target availability.","Required","Not required","True"
"MissingDependency","msdyn_functionallocation","{4a63c8d1-6c1e-48ec-9db4-3e6c7155334c}","Other/Solution.xml","Foundation and shared configuration","None","Investigate","External dependency must be validated for necessity, licensing, and target availability.","Required","Not required","True"
"MissingDependency","msdyn_incident_msdyn_workorder_ServiceRequest","{4a63c8d1-6c1e-48ec-9db4-3e6c7155334c}","Other/Solution.xml","Foundation and shared configuration","None","Investigate","External dependency must be validated for necessity, licensing, and target availability.","Required","Not required","True"
"MissingDependency","msdyn_incidenttype","{4a63c8d1-6c1e-48ec-9db4-3e6c7155334c}","Other/Solution.xml","Foundation and shared configuration","None","Investigate","External dependency must be validated for necessity, licensing, and target availability.","Required","Not required","True"
"MissingDependency","msdyn_iotalert","{4a63c8d1-6c1e-48ec-9db4-3e6c7155334c}","Other/Solution.xml","Foundation and shared configuration","None","Investigate","External dependency must be validated for necessity, licensing, and target availability.","Required","Not required","True"
"MissingDependency","msdyn_msdyn_functionallocation_incident_FunctionalLocation","{4a63c8d1-6c1e-48ec-9db4-3e6c7155334c}","Other/Solution.xml","Foundation and shared configuration","None","Investigate","External dependency must be validated for necessity, licensing, and target availability.","Required","Not required","True"
"MissingDependency","msdyn_msdyn_incidenttype_incident_IncidentType","{4a63c8d1-6c1e-48ec-9db4-3e6c7155334c}","Other/Solution.xml","Foundation and shared configuration","None","Investigate","External dependency must be validated for necessity, licensing, and target availability.","Required","Not required","True"
"MissingDependency","msdyn_msdyn_iotalert_incident_IoTAlert","{4a63c8d1-6c1e-48ec-9db4-3e6c7155334c}","Other/Solution.xml","Foundation and shared configuration","None","Investigate","External dependency must be validated for necessity, licensing, and target availability.","Required","Not required","True"
"MissingDependency","ownerid","{4a63c8d1-6c1e-48ec-9db4-3e6c7155334c}","Other/Solution.xml","Foundation and shared configuration","None","Investigate","External dependency must be validated for necessity, licensing, and target availability.","Required","Not required","True"
"MissingDependency","parentcaseid","{4a63c8d1-6c1e-48ec-9db4-3e6c7155334c}","Other/Solution.xml","Foundation and shared configuration","None","Investigate","External dependency must be validated for necessity, licensing, and target availability.","Required","Not required","True"
"MissingDependency","primarycontactid","{4a63c8d1-6c1e-48ec-9db4-3e6c7155334c}","Other/Solution.xml","Foundation and shared configuration","None","Investigate","External dependency must be validated for necessity, licensing, and target availability.","Required","Not required","True"
"MissingDependency","prioritycode","{4a63c8d1-6c1e-48ec-9db4-3e6c7155334c}","Other/Solution.xml","Foundation and shared configuration","None","Investigate","External dependency must be validated for necessity, licensing, and target availability.","Required","Not required","True"
"MissingDependency","productid","{4a63c8d1-6c1e-48ec-9db4-3e6c7155334c}","Other/Solution.xml","Foundation and shared configuration","None","Investigate","External dependency must be validated for necessity, licensing, and target availability.","Required","Not required","True"
"MissingDependency","productserialnumber","{4a63c8d1-6c1e-48ec-9db4-3e6c7155334c}","Other/Solution.xml","Foundation and shared configuration","None","Investigate","External dependency must be validated for necessity, licensing, and target availability.","Required","Not required","True"
"MissingDependency","resolveby","{4a63c8d1-6c1e-48ec-9db4-3e6c7155334c}","Other/Solution.xml","Foundation and shared configuration","None","Investigate","External dependency must be validated for necessity, licensing, and target availability.","Required","Not required","True"
"MissingDependency","resolvebykpiid","{4a63c8d1-6c1e-48ec-9db4-3e6c7155334c}","Other/Solution.xml","Foundation and shared configuration","None","Investigate","External dependency must be validated for necessity, licensing, and target availability.","Required","Not required","True"
"MissingDependency","responseby","{4a63c8d1-6c1e-48ec-9db4-3e6c7155334c}","Other/Solution.xml","Foundation and shared configuration","None","Investigate","External dependency must be validated for necessity, licensing, and target availability.","Required","Not required","True"
"MissingDependency","sentimentvalue","{4a63c8d1-6c1e-48ec-9db4-3e6c7155334c}","Other/Solution.xml","Foundation and shared configuration","None","Investigate","External dependency must be validated for necessity, licensing, and target availability.","Required","Not required","True"
"MissingDependency","socialprofileid","{4a63c8d1-6c1e-48ec-9db4-3e6c7155334c}","Other/Solution.xml","Foundation and shared configuration","None","Investigate","External dependency must be validated for necessity, licensing, and target availability.","Required","Not required","True"
"MissingDependency","statuscode","{4a63c8d1-6c1e-48ec-9db4-3e6c7155334c}","Other/Solution.xml","Foundation and shared configuration","None","Investigate","External dependency must be validated for necessity, licensing, and target availability.","Required","Not required","True"
"MissingDependency","subjectid","{4a63c8d1-6c1e-48ec-9db4-3e6c7155334c}","Other/Solution.xml","Foundation and shared configuration","None","Investigate","External dependency must be validated for necessity, licensing, and target availability.","Required","Not required","True"
"MissingDependency","Suchansicht für aktive Produkte","{4a63c8d1-6c1e-48ec-9db4-3e6c7155334c}","Other/Solution.xml","Foundation and shared configuration","None","Investigate","External dependency must be validated for necessity, licensing, and target availability.","Required","Not required","True"
"MissingDependency","ticketnumber","{4a63c8d1-6c1e-48ec-9db4-3e6c7155334c}","Other/Solution.xml","Foundation and shared configuration","None","Investigate","External dependency must be validated for necessity, licensing, and target availability.","Required","Not required","True"
"MissingDependency","title","{4a63c8d1-6c1e-48ec-9db4-3e6c7155334c}","Other/Solution.xml","Foundation and shared configuration","None","Investigate","External dependency must be validated for necessity, licensing, and target availability.","Required","Not required","True"
"MissingDependency","traversedpath","{4a63c8d1-6c1e-48ec-9db4-3e6c7155334c}","Other/Solution.xml","Foundation and shared configuration","None","Investigate","External dependency must be validated for necessity, licensing, and target availability.","Required","Not required","True"
"MissingDependency","Vertragszeile mit Zuteilungen","{4a63c8d1-6c1e-48ec-9db4-3e6c7155334c}","Other/Solution.xml","Foundation and shared configuration","None","Investigate","External dependency must be validated for necessity, licensing, and target availability.","Required","Not required","True"
"MissingDependency","Zugeordnete Anfragen","{4a63c8d1-6c1e-48ec-9db4-3e6c7155334c}","Other/Solution.xml","Foundation and shared configuration","None","Investigate","External dependency must be validated for necessity, licensing, and target availability.","Required","Not required","True"
"MissingDependency","Zugeordnete Wissensdatensatz-Ansichten","{4a63c8d1-6c1e-48ec-9db4-3e6c7155334c}","Other/Solution.xml","Foundation and shared configuration","None","Investigate","External dependency must be validated for necessity, licensing, and target availability.","Required","Not required","True"
"MissingDependency","{5fe86453-73ea-4821-b6dd-ddc06e1755a1}","{5fe86453-73ea-4821-b6dd-ddc06e1755a1}","Other/Solution.xml","Foundation and shared configuration","None","Investigate","External dependency must be validated for necessity, licensing, and target availability.","Required","Not required","True"
"MissingDependency","cr7e8_name","{718c41cf-1d7e-4bfd-a9a0-c7a6695af599}","Other/Solution.xml","Foundation and shared configuration","None","Investigate","External dependency must be validated for necessity, licensing, and target availability.","Required","Not required","True"
"MissingDependency","ownerid","{718c41cf-1d7e-4bfd-a9a0-c7a6695af599}","Other/Solution.xml","Foundation and shared configuration","None","Investigate","External dependency must be validated for necessity, licensing, and target availability.","Required","Not required","True"
"MissingDependency","{29de27bc-a257-4f29-99cf-bab4a84e688f}","{8448b78f-8f42-454e-8e2a-f8196b0419af}","Other/Solution.xml","Foundation and shared configuration","None","Investigate","External dependency must be validated for necessity, licensing, and target availability.","Required","Not required","True"
"MissingDependency","{8448b78f-8f42-454e-8e2a-f8196b0419af}","{8448b78f-8f42-454e-8e2a-f8196b0419af}","Other/Solution.xml","Foundation and shared configuration","None","Investigate","External dependency must be validated for necessity, licensing, and target availability.","Required","Not required","True"
"MissingDependency","Active Work Orders By Type","{8448b78f-8f42-454e-8e2a-f8196b0419af}","Other/Solution.xml","Foundation and shared configuration","None","Investigate","External dependency must be validated for necessity, licensing, and target availability.","Required","Not required","True"
"MissingDependency","adx_account_created_by_portal_contact","{8448b78f-8f42-454e-8e2a-f8196b0419af}","Other/Solution.xml","Foundation and shared configuration","None","Investigate","External dependency must be validated for necessity, licensing, and target availability.","Required","Not required","True"
"MissingDependency","adx_activeopportunitycount","{8448b78f-8f42-454e-8e2a-f8196b0419af}","Other/Solution.xml","Foundation and shared configuration","None","Investigate","External dependency must be validated for necessity, licensing, and target availability.","Required","Not required","True"
"MissingDependency","adx_averagetimetocloseanopportunity","{8448b78f-8f42-454e-8e2a-f8196b0419af}","Other/Solution.xml","Foundation and shared configuration","None","Investigate","External dependency must be validated for necessity, licensing, and target availability.","Required","Not required","True"
"MissingDependency","adx_createdbyportalcontactid","{8448b78f-8f42-454e-8e2a-f8196b0419af}","Other/Solution.xml","Foundation and shared configuration","None","Investigate","External dependency must be validated for necessity, licensing, and target availability.","Required","Not required","True"
"MissingDependency","adx_currentpartnercapacity","{8448b78f-8f42-454e-8e2a-f8196b0419af}","Other/Solution.xml","Foundation and shared configuration","None","Investigate","External dependency must be validated for necessity, licensing, and target availability.","Required","Not required","True"
"MissingDependency","adx_feedbackrate","{8448b78f-8f42-454e-8e2a-f8196b0419af}","Other/Solution.xml","Foundation and shared configuration","None","Investigate","External dependency must be validated for necessity, licensing, and target availability.","Required","Not required","True"
"MissingDependency","adx_lossrate","{8448b78f-8f42-454e-8e2a-f8196b0419af}","Other/Solution.xml","Foundation and shared configuration","None","Investigate","External dependency must be validated for necessity, licensing, and target availability.","Required","Not required","True"
"MissingDependency","adx_maximumopportunityrevenue","{8448b78f-8f42-454e-8e2a-f8196b0419af}","Other/Solution.xml","Foundation and shared configuration","None","Investigate","External dependency must be validated for necessity, licensing, and target availability.","Required","Not required","True"
"MissingDependency","adx_minimumopportunityrevenue","{8448b78f-8f42-454e-8e2a-f8196b0419af}","Other/Solution.xml","Foundation and shared configuration","None","Investigate","External dependency must be validated for necessity, licensing, and target availability.","Required","Not required","True"
"MissingDependency","adx_numberofopportunitiesaccepted","{8448b78f-8f42-454e-8e2a-f8196b0419af}","Other/Solution.xml","Foundation and shared configuration","None","Investigate","External dependency must be validated for necessity, licensing, and target availability.","Required","Not required","True"
"MissingDependency","adx_numberofopportunitiesdeclined","{8448b78f-8f42-454e-8e2a-f8196b0419af}","Other/Solution.xml","Foundation and shared configuration","None","Investigate","External dependency must be validated for necessity, licensing, and target availability.","Required","Not required","True"
"MissingDependency","adx_numberofopportunitiesdelivered","{8448b78f-8f42-454e-8e2a-f8196b0419af}","Other/Solution.xml","Foundation and shared configuration","None","Investigate","External dependency must be validated for necessity, licensing, and target availability.","Required","Not required","True"
"MissingDependency","adx_numberofopportunitieswithfeedback","{8448b78f-8f42-454e-8e2a-f8196b0419af}","Other/Solution.xml","Foundation and shared configuration","None","Investigate","External dependency must be validated for necessity, licensing, and target availability.","Required","Not required","True"
"MissingDependency","adx_numberofopportunitieswon","{8448b78f-8f42-454e-8e2a-f8196b0419af}","Other/Solution.xml","Foundation and shared configuration","None","Investigate","External dependency must be validated for necessity, licensing, and target availability.","Required","Not required","True"
"MissingDependency","adx_numberofreturnedopportunities","{8448b78f-8f42-454e-8e2a-f8196b0419af}","Other/Solution.xml","Foundation and shared configuration","None","Investigate","External dependency must be validated for necessity, licensing, and target availability.","Required","Not required","True"
"MissingDependency","adx_partner_status","{8448b78f-8f42-454e-8e2a-f8196b0419af}","Other/Solution.xml","Foundation and shared configuration","None","Investigate","External dependency must be validated for necessity, licensing, and target availability.","Required","Not required","True"
"MissingDependency","adx_partnerhascapacity","{8448b78f-8f42-454e-8e2a-f8196b0419af}","Other/Solution.xml","Foundation and shared configuration","None","Investigate","External dependency must be validated for necessity, licensing, and target availability.","Required","Not required","True"
"MissingDependency","adx_partnerprogram_enddate","{8448b78f-8f42-454e-8e2a-f8196b0419af}","Other/Solution.xml","Foundation and shared configuration","None","Investigate","External dependency must be validated for necessity, licensing, and target availability.","Required","Not required","True"
"MissingDependency","adx_partnerprogram_startdate","{8448b78f-8f42-454e-8e2a-f8196b0419af}","Other/Solution.xml","Foundation and shared configuration","None","Investigate","External dependency must be validated for necessity, licensing, and target availability.","Required","Not required","True"
"MissingDependency","adx_partnerprogram_status","{8448b78f-8f42-454e-8e2a-f8196b0419af}","Other/Solution.xml","Foundation and shared configuration","None","Investigate","External dependency must be validated for necessity, licensing, and target availability.","Required","Not required","True"
"MissingDependency","adx_partnerranking","{8448b78f-8f42-454e-8e2a-f8196b0419af}","Other/Solution.xml","Foundation and shared configuration","None","Investigate","External dependency must be validated for necessity, licensing, and target availability.","Required","Not required","True"
"MissingDependency","adx_returnrate","{8448b78f-8f42-454e-8e2a-f8196b0419af}","Other/Solution.xml","Foundation and shared configuration","None","Investigate","External dependency must be validated for necessity, licensing, and target availability.","Required","Not required","True"
"MissingDependency","adx_stallrate","{8448b78f-8f42-454e-8e2a-f8196b0419af}","Other/Solution.xml","Foundation and shared configuration","None","Investigate","External dependency must be validated for necessity, licensing, and target availability.","Required","Not required","True"
"MissingDependency","adx_touchrate","{8448b78f-8f42-454e-8e2a-f8196b0419af}","Other/Solution.xml","Foundation and shared configuration","None","Investigate","External dependency must be validated for necessity, licensing, and target availability.","Required","Not required","True"
"MissingDependency","adx_winrate","{8448b78f-8f42-454e-8e2a-f8196b0419af}","Other/Solution.xml","Foundation and shared configuration","None","Investigate","External dependency must be validated for necessity, licensing, and target availability.","Required","Not required","True"
"MissingDependency","Aktive Arbeitsaufträge","{8448b78f-8f42-454e-8e2a-f8196b0419af}","Other/Solution.xml","Foundation and shared configuration","None","Investigate","External dependency must be validated for necessity, licensing, and target availability.","Required","Not required","True"
"MissingDependency","Aktive Facharbeitsabdeckungen","{8448b78f-8f42-454e-8e2a-f8196b0419af}","Other/Solution.xml","Foundation and shared configuration","None","Investigate","External dependency must be validated for necessity, licensing, and target availability.","Required","Not required","True"
"MissingDependency","Aktive Garantien","{8448b78f-8f42-454e-8e2a-f8196b0419af}","Other/Solution.xml","Foundation and shared configuration","None","Investigate","External dependency must be validated for necessity, licensing, and target availability.","Required","Not required","True"
"MissingDependency","Aktive Versicherung","{8448b78f-8f42-454e-8e2a-f8196b0419af}","Other/Solution.xml","Foundation and shared configuration","None","Investigate","External dependency must be validated for necessity, licensing, and target availability.","Required","Not required","True"
"MissingDependency","defaultpricelevelid","{8448b78f-8f42-454e-8e2a-f8196b0419af}","Other/Solution.xml","Foundation and shared configuration","None","Investigate","External dependency must be validated for necessity, licensing, and target availability.","Required","Not required","True"
"MissingDependency","Facharbeitsabdeckungen für das Konto","{8448b78f-8f42-454e-8e2a-f8196b0419af}","Other/Solution.xml","Foundation and shared configuration","None","Investigate","External dependency must be validated for necessity, licensing, and target availability.","Required","Not required","True"
"MissingDependency","Inaktiv Versicherung","{8448b78f-8f42-454e-8e2a-f8196b0419af}","Other/Solution.xml","Foundation and shared configuration","None","Investigate","External dependency must be validated for necessity, licensing, and target availability.","Required","Not required","True"
"MissingDependency","Inaktive Facharbeitsabdeckungen","{8448b78f-8f42-454e-8e2a-f8196b0419af}","Other/Solution.xml","Foundation and shared configuration","None","Investigate","External dependency must be validated for necessity, licensing, and target availability.","Required","Not required","True"
"MissingDependency","LinkedInIntegration/Common/msdyn_LinkedInIntegrationCommon.js","{8448b78f-8f42-454e-8e2a-f8196b0419af}","Other/Solution.xml","Foundation and shared configuration","None","Investigate","External dependency must be validated for necessity, licensing, and target availability.","Required","Not required","True"
"MissingDependency","Microsoft.AddressInputUCI","{8448b78f-8f42-454e-8e2a-f8196b0419af}","Other/Solution.xml","Foundation and shared configuration","None","Investigate","External dependency must be validated for necessity, licensing, and target availability.","Required","Not required","True"
"MissingDependency","msa_account_managingpartner","{8448b78f-8f42-454e-8e2a-f8196b0419af}","Other/Solution.xml","Foundation and shared configuration","None","Investigate","External dependency must be validated for necessity, licensing, and target availability.","Required","Not required","True"
"MissingDependency","msa_managingpartnerid","{8448b78f-8f42-454e-8e2a-f8196b0419af}","Other/Solution.xml","Foundation and shared configuration","None","Investigate","External dependency must be validated for necessity, licensing, and target availability.","Required","Not required","True"
"MissingDependency","MscrmControls.CardFeedContainer.CardFeedContainer","{8448b78f-8f42-454e-8e2a-f8196b0419af}","Other/Solution.xml","Foundation and shared configuration","None","Investigate","External dependency must be validated for necessity, licensing, and target availability.","Required","Not required","True"
"MissingDependency","MscrmControls.InsightsControl.InsightsControl","{8448b78f-8f42-454e-8e2a-f8196b0419af}","Other/Solution.xml","Foundation and shared configuration","None","Investigate","External dependency must be validated for necessity, licensing, and target availability.","Required","Not required","True"
"MissingDependency","MscrmControls.LinkedInIntegration.LinkedInAccountControl","{8448b78f-8f42-454e-8e2a-f8196b0419af}","Other/Solution.xml","Foundation and shared configuration","None","Investigate","External dependency must be validated for necessity, licensing, and target availability.","Required","Not required","True"
"MissingDependency","MscrmControls.LinkedInIntegration.LinkedInLeadLookupControl","{8448b78f-8f42-454e-8e2a-f8196b0419af}","Other/Solution.xml","Foundation and shared configuration","None","Investigate","External dependency must be validated for necessity, licensing, and target availability.","Required","Not required","True"
"MissingDependency","msdyn_/Account/Account.Library.js","{8448b78f-8f42-454e-8e2a-f8196b0419af}","Other/Solution.xml","Foundation and shared configuration","None","Investigate","External dependency must be validated for necessity, licensing, and target availability.","Required","Not required","True"
"MissingDependency","msdyn_/Account/AssetCommon.Account.Library.js","{8448b78f-8f42-454e-8e2a-f8196b0419af}","Other/Solution.xml","Foundation and shared configuration","None","Investigate","External dependency must be validated for necessity, licensing, and target availability.","Required","Not required","True"
"MissingDependency","msdyn_/Utils/FieldServiceTrial.js","{8448b78f-8f42-454e-8e2a-f8196b0419af}","Other/Solution.xml","Foundation and shared configuration","None","Investigate","External dependency must be validated for necessity, licensing, and target availability.","Required","Not required","True"
"MissingDependency","msdyn_account_account_BillingAccount","{8448b78f-8f42-454e-8e2a-f8196b0419af}","Other/Solution.xml","Foundation and shared configuration","None","Investigate","External dependency must be validated for necessity, licensing, and target availability.","Required","Not required","True"
"MissingDependency","msdyn_account_msdyn_agreement_BillingAccount","{8448b78f-8f42-454e-8e2a-f8196b0419af}","Other/Solution.xml","Foundation and shared configuration","None","Investigate","External dependency must be validated for necessity, licensing, and target availability.","Required","Not required","True"
"MissingDependency","msdyn_account_msdyn_agreement_ServiceAccount","{8448b78f-8f42-454e-8e2a-f8196b0419af}","Other/Solution.xml","Foundation and shared configuration","None","Investigate","External dependency must be validated for necessity, licensing, and target availability.","Required","Not required","True"
"MissingDependency","msdyn_account_msdyn_customerasset_Account","{8448b78f-8f42-454e-8e2a-f8196b0419af}","Other/Solution.xml","Foundation and shared configuration","None","Investigate","External dependency must be validated for necessity, licensing, and target availability.","Required","Not required","True"
"MissingDependency","msdyn_account_msdyn_insurance_InsuranceCarrier","{8448b78f-8f42-454e-8e2a-f8196b0419af}","Other/Solution.xml","Foundation and shared configuration","None","Investigate","External dependency must be validated for necessity, licensing, and target availability.","Required","Not required","True"
"MissingDependency","msdyn_account_msdyn_payment_Account","{8448b78f-8f42-454e-8e2a-f8196b0419af}","Other/Solution.xml","Foundation and shared configuration","None","Investigate","External dependency must be validated for necessity, licensing, and target availability.","Required","Not required","True"
"MissingDependency","msdyn_account_msdyn_purchaseorder_Vendor","{8448b78f-8f42-454e-8e2a-f8196b0419af}","Other/Solution.xml","Foundation and shared configuration","None","Investigate","External dependency must be validated for necessity, licensing, and target availability.","Required","Not required","True"
"MissingDependency","msdyn_account_msdyn_rma_BillingAccount","{8448b78f-8f42-454e-8e2a-f8196b0419af}","Other/Solution.xml","Foundation and shared configuration","None","Investigate","External dependency must be validated for necessity, licensing, and target availability.","Required","Not required","True"
"MissingDependency","msdyn_account_msdyn_rma_ServiceAccount","{8448b78f-8f42-454e-8e2a-f8196b0419af}","Other/Solution.xml","Foundation and shared configuration","None","Investigate","External dependency must be validated for necessity, licensing, and target availability.","Required","Not required","True"
"MissingDependency","msdyn_account_msdyn_rtv_Vendor","{8448b78f-8f42-454e-8e2a-f8196b0419af}","Other/Solution.xml","Foundation and shared configuration","None","Investigate","External dependency must be validated for necessity, licensing, and target availability.","Required","Not required","True"
"MissingDependency","msdyn_account_msdyn_tradecoverage_Account","{8448b78f-8f42-454e-8e2a-f8196b0419af}","Other/Solution.xml","Foundation and shared configuration","None","Investigate","External dependency must be validated for necessity, licensing, and target availability.","Required","Not required","True"
"MissingDependency","msdyn_account_msdyn_warranty_WarrantyHolder","{8448b78f-8f42-454e-8e2a-f8196b0419af}","Other/Solution.xml","Foundation and shared configuration","None","Investigate","External dependency must be validated for necessity, licensing, and target availability.","Required","Not required","True"
"MissingDependency","msdyn_account_msdyn_warranty_WarrantyProvider","{8448b78f-8f42-454e-8e2a-f8196b0419af}","Other/Solution.xml","Foundation and shared configuration","None","Investigate","External dependency must be validated for necessity, licensing, and target availability.","Required","Not required","True"
"MissingDependency","msdyn_account_msdyn_workorder_BillingAccount","{8448b78f-8f42-454e-8e2a-f8196b0419af}","Other/Solution.xml","Foundation and shared configuration","None","Investigate","External dependency must be validated for necessity, licensing, and target availability.","Required","Not required","True"
"MissingDependency","msdyn_account_msdyn_workorder_ServiceAccount","{8448b78f-8f42-454e-8e2a-f8196b0419af}","Other/Solution.xml","Foundation and shared configuration","None","Investigate","External dependency must be validated for necessity, licensing, and target availability.","Required","Not required","True"
"MissingDependency","msdyn_billingaccount","{8448b78f-8f42-454e-8e2a-f8196b0419af}","Other/Solution.xml","Foundation and shared configuration","None","Investigate","External dependency must be validated for necessity, licensing, and target availability.","Required","Not required","True"
"MissingDependency","msdyn_insurance","{8448b78f-8f42-454e-8e2a-f8196b0419af}","Other/Solution.xml","Foundation and shared configuration","None","Investigate","External dependency must be validated for necessity, licensing, and target availability.","Required","Not required","True"
"MissingDependency","msdyn_MscrmControls.TreeView.TreeViewControl","{8448b78f-8f42-454e-8e2a-f8196b0419af}","Other/Solution.xml","Foundation and shared configuration","None","Investigate","External dependency must be validated for necessity, licensing, and target availability.","Required","Not required","True"
"MissingDependency","msdyn_msdyn_insurance_PolicyHolder_account","{8448b78f-8f42-454e-8e2a-f8196b0419af}","Other/Solution.xml","Foundation and shared configuration","None","Investigate","External dependency must be validated for necessity, licensing, and target availability.","Required","Not required","True"
"MissingDependency","msdyn_msdyn_taxcode_account_SalesTaxCode","{8448b78f-8f42-454e-8e2a-f8196b0419af}","Other/Solution.xml","Foundation and shared configuration","None","Investigate","External dependency must be validated for necessity, licensing, and target availability.","Required","Not required","True"
"MissingDependency","msdyn_msdyn_warranty_account","{8448b78f-8f42-454e-8e2a-f8196b0419af}","Other/Solution.xml","Foundation and shared configuration","None","Investigate","External dependency must be validated for necessity, licensing, and target availability.","Required","Not required","True"
"MissingDependency","msdyn_msdyn_workhourtemplate_account_workhourtemplate","{8448b78f-8f42-454e-8e2a-f8196b0419af}","Other/Solution.xml","Foundation and shared configuration","None","Investigate","External dependency must be validated for necessity, licensing, and target availability.","Required","Not required","True"
"MissingDependency","msdyn_primarytimezone","{8448b78f-8f42-454e-8e2a-f8196b0419af}","Other/Solution.xml","Foundation and shared configuration","None","Investigate","External dependency must be validated for necessity, licensing, and target availability.","Required","Not required","True"
"MissingDependency","msdyn_SalesOmniChannel.SalesPhoneNumberControl","{8448b78f-8f42-454e-8e2a-f8196b0419af}","Other/Solution.xml","Foundation and shared configuration","None","Investigate","External dependency must be validated for necessity, licensing, and target availability.","Required","Not required","True"
"MissingDependency","msdyn_SalesOmniChannel/SalesPhoneNumber.Library.js","{8448b78f-8f42-454e-8e2a-f8196b0419af}","Other/Solution.xml","Foundation and shared configuration","None","Investigate","External dependency must be validated for necessity, licensing, and target availability.","Required","Not required","True"
"MissingDependency","msdyn_salestaxcode","{8448b78f-8f42-454e-8e2a-f8196b0419af}","Other/Solution.xml","Foundation and shared configuration","None","Investigate","External dependency must be validated for necessity, licensing, and target availability.","Required","Not required","True"
"MissingDependency","msdyn_serviceterritory","{8448b78f-8f42-454e-8e2a-f8196b0419af}","Other/Solution.xml","Foundation and shared configuration","None","Investigate","External dependency must be validated for necessity, licensing, and target availability.","Required","Not required","True"
"MissingDependency","msdyn_taxexempt","{8448b78f-8f42-454e-8e2a-f8196b0419af}","Other/Solution.xml","Foundation and shared configuration","None","Investigate","External dependency must be validated for necessity, licensing, and target availability.","Required","Not required","True"
"MissingDependency","msdyn_taxexemptnumber","{8448b78f-8f42-454e-8e2a-f8196b0419af}","Other/Solution.xml","Foundation and shared configuration","None","Investigate","External dependency must be validated for necessity, licensing, and target availability.","Required","Not required","True"
"MissingDependency","msdyn_territory_account_ServiceTerritory","{8448b78f-8f42-454e-8e2a-f8196b0419af}","Other/Solution.xml","Foundation and shared configuration","None","Investigate","External dependency must be validated for necessity, licensing, and target availability.","Required","Not required","True"
"MissingDependency","msdyn_tradecoverage","{8448b78f-8f42-454e-8e2a-f8196b0419af}","Other/Solution.xml","Foundation and shared configuration","None","Investigate","External dependency must be validated for necessity, licensing, and target availability.","Required","Not required","True"
"MissingDependency","msdyn_travelcharge","{8448b78f-8f42-454e-8e2a-f8196b0419af}","Other/Solution.xml","Foundation and shared configuration","None","Investigate","External dependency must be validated for necessity, licensing, and target availability.","Required","Not required","True"
"MissingDependency","msdyn_travelchargetype","{8448b78f-8f42-454e-8e2a-f8196b0419af}","Other/Solution.xml","Foundation and shared configuration","None","Investigate","External dependency must be validated for necessity, licensing, and target availability.","Required","Not required","True"
"MissingDependency","msdyn_warranty","{8448b78f-8f42-454e-8e2a-f8196b0419af}","Other/Solution.xml","Foundation and shared configuration","None","Investigate","External dependency must be validated for necessity, licensing, and target availability.","Required","Not required","True"
"MissingDependency","msdyn_workhourtemplate","{8448b78f-8f42-454e-8e2a-f8196b0419af}","Other/Solution.xml","Foundation and shared configuration","None","Investigate","External dependency must be validated for necessity, licensing, and target availability.","Required","Not required","True"
"MissingDependency","msdyn_workorder","{8448b78f-8f42-454e-8e2a-f8196b0419af}","Other/Solution.xml","Foundation and shared configuration","None","Investigate","External dependency must be validated for necessity, licensing, and target availability.","Required","Not required","True"
"MissingDependency","msdyn_workorderinstructions","{8448b78f-8f42-454e-8e2a-f8196b0419af}","Other/Solution.xml","Foundation and shared configuration","None","Investigate","External dependency must be validated for necessity, licensing, and target availability.","Required","Not required","True"
"MissingDependency","msdyncrm_insights_placeholder","{8448b78f-8f42-454e-8e2a-f8196b0419af}","Other/Solution.xml","Foundation and shared configuration","None","Investigate","External dependency must be validated for necessity, licensing, and target availability.","Required","Not required","True"
"MissingDependency","msdyncrm_MarketingCjoFirst.CrmWebResource","{8448b78f-8f42-454e-8e2a-f8196b0419af}","Other/Solution.xml","Foundation and shared configuration","None","Investigate","External dependency must be validated for necessity, licensing, and target availability.","Required","Not required","True"
"MissingDependency","Sales/ClientCommon/Sales_ClientCommon.js","{8448b78f-8f42-454e-8e2a-f8196b0419af}","Other/Solution.xml","Foundation and shared configuration","None","Investigate","External dependency must be validated for necessity, licensing, and target availability.","Required","Not required","True"
"MissingDependency","{2f1b788c-7758-4b98-b9e1-cc35c98acf4d}","{b05c1e9c-94d0-46c1-8968-df49b8f33ec7}","Other/Solution.xml","Foundation and shared configuration","None","Investigate","External dependency must be validated for necessity, licensing, and target availability.","Required","Not required","True"
"MissingDependency","{3dac4d9e-568c-e611-80d4-00155d42a122}","{b05c1e9c-94d0-46c1-8968-df49b8f33ec7}","Other/Solution.xml","Foundation and shared configuration","None","Investigate","External dependency must be validated for necessity, licensing, and target availability.","Required","Not required","True"
"MissingDependency","{4bcb0675-4f4f-4126-a21a-026c3a10ecae}","{b05c1e9c-94d0-46c1-8968-df49b8f33ec7}","Other/Solution.xml","Foundation and shared configuration","None","Investigate","External dependency must be validated for necessity, licensing, and target availability.","Required","Not required","True"
"MissingDependency","{b05c1e9c-94d0-46c1-8968-df49b8f33ec7}","{b05c1e9c-94d0-46c1-8968-df49b8f33ec7}","Other/Solution.xml","Foundation and shared configuration","None","Investigate","External dependency must be validated for necessity, licensing, and target availability.","Required","Not required","True"
"MissingDependency","Aktive Anfragen nach Agent","{b05c1e9c-94d0-46c1-8968-df49b8f33ec7}","Other/Solution.xml","Foundation and shared configuration","None","Investigate","External dependency must be validated for necessity, licensing, and target availability.","Required","Not required","True"
"MissingDependency","caseorigincode","{b05c1e9c-94d0-46c1-8968-df49b8f33ec7}","Other/Solution.xml","Foundation and shared configuration","None","Investigate","External dependency must be validated for necessity, licensing, and target availability.","Required","Not required","True"
"MissingDependency","casetypecode","{b05c1e9c-94d0-46c1-8968-df49b8f33ec7}","Other/Solution.xml","Foundation and shared configuration","None","Investigate","External dependency must be validated for necessity, licensing, and target availability.","Required","Not required","True"
"MissingDependency","createdon","{b05c1e9c-94d0-46c1-8968-df49b8f33ec7}","Other/Solution.xml","Foundation and shared configuration","None","Investigate","External dependency must be validated for necessity, licensing, and target availability.","Required","Not required","True"
"MissingDependency","customerid","{b05c1e9c-94d0-46c1-8968-df49b8f33ec7}","Other/Solution.xml","Foundation and shared configuration","None","Investigate","External dependency must be validated for necessity, licensing, and target availability.","Required","Not required","True"
"MissingDependency","description","{b05c1e9c-94d0-46c1-8968-df49b8f33ec7}","Other/Solution.xml","Foundation and shared configuration","None","Investigate","External dependency must be validated for necessity, licensing, and target availability.","Required","Not required","True"
"MissingDependency","entitlementid","{b05c1e9c-94d0-46c1-8968-df49b8f33ec7}","Other/Solution.xml","Foundation and shared configuration","None","Investigate","External dependency must be validated for necessity, licensing, and target availability.","Required","Not required","True"
"MissingDependency","escalatedon","{b05c1e9c-94d0-46c1-8968-df49b8f33ec7}","Other/Solution.xml","Foundation and shared configuration","None","Investigate","External dependency must be validated for necessity, licensing, and target availability.","Required","Not required","True"
"MissingDependency","Fällige und überfällige Aktivitäten","{b05c1e9c-94d0-46c1-8968-df49b8f33ec7}","Other/Solution.xml","Foundation and shared configuration","None","Investigate","External dependency must be validated for necessity, licensing, and target availability.","Required","Not required","True"
"MissingDependency","firstresponsesent","{b05c1e9c-94d0-46c1-8968-df49b8f33ec7}","Other/Solution.xml","Foundation and shared configuration","None","Investigate","External dependency must be validated for necessity, licensing, and target availability.","Required","Not required","True"
"MissingDependency","followupby","{b05c1e9c-94d0-46c1-8968-df49b8f33ec7}","Other/Solution.xml","Foundation and shared configuration","None","Investigate","External dependency must be validated for necessity, licensing, and target availability.","Required","Not required","True"
"MissingDependency","Gültige Berechtigungen für Anfragen","{b05c1e9c-94d0-46c1-8968-df49b8f33ec7}","Other/Solution.xml","Foundation and shared configuration","None","Investigate","External dependency must be validated for necessity, licensing, and target availability.","Required","Not required","True"
"MissingDependency","incidentid","{b05c1e9c-94d0-46c1-8968-df49b8f33ec7}","Other/Solution.xml","Foundation and shared configuration","None","Investigate","External dependency must be validated for necessity, licensing, and target availability.","Required","Not required","True"
"MissingDependency","isescalated","{b05c1e9c-94d0-46c1-8968-df49b8f33ec7}","Other/Solution.xml","Foundation and shared configuration","None","Investigate","External dependency must be validated for necessity, licensing, and target availability.","Required","Not required","True"
"MissingDependency","knowledgearticleincident","{b05c1e9c-94d0-46c1-8968-df49b8f33ec7}","Other/Solution.xml","Foundation and shared configuration","None","Investigate","External dependency must be validated for necessity, licensing, and target availability.","Required","Not required","True"
"MissingDependency","MscrmControls.CSIntelligence.CopilotCaseSummaryControl","{b05c1e9c-94d0-46c1-8968-df49b8f33ec7}","Other/Solution.xml","Foundation and shared configuration","None","Investigate","External dependency must be validated for necessity, licensing, and target availability.","Required","Not required","True"
"MissingDependency","MscrmControls.CustomerService.DueOpenActivitiesControl","{b05c1e9c-94d0-46c1-8968-df49b8f33ec7}","Other/Solution.xml","Foundation and shared configuration","None","Investigate","External dependency must be validated for necessity, licensing, and target availability.","Required","Not required","True"
"MissingDependency","MscrmControls.CustomerService.SelectionTreeViewControl","{b05c1e9c-94d0-46c1-8968-df49b8f33ec7}","Other/Solution.xml","Foundation and shared configuration","None","Investigate","External dependency must be validated for necessity, licensing, and target availability.","Required","Not required","True"
"MissingDependency","MscrmControls.FieldControls.AttachmentListControl","{b05c1e9c-94d0-46c1-8968-df49b8f33ec7}","Other/Solution.xml","Foundation and shared configuration","None","Investigate","External dependency must be validated for necessity, licensing, and target availability.","Required","Not required","True"
"MissingDependency","MscrmControls.FieldControls.OptionSetWrapper","{b05c1e9c-94d0-46c1-8968-df49b8f33ec7}","Other/Solution.xml","Foundation and shared configuration","None","Investigate","External dependency must be validated for necessity, licensing, and target availability.","Required","Not required","True"
"MissingDependency","MscrmControls.FieldControls.QueueItemControl","{b05c1e9c-94d0-46c1-8968-df49b8f33ec7}","Other/Solution.xml","Foundation and shared configuration","None","Investigate","External dependency must be validated for necessity, licensing, and target availability.","Required","Not required","True"
"MissingDependency","MscrmControls.RichTextEditor.RichTextEditorControl","{b05c1e9c-94d0-46c1-8968-df49b8f33ec7}","Other/Solution.xml","Foundation and shared configuration","None","Investigate","External dependency must be validated for necessity, licensing, and target availability.","Required","Not required","True"
"MissingDependency","msdyn_CopilotCaseSummaryLibrary.js","{b05c1e9c-94d0-46c1-8968-df49b8f33ec7}","Other/Solution.xml","Foundation and shared configuration","None","Investigate","External dependency must be validated for necessity, licensing, and target availability.","Required","Not required","True"
"MissingDependency","msdyn_precreateattachmentsid","{b05c1e9c-94d0-46c1-8968-df49b8f33ec7}","Other/Solution.xml","Foundation and shared configuration","None","Investigate","External dependency must be validated for necessity, licensing, and target availability.","Required","Not required","True"
"MissingDependency","msdyn_swarm","{b05c1e9c-94d0-46c1-8968-df49b8f33ec7}","Other/Solution.xml","Foundation and shared configuration","None","Investigate","External dependency must be validated for necessity, licensing, and target availability.","Required","Not required","True"
"MissingDependency","msdyn_swarm_incident","{b05c1e9c-94d0-46c1-8968-df49b8f33ec7}","Other/Solution.xml","Foundation and shared configuration","None","Investigate","External dependency must be validated for necessity, licensing, and target availability.","Required","Not required","True"
"MissingDependency","ownerid","{b05c1e9c-94d0-46c1-8968-df49b8f33ec7}","Other/Solution.xml","Foundation and shared configuration","None","Investigate","External dependency must be validated for necessity, licensing, and target availability.","Required","Not required","True"
"MissingDependency","parentcaseid","{b05c1e9c-94d0-46c1-8968-df49b8f33ec7}","Other/Solution.xml","Foundation and shared configuration","None","Investigate","External dependency must be validated for necessity, licensing, and target availability.","Required","Not required","True"
"MissingDependency","prioritycode","{b05c1e9c-94d0-46c1-8968-df49b8f33ec7}","Other/Solution.xml","Foundation and shared configuration","None","Investigate","External dependency must be validated for necessity, licensing, and target availability.","Required","Not required","True"
"MissingDependency","productid","{b05c1e9c-94d0-46c1-8968-df49b8f33ec7}","Other/Solution.xml","Foundation and shared configuration","None","Investigate","External dependency must be validated for necessity, licensing, and target availability.","Required","Not required","True"
"MissingDependency","productserialnumber","{b05c1e9c-94d0-46c1-8968-df49b8f33ec7}","Other/Solution.xml","Foundation and shared configuration","None","Investigate","External dependency must be validated for necessity, licensing, and target availability.","Required","Not required","True"
"MissingDependency","resolveby","{b05c1e9c-94d0-46c1-8968-df49b8f33ec7}","Other/Solution.xml","Foundation and shared configuration","None","Investigate","External dependency must be validated for necessity, licensing, and target availability.","Required","Not required","True"
"MissingDependency","responseby","{b05c1e9c-94d0-46c1-8968-df49b8f33ec7}","Other/Solution.xml","Foundation and shared configuration","None","Investigate","External dependency must be validated for necessity, licensing, and target availability.","Required","Not required","True"
"MissingDependency","Service/Incident/Incident_main_system_library.js","{b05c1e9c-94d0-46c1-8968-df49b8f33ec7}","Other/Solution.xml","Foundation and shared configuration","None","Investigate","External dependency must be validated for necessity, licensing, and target availability.","Required","Not required","True"
"MissingDependency","statuscode","{b05c1e9c-94d0-46c1-8968-df49b8f33ec7}","Other/Solution.xml","Foundation and shared configuration","None","Investigate","External dependency must be validated for necessity, licensing, and target availability.","Required","Not required","True"
"MissingDependency","subjectid","{b05c1e9c-94d0-46c1-8968-df49b8f33ec7}","Other/Solution.xml","Foundation and shared configuration","None","Investigate","External dependency must be validated for necessity, licensing, and target availability.","Required","Not required","True"
"MissingDependency","Suchansicht für aktive Produkte","{b05c1e9c-94d0-46c1-8968-df49b8f33ec7}","Other/Solution.xml","Foundation and shared configuration","None","Investigate","External dependency must be validated for necessity, licensing, and target availability.","Required","Not required","True"
"MissingDependency","Swarming/msdyn_Swarming.js","{b05c1e9c-94d0-46c1-8968-df49b8f33ec7}","Other/Solution.xml","Foundation and shared configuration","None","Investigate","External dependency must be validated for necessity, licensing, and target availability.","Required","Not required","True"
"MissingDependency","SwarmingForCS/msdyn_SwarmingForCS.js","{b05c1e9c-94d0-46c1-8968-df49b8f33ec7}","Other/Solution.xml","Foundation and shared configuration","None","Investigate","External dependency must be validated for necessity, licensing, and target availability.","Required","Not required","True"
"MissingDependency","ticketnumber","{b05c1e9c-94d0-46c1-8968-df49b8f33ec7}","Other/Solution.xml","Foundation and shared configuration","None","Investigate","External dependency must be validated for necessity, licensing, and target availability.","Required","Not required","True"
"MissingDependency","title","{b05c1e9c-94d0-46c1-8968-df49b8f33ec7}","Other/Solution.xml","Foundation and shared configuration","None","Investigate","External dependency must be validated for necessity, licensing, and target availability.","Required","Not required","True"
"MissingDependency","traversedpath","{b05c1e9c-94d0-46c1-8968-df49b8f33ec7}","Other/Solution.xml","Foundation and shared configuration","None","Investigate","External dependency must be validated for necessity, licensing, and target availability.","Required","Not required","True"
"MissingDependency","Zugeordnete Anfragen für interaktionsorientiertes Formular","{b05c1e9c-94d0-46c1-8968-df49b8f33ec7}","Other/Solution.xml","Foundation and shared configuration","None","Investigate","External dependency must be validated for necessity, licensing, and target availability.","Required","Not required","True"
"MissingDependency","Zugeordnete Ansicht: Schwarm","{b05c1e9c-94d0-46c1-8968-df49b8f33ec7}","Other/Solution.xml","Foundation and shared configuration","None","Investigate","External dependency must be validated for necessity, licensing, and target availability.","Required","Not required","True"
"MissingDependency","Zugeordnete Wissensdatensatz-Ansichten","{b05c1e9c-94d0-46c1-8968-df49b8f33ec7}","Other/Solution.xml","Foundation and shared configuration","None","Investigate","External dependency must be validated for necessity, licensing, and target availability.","Required","Not required","True"
"MissingDependency","{e1ec2c0c-1744-42fa-a346-fb8237357d0f}","{e1ec2c0c-1744-42fa-a346-fb8237357d0f}","Other/Solution.xml","Foundation and shared configuration","None","Investigate","External dependency must be validated for necessity, licensing, and target availability.","Required","Not required","True"
"MissingDependency","address1_composite","{e1ec2c0c-1744-42fa-a346-fb8237357d0f}","Other/Solution.xml","Foundation and shared configuration","None","Investigate","External dependency must be validated for necessity, licensing, and target availability.","Required","Not required","True"
"MissingDependency","Alle Mitbewerber (Zusammenfassung)","{e1ec2c0c-1744-42fa-a346-fb8237357d0f}","Other/Solution.xml","Foundation and shared configuration","None","Investigate","External dependency must be validated for necessity, licensing, and target availability.","Required","Not required","True"
"MissingDependency","companyname","{e1ec2c0c-1744-42fa-a346-fb8237357d0f}","Other/Solution.xml","Foundation and shared configuration","None","Investigate","External dependency must be validated for necessity, licensing, and target availability.","Required","Not required","True"
"MissingDependency","competitor","{e1ec2c0c-1744-42fa-a346-fb8237357d0f}","Other/Solution.xml","Foundation and shared configuration","None","Investigate","External dependency must be validated for necessity, licensing, and target availability.","Required","Not required","True"
"MissingDependency","description","{e1ec2c0c-1744-42fa-a346-fb8237357d0f}","Other/Solution.xml","Foundation and shared configuration","None","Investigate","External dependency must be validated for necessity, licensing, and target availability.","Required","Not required","True"
"MissingDependency","donotbulkemail","{e1ec2c0c-1744-42fa-a346-fb8237357d0f}","Other/Solution.xml","Foundation and shared configuration","None","Investigate","External dependency must be validated for necessity, licensing, and target availability.","Required","Not required","True"
"MissingDependency","donotemail","{e1ec2c0c-1744-42fa-a346-fb8237357d0f}","Other/Solution.xml","Foundation and shared configuration","None","Investigate","External dependency must be validated for necessity, licensing, and target availability.","Required","Not required","True"
"MissingDependency","donotphone","{e1ec2c0c-1744-42fa-a346-fb8237357d0f}","Other/Solution.xml","Foundation and shared configuration","None","Investigate","External dependency must be validated for necessity, licensing, and target availability.","Required","Not required","True"
"MissingDependency","donotpostalmail","{e1ec2c0c-1744-42fa-a346-fb8237357d0f}","Other/Solution.xml","Foundation and shared configuration","None","Investigate","External dependency must be validated for necessity, licensing, and target availability.","Required","Not required","True"
"MissingDependency","donotsendmm","{e1ec2c0c-1744-42fa-a346-fb8237357d0f}","Other/Solution.xml","Foundation and shared configuration","None","Investigate","External dependency must be validated for necessity, licensing, and target availability.","Required","Not required","True"
"MissingDependency","emailaddress1","{e1ec2c0c-1744-42fa-a346-fb8237357d0f}","Other/Solution.xml","Foundation and shared configuration","None","Investigate","External dependency must be validated for necessity, licensing, and target availability.","Required","Not required","True"
"MissingDependency","firstname","{e1ec2c0c-1744-42fa-a346-fb8237357d0f}","Other/Solution.xml","Foundation and shared configuration","None","Investigate","External dependency must be validated for necessity, licensing, and target availability.","Required","Not required","True"
"MissingDependency","followemail","{e1ec2c0c-1744-42fa-a346-fb8237357d0f}","Other/Solution.xml","Foundation and shared configuration","None","Investigate","External dependency must be validated for necessity, licensing, and target availability.","Required","Not required","True"
"MissingDependency","fullname","{e1ec2c0c-1744-42fa-a346-fb8237357d0f}","Other/Solution.xml","Foundation and shared configuration","None","Investigate","External dependency must be validated for necessity, licensing, and target availability.","Required","Not required","True"
"MissingDependency","industrycode","{e1ec2c0c-1744-42fa-a346-fb8237357d0f}","Other/Solution.xml","Foundation and shared configuration","None","Investigate","External dependency must be validated for necessity, licensing, and target availability.","Required","Not required","True"
"MissingDependency","jobtitle","{e1ec2c0c-1744-42fa-a346-fb8237357d0f}","Other/Solution.xml","Foundation and shared configuration","None","Investigate","External dependency must be validated for necessity, licensing, and target availability.","Required","Not required","True"
"MissingDependency","lastname","{e1ec2c0c-1744-42fa-a346-fb8237357d0f}","Other/Solution.xml","Foundation and shared configuration","None","Investigate","External dependency must be validated for necessity, licensing, and target availability.","Required","Not required","True"
"MissingDependency","lastusedincampaign","{e1ec2c0c-1744-42fa-a346-fb8237357d0f}","Other/Solution.xml","Foundation and shared configuration","None","Investigate","External dependency must be validated for necessity, licensing, and target availability.","Required","Not required","True"
"MissingDependency","leadqualitycode","{e1ec2c0c-1744-42fa-a346-fb8237357d0f}","Other/Solution.xml","Foundation and shared configuration","None","Investigate","External dependency must be validated for necessity, licensing, and target availability.","Required","Not required","True"
"MissingDependency","leadsourcecode","{e1ec2c0c-1744-42fa-a346-fb8237357d0f}","Other/Solution.xml","Foundation and shared configuration","None","Investigate","External dependency must be validated for necessity, licensing, and target availability.","Required","Not required","True"
"MissingDependency","LinkedInIntegration/Common/msdyn_LinkedInIntegrationCommon.js","{e1ec2c0c-1744-42fa-a346-fb8237357d0f}","Other/Solution.xml","Foundation and shared configuration","None","Investigate","External dependency must be validated for necessity, licensing, and target availability.","Required","Not required","True"
"MissingDependency","mobilephone","{e1ec2c0c-1744-42fa-a346-fb8237357d0f}","Other/Solution.xml","Foundation and shared configuration","None","Investigate","External dependency must be validated for necessity, licensing, and target availability.","Required","Not required","True"
"MissingDependency","MscrmControls.AcceleratedSales.CadenceWidgetControl","{e1ec2c0c-1744-42fa-a346-fb8237357d0f}","Other/Solution.xml","Foundation and shared configuration","None","Investigate","External dependency must be validated for necessity, licensing, and target availability.","Required","Not required","True"
"MissingDependency","MscrmControls.CardFeedContainer.CardFeedContainer","{e1ec2c0c-1744-42fa-a346-fb8237357d0f}","Other/Solution.xml","Foundation and shared configuration","None","Investigate","External dependency must be validated for necessity, licensing, and target availability.","Required","Not required","True"
"MissingDependency","MscrmControls.LeadHygiene.ValidatedFieldControl","{e1ec2c0c-1744-42fa-a346-fb8237357d0f}","Other/Solution.xml","Foundation and shared configuration","None","Investigate","External dependency must be validated for necessity, licensing, and target availability.","Required","Not required","True"
"MissingDependency","MscrmControls.LinkedInIntegration.LinkedInAccountControl","{e1ec2c0c-1744-42fa-a346-fb8237357d0f}","Other/Solution.xml","Foundation and shared configuration","None","Investigate","External dependency must be validated for necessity, licensing, and target availability.","Required","Not required","True"
"MissingDependency","MscrmControls.LinkedInIntegration.LinkedInLeadControl","{e1ec2c0c-1744-42fa-a346-fb8237357d0f}","Other/Solution.xml","Foundation and shared configuration","None","Investigate","External dependency must be validated for necessity, licensing, and target availability.","Required","Not required","True"
"MissingDependency","MscrmControls.RAContainer.RAControl","{e1ec2c0c-1744-42fa-a346-fb8237357d0f}","Other/Solution.xml","Foundation and shared configuration","None","Investigate","External dependency must be validated for necessity, licensing, and target availability.","Required","Not required","True"
"MissingDependency","MscrmControls.RAContainer.RAControlv2","{e1ec2c0c-1744-42fa-a346-fb8237357d0f}","Other/Solution.xml","Foundation and shared configuration","None","Investigate","External dependency must be validated for necessity, licensing, and target availability.","Required","Not required","True"
"MissingDependency","MscrmControls.Sales.PredictiveScoringWidget.PredictiveScoringWidget","{e1ec2c0c-1744-42fa-a346-fb8237357d0f}","Other/Solution.xml","Foundation and shared configuration","None","Investigate","External dependency must be validated for necessity, licensing, and target availability.","Required","Not required","True"
"MissingDependency","msdyn_/ACI/Scripts/ACILoader.js","{e1ec2c0c-1744-42fa-a346-fb8237357d0f}","Other/Solution.xml","Foundation and shared configuration","None","Investigate","External dependency must be validated for necessity, licensing, and target availability.","Required","Not required","True"
"MissingDependency","msdyn_/RICommon.js","{e1ec2c0c-1744-42fa-a346-fb8237357d0f}","Other/Solution.xml","Foundation and shared configuration","None","Investigate","External dependency must be validated for necessity, licensing, and target availability.","Required","Not required","True"
"MissingDependency","msdyn_SalesOmniChannel.SalesPhoneNumberControl","{e1ec2c0c-1744-42fa-a346-fb8237357d0f}","Other/Solution.xml","Foundation and shared configuration","None","Investigate","External dependency must be validated for necessity, licensing, and target availability.","Required","Not required","True"
"MissingDependency","msdyn_SalesOmniChannel/SalesPhoneNumber.Library.js","{e1ec2c0c-1744-42fa-a346-fb8237357d0f}","Other/Solution.xml","Foundation and shared configuration","None","Investigate","External dependency must be validated for necessity, licensing, and target availability.","Required","Not required","True"
"MissingDependency","MsdynControls.RAControls.HealthWidget","{e1ec2c0c-1744-42fa-a346-fb8237357d0f}","Other/Solution.xml","Foundation and shared configuration","None","Investigate","External dependency must be validated for necessity, licensing, and target availability.","Required","Not required","True"
"MissingDependency","MsdynControls.WKWControls.ConnectionsWidget","{e1ec2c0c-1744-42fa-a346-fb8237357d0f}","Other/Solution.xml","Foundation and shared configuration","None","Investigate","External dependency must be validated for necessity, licensing, and target availability.","Required","Not required","True"
"MissingDependency","numberofemployees","{e1ec2c0c-1744-42fa-a346-fb8237357d0f}","Other/Solution.xml","Foundation and shared configuration","None","Investigate","External dependency must be validated for necessity, licensing, and target availability.","Required","Not required","True"
"MissingDependency","ownerid","{e1ec2c0c-1744-42fa-a346-fb8237357d0f}","Other/Solution.xml","Foundation and shared configuration","None","Investigate","External dependency must be validated for necessity, licensing, and target availability.","Required","Not required","True"
"MissingDependency","preferredcontactmethodcode","{e1ec2c0c-1744-42fa-a346-fb8237357d0f}","Other/Solution.xml","Foundation and shared configuration","None","Investigate","External dependency must be validated for necessity, licensing, and target availability.","Required","Not required","True"
"MissingDependency","revenue","{e1ec2c0c-1744-42fa-a346-fb8237357d0f}","Other/Solution.xml","Foundation and shared configuration","None","Investigate","External dependency must be validated for necessity, licensing, and target availability.","Required","Not required","True"
"MissingDependency","sic","{e1ec2c0c-1744-42fa-a346-fb8237357d0f}","Other/Solution.xml","Foundation and shared configuration","None","Investigate","External dependency must be validated for necessity, licensing, and target availability.","Required","Not required","True"
"MissingDependency","statuscode","{e1ec2c0c-1744-42fa-a346-fb8237357d0f}","Other/Solution.xml","Foundation and shared configuration","None","Investigate","External dependency must be validated for necessity, licensing, and target availability.","Required","Not required","True"
"MissingDependency","subject","{e1ec2c0c-1744-42fa-a346-fb8237357d0f}","Other/Solution.xml","Foundation and shared configuration","None","Investigate","External dependency must be validated for necessity, licensing, and target availability.","Required","Not required","True"
"MissingDependency","telephone1","{e1ec2c0c-1744-42fa-a346-fb8237357d0f}","Other/Solution.xml","Foundation and shared configuration","None","Investigate","External dependency must be validated for necessity, licensing, and target availability.","Required","Not required","True"
"MissingDependency","transactioncurrencyid","{e1ec2c0c-1744-42fa-a346-fb8237357d0f}","Other/Solution.xml","Foundation and shared configuration","None","Investigate","External dependency must be validated for necessity, licensing, and target availability.","Required","Not required","True"
"MissingDependency","websiteurl","{e1ec2c0c-1744-42fa-a346-fb8237357d0f}","Other/Solution.xml","Foundation and shared configuration","None","Investigate","External dependency must be validated for necessity, licensing, and target availability.","Required","Not required","True"
"MissingDependency","account","account","Other/Solution.xml","Foundation and shared configuration","None","Investigate","External dependency must be validated for necessity, licensing, and target availability.","Required","Not required","True"
"MissingDependency","{6356ff2a-bbbe-49fb-9da2-160b08865688}","cr7e8_AdvisorCockpit","Other/Solution.xml","Foundation and shared configuration","None","Investigate","External dependency must be validated for necessity, licensing, and target availability.","Required","Not required","True"
"MissingDependency","campaign","cr7e8_AdvisorCockpit","Other/Solution.xml","Foundation and shared configuration","None","Investigate","External dependency must be validated for necessity, licensing, and target availability.","Required","Not required","True"
"MissingDependency","msdyn_/Images/AppModule_Default_Icon.png","cr7e8_AdvisorCockpit","Other/Solution.xml","Foundation and shared configuration","None","Investigate","External dependency must be validated for necessity, licensing, and target availability.","Required","Not required","True"
"MissingDependency","msdyn_/Images/AppModule_Default_Icon.png","cr7e8_BrokerManager","Other/Solution.xml","Foundation and shared configuration","None","Investigate","External dependency must be validated for necessity, licensing, and target availability.","Required","Not required","True"
"MissingDependency","msdyn_/Images/AppModule_Default_Icon.png","cr7e8_ClaimCockpit","Other/Solution.xml","Foundation and shared configuration","None","Investigate","External dependency must be validated for necessity, licensing, and target availability.","Required","Not required","True"
"MissingDependency","type:MCPServer","cr7e8_cr7e8_AdvisorCockpit_name_cr7e8_AdvisorCockpit_MCPServer","Other/Solution.xml","Foundation and shared configuration","None","Investigate","External dependency must be validated for necessity, licensing, and target availability.","Required","Not required","True"
"MissingDependency","cr7e8_household","cr7e8_household","Other/Solution.xml","Foundation and shared configuration","None","Investigate","External dependency must be validated for necessity, licensing, and target availability.","Required","Not required","True"
"MissingDependency","cr7e8_offer","cr7e8_offer","Other/Solution.xml","Foundation and shared configuration","None","Investigate","External dependency must be validated for necessity, licensing, and target availability.","Required","Not required","True"
"MissingDependency","cr7e8_policy","cr7e8_policy","Other/Solution.xml","Foundation and shared configuration","None","Investigate","External dependency must be validated for necessity, licensing, and target availability.","Required","Not required","True"
"MissingDependency","incident","incident","Other/Solution.xml","Foundation and shared configuration","None","Investigate","External dependency must be validated for necessity, licensing, and target availability.","Required","Not required","True"
"MissingDependency","lead","lead","Other/Solution.xml","Foundation and shared configuration","None","Investigate","External dependency must be validated for necessity, licensing, and target availability.","Required","Not required","True"
"MissingDependency","msdyn_/Analytics/imgs/Copilot.svg","msdyn_CustomerServiceWorkspace","Other/Solution.xml","Foundation and shared configuration","None","Investigate","External dependency must be validated for necessity, licensing, and target availability.","Required","Not required","True"
"MissingDependency","msdyn_/Analytics/imgs/CustomerServiceInsights.svg","msdyn_CustomerServiceWorkspace","Other/Solution.xml","Foundation and shared configuration","None","Investigate","External dependency must be validated for necessity, licensing, and target availability.","Required","Not required","True"
"MissingDependency","msdyn_/Analytics/imgs/CustomizedReportsIcon.svg","msdyn_CustomerServiceWorkspace","Other/Solution.xml","Foundation and shared configuration","None","Investigate","External dependency must be validated for necessity, licensing, and target availability.","Required","Not required","True"
"MissingDependency","msdyn_/Analytics/imgs/EmailSentimentIcon.svg","msdyn_CustomerServiceWorkspace","Other/Solution.xml","Foundation and shared configuration","None","Investigate","External dependency must be validated for necessity, licensing, and target availability.","Required","Not required","True"
"MissingDependency","msdyn_/Analytics/imgs/KnowledgeSearchIcon.svg","msdyn_CustomerServiceWorkspace","Other/Solution.xml","Foundation and shared configuration","None","Investigate","External dependency must be validated for necessity, licensing, and target availability.","Required","Not required","True"
"MissingDependency","msdyn_/Analytics/imgs/OmnichannelReportIcon.svg","msdyn_CustomerServiceWorkspace","Other/Solution.xml","Foundation and shared configuration","None","Investigate","External dependency must be validated for necessity, licensing, and target availability.","Required","Not required","True"
"MissingDependency","msdyn_/Analytics/imgs/RealtimeReportIcon.svg","msdyn_CustomerServiceWorkspace","Other/Solution.xml","Foundation and shared configuration","None","Investigate","External dependency must be validated for necessity, licensing, and target availability.","Required","Not required","True"
"MissingDependency","msdyn_/Analytics/imgs/URRealTimeIcon.svg","msdyn_CustomerServiceWorkspace","Other/Solution.xml","Foundation and shared configuration","None","Investigate","External dependency must be validated for necessity, licensing, and target availability.","Required","Not required","True"
"MissingDependency","msdyn_agentcoachadminsettings","msdyn_CustomerServiceWorkspace","Other/Solution.xml","Foundation and shared configuration","None","Investigate","External dependency must be validated for necessity, licensing, and target availability.","Required","Not required","True"
"MissingDependency","msdyn_AIOptimizationHubIConFinal","msdyn_CustomerServiceWorkspace","Other/Solution.xml","Foundation and shared configuration","None","Investigate","External dependency must be validated for necessity, licensing, and target availability.","Required","Not required","True"
"MissingDependency","msdyn_customerasset","msdyn_CustomerServiceWorkspace","Other/Solution.xml","Foundation and shared configuration","None","Investigate","External dependency must be validated for necessity, licensing, and target availability.","Required","Not required","True"
"MissingDependency","msdyn_CustomerServiceWorkspace","msdyn_CustomerServiceWorkspace","Other/Solution.xml","Foundation and shared configuration","None","Investigate","External dependency must be validated for necessity, licensing, and target availability.","Required","Not required","True"
"MissingDependency","msdyn_dataanalyticsreport_copilot","msdyn_CustomerServiceWorkspace","Other/Solution.xml","Foundation and shared configuration","None","Investigate","External dependency must be validated for necessity, licensing, and target availability.","Required","Not required","True"
"MissingDependency","msdyn_dataanalyticsreport_csrmanager","msdyn_CustomerServiceWorkspace","Other/Solution.xml","Foundation and shared configuration","None","Investigate","External dependency must be validated for necessity, licensing, and target availability.","Required","Not required","True"
"MissingDependency","msdyn_dataanalyticsreport_email","msdyn_CustomerServiceWorkspace","Other/Solution.xml","Foundation and shared configuration","None","Investigate","External dependency must be validated for necessity, licensing, and target availability.","Required","Not required","True"
"MissingDependency","msdyn_dataanalyticsreport_ksinsights","msdyn_CustomerServiceWorkspace","Other/Solution.xml","Foundation and shared configuration","None","Investigate","External dependency must be validated for necessity, licensing, and target availability.","Required","Not required","True"
"MissingDependency","msdyn_dataanalyticsreport_mc","msdyn_CustomerServiceWorkspace","Other/Solution.xml","Foundation and shared configuration","None","Investigate","External dependency must be validated for necessity, licensing, and target availability.","Required","Not required","True"
"MissingDependency","msdyn_dataanalyticsreport_oc","msdyn_CustomerServiceWorkspace","Other/Solution.xml","Foundation and shared configuration","None","Investigate","External dependency must be validated for necessity, licensing, and target availability.","Required","Not required","True"
"MissingDependency","msdyn_dataanalyticsreport_oc_rt","msdyn_CustomerServiceWorkspace","Other/Solution.xml","Foundation and shared configuration","None","Investigate","External dependency must be validated for necessity, licensing, and target availability.","Required","Not required","True"
"MissingDependency","msdyn_dataanalyticsreport_ocmodern","msdyn_CustomerServiceWorkspace","Other/Solution.xml","Foundation and shared configuration","None","Investigate","External dependency must be validated for necessity, licensing, and target availability.","Required","Not required","True"
"MissingDependency","msdyn_dataanalyticsreport_ur_recordrouting_rt","msdyn_CustomerServiceWorkspace","Other/Solution.xml","Foundation and shared configuration","None","Investigate","External dependency must be validated for necessity, licensing, and target availability.","Required","Not required","True"
"MissingDependency","msdyn_evaluation","msdyn_CustomerServiceWorkspace","Other/Solution.xml","Foundation and shared configuration","None","Investigate","External dependency must be validated for necessity, licensing, and target availability.","Required","Not required","True"
"MissingDependency","msdyn_evaluationcriteria","msdyn_CustomerServiceWorkspace","Other/Solution.xml","Foundation and shared configuration","None","Investigate","External dependency must be validated for necessity, licensing, and target availability.","Required","Not required","True"
"MissingDependency","msdyn_evaluationplan","msdyn_CustomerServiceWorkspace","Other/Solution.xml","Foundation and shared configuration","None","Investigate","External dependency must be validated for necessity, licensing, and target availability.","Required","Not required","True"
"MissingDependency","msdyn_formSparkleRegular.svg","msdyn_CustomerServiceWorkspace","Other/Solution.xml","Foundation and shared configuration","None","Investigate","External dependency must be validated for necessity, licensing, and target availability.","Required","Not required","True"
"MissingDependency","msdyn_GovernanceAgentSiteMapIcon","msdyn_CustomerServiceWorkspace","Other/Solution.xml","Foundation and shared configuration","None","Investigate","External dependency must be validated for necessity, licensing, and target availability.","Required","Not required","True"
"MissingDependency","msdyn_guardrail_rule","msdyn_CustomerServiceWorkspace","Other/Solution.xml","Foundation and shared configuration","None","Investigate","External dependency must be validated for necessity, licensing, and target availability.","Required","Not required","True"
"MissingDependency","msdyn_InboxSitemapIcon","msdyn_CustomerServiceWorkspace","Other/Solution.xml","Foundation and shared configuration","None","Investigate","External dependency must be validated for necessity, licensing, and target availability.","Required","Not required","True"
"MissingDependency","msdyn_iotalert","msdyn_CustomerServiceWorkspace","Other/Solution.xml","Foundation and shared configuration","None","Investigate","External dependency must be validated for necessity, licensing, and target availability.","Required","Not required","True"
"MissingDependency","msdyn_ocliveworkitem","msdyn_CustomerServiceWorkspace","Other/Solution.xml","Foundation and shared configuration","None","Investigate","External dependency must be validated for necessity, licensing, and target availability.","Required","Not required","True"
"MissingDependency","msdyn_Personalization","msdyn_CustomerServiceWorkspace","Other/Solution.xml","Foundation and shared configuration","None","Investigate","External dependency must be validated for necessity, licensing, and target availability.","Required","Not required","True"
"MissingDependency","msdyn_screenrecording","msdyn_CustomerServiceWorkspace","Other/Solution.xml","Foundation and shared configuration","None","Investigate","External dependency must be validated for necessity, licensing, and target availability.","Required","Not required","True"
"MissingDependency","msdyn_swarm","msdyn_CustomerServiceWorkspace","Other/Solution.xml","Foundation and shared configuration","None","Investigate","External dependency must be validated for necessity, licensing, and target availability.","Required","Not required","True"
"MissingDependency","msdyn_usersetting","msdyn_CustomerServiceWorkspace","Other/Solution.xml","Foundation and shared configuration","None","Investigate","External dependency must be validated for necessity, licensing, and target availability.","Required","Not required","True"
"MissingDependency","serviceappointment","msdyn_CustomerServiceWorkspace","Other/Solution.xml","Foundation and shared configuration","None","Investigate","External dependency must be validated for necessity, licensing, and target availability.","Required","Not required","True"
"MissingDependency","msdyn_ocliveworkitem","msdyn_ocliveworkitem","Other/Solution.xml","Foundation and shared configuration","None","Investigate","External dependency must be validated for necessity, licensing, and target availability.","Required","Not required","True"
"MissingDependency","{0cf8cf66-9213-eb11-a813-0022481cf931}","msdyncrm_MarketingSMBApp","Other/Solution.xml","Foundation and shared configuration","None","Investigate","External dependency must be validated for necessity, licensing, and target availability.","Required","Not required","True"
"MissingDependency","{247f7db4-2fc4-40b9-8722-1487bc8097b6}","msdyncrm_MarketingSMBApp","Other/Solution.xml","Foundation and shared configuration","None","Investigate","External dependency must be validated for necessity, licensing, and target availability.","Required","Not required","True"
"MissingDependency","{2bfb149e-194c-4f79-b25f-79dd371ce955}","msdyncrm_MarketingSMBApp","Other/Solution.xml","Foundation and shared configuration","None","Investigate","External dependency must be validated for necessity, licensing, and target availability.","Required","Not required","True"
"MissingDependency","{3048a303-57f3-47e6-8d43-6d33dcaf2d52}","msdyncrm_MarketingSMBApp","Other/Solution.xml","Foundation and shared configuration","None","Investigate","External dependency must be validated for necessity, licensing, and target availability.","Required","Not required","True"
"MissingDependency","{47b7cbc5-f066-e711-a825-000d3a337469}","msdyncrm_MarketingSMBApp","Other/Solution.xml","Foundation and shared configuration","None","Investigate","External dependency must be validated for necessity, licensing, and target availability.","Required","Not required","True"
"MissingDependency","{4c04d5c4-1567-e711-a824-000d3a33777b}","msdyncrm_MarketingSMBApp","Other/Solution.xml","Foundation and shared configuration","None","Investigate","External dependency must be validated for necessity, licensing, and target availability.","Required","Not required","True"
"MissingDependency","{5c1b041c-0644-4af0-b590-11f8d1320bcd}","msdyncrm_MarketingSMBApp","Other/Solution.xml","Foundation and shared configuration","None","Investigate","External dependency must be validated for necessity, licensing, and target availability.","Required","Not required","True"
"MissingDependency","{6356ff2a-bbbe-49fb-9da2-160b08865688}","msdyncrm_MarketingSMBApp","Other/Solution.xml","Foundation and shared configuration","None","Investigate","External dependency must be validated for necessity, licensing, and target availability.","Required","Not required","True"
"MissingDependency","{6a0e894d-5916-4ba1-9b4a-54315de0d62c}","msdyncrm_MarketingSMBApp","Other/Solution.xml","Foundation and shared configuration","None","Investigate","External dependency must be validated for necessity, licensing, and target availability.","Required","Not required","True"
"MissingDependency","{7b78aae4-7945-4515-848b-1f86535846d6}","msdyncrm_MarketingSMBApp","Other/Solution.xml","Foundation and shared configuration","None","Investigate","External dependency must be validated for necessity, licensing, and target availability.","Required","Not required","True"
"MissingDependency","{7c6143aa-66b1-40c8-8e97-eba24d96bb32}","msdyncrm_MarketingSMBApp","Other/Solution.xml","Foundation and shared configuration","None","Investigate","External dependency must be validated for necessity, licensing, and target availability.","Required","Not required","True"
"MissingDependency","{7cc77cae-6d68-e711-a824-000d3a33777b}","msdyncrm_MarketingSMBApp","Other/Solution.xml","Foundation and shared configuration","None","Investigate","External dependency must be validated for necessity, licensing, and target availability.","Required","Not required","True"
"MissingDependency","{9299ed42-3c48-49c0-9b9f-2dc69b1a9561}","msdyncrm_MarketingSMBApp","Other/Solution.xml","Foundation and shared configuration","None","Investigate","External dependency must be validated for necessity, licensing, and target availability.","Required","Not required","True"
"MissingDependency","{9623d467-52ae-4979-89f6-2ac0d11dad99}","msdyncrm_MarketingSMBApp","Other/Solution.xml","Foundation and shared configuration","None","Investigate","External dependency must be validated for necessity, licensing, and target availability.","Required","Not required","True"
"MissingDependency","{9de6d9a5-7863-df11-ae90-00155d2e3002}","msdyncrm_MarketingSMBApp","Other/Solution.xml","Foundation and shared configuration","None","Investigate","External dependency must be validated for necessity, licensing, and target availability.","Required","Not required","True"
"MissingDependency","{a79132e8-4463-474d-a8ff-8c52e73e0f82}","msdyncrm_MarketingSMBApp","Other/Solution.xml","Foundation and shared configuration","None","Investigate","External dependency must be validated for necessity, licensing, and target availability.","Required","Not required","True"
"MissingDependency","{af155b88-1567-e711-a824-000d3a33777b}","msdyncrm_MarketingSMBApp","Other/Solution.xml","Foundation and shared configuration","None","Investigate","External dependency must be validated for necessity, licensing, and target availability.","Required","Not required","True"
"MissingDependency","{b46aeb74-bf0c-44fb-8158-9575588d1b57}","msdyncrm_MarketingSMBApp","Other/Solution.xml","Foundation and shared configuration","None","Investigate","External dependency must be validated for necessity, licensing, and target availability.","Required","Not required","True"
"MissingDependency","{c97736b7-71e5-e711-80ed-00155d952b03}","msdyncrm_MarketingSMBApp","Other/Solution.xml","Foundation and shared configuration","None","Investigate","External dependency must be validated for necessity, licensing, and target availability.","Required","Not required","True"
"MissingDependency","{d4c8d28c-3a8e-43aa-baca-b59ead6be587}","msdyncrm_MarketingSMBApp","Other/Solution.xml","Foundation and shared configuration","None","Investigate","External dependency must be validated for necessity, licensing, and target availability.","Required","Not required","True"
"MissingDependency","{e3b6ddb7-8df0-4410-ac7b-fd32e5053d38}","msdyncrm_MarketingSMBApp","Other/Solution.xml","Foundation and shared configuration","None","Investigate","External dependency must be validated for necessity, licensing, and target availability.","Required","Not required","True"
"MissingDependency","{fd5997e3-d716-4c34-bfab-1746bad68b44}","msdyncrm_MarketingSMBApp","Other/Solution.xml","Foundation and shared configuration","None","Investigate","External dependency must be validated for necessity, licensing, and target availability.","Required","Not required","True"
"MissingDependency","All custom channels","msdyncrm_MarketingSMBApp","Other/Solution.xml","Foundation and shared configuration","None","Investigate","External dependency must be validated for necessity, licensing, and target availability.","Required","Not required","True"
"MissingDependency","All mobile app configurations","msdyncrm_MarketingSMBApp","Other/Solution.xml","Foundation and shared configuration","None","Investigate","External dependency must be validated for necessity, licensing, and target availability.","Required","Not required","True"
"MissingDependency","All SMS providers","msdyncrm_MarketingSMBApp","Other/Solution.xml","Foundation and shared configuration","None","Investigate","External dependency must be validated for necessity, licensing, and target availability.","Required","Not required","True"
"MissingDependency","AppCommon/ControlWS/SummaryPageImages/msdyncrm_ApplicationManagementIcon.svg","msdyncrm_MarketingSMBApp","Other/Solution.xml","Foundation and shared configuration","None","Investigate","External dependency must be validated for necessity, licensing, and target availability.","Required","Not required","True"
"MissingDependency","AppCommon/ControlWS/SummaryPageImages/msdyncrm_CustomerInsightSyncIcon.svg","msdyncrm_MarketingSMBApp","Other/Solution.xml","Foundation and shared configuration","None","Investigate","External dependency must be validated for necessity, licensing, and target availability.","Required","Not required","True"
"MissingDependency","campaign","msdyncrm_MarketingSMBApp","Other/Solution.xml","Foundation and shared configuration","None","Investigate","External dependency must be validated for necessity, licensing, and target availability.","Required","Not required","True"
"MissingDependency","customeropportunityrole","msdyncrm_MarketingSMBApp","Other/Solution.xml","Foundation and shared configuration","None","Investigate","External dependency must be validated for necessity, licensing, and target availability.","Required","Not required","True"
"MissingDependency","icon/AddOns_SubArea.svg","msdyncrm_MarketingSMBApp","Other/Solution.xml","Foundation and shared configuration","None","Investigate","External dependency must be validated for necessity, licensing, and target availability.","Required","Not required","True"
"MissingDependency","icon/CustomerInsightsConnector_SubArea.svg","msdyncrm_MarketingSMBApp","Other/Solution.xml","Foundation and shared configuration","None","Investigate","External dependency must be validated for necessity, licensing, and target availability.","Required","Not required","True"
"MissingDependency","icon/Link_SubArea.svg","msdyncrm_MarketingSMBApp","Other/Solution.xml","Foundation and shared configuration","None","Investigate","External dependency must be validated for necessity, licensing, and target availability.","Required","Not required","True"
"MissingDependency","icon/MatchingStrategy_SubArea.svg","msdyncrm_MarketingSMBApp","Other/Solution.xml","Foundation and shared configuration","None","Investigate","External dependency must be validated for necessity, licensing, and target availability.","Required","Not required","True"
"MissingDependency","icon/msdynmkt_AIHubSubArea.svg","msdyncrm_MarketingSMBApp","Other/Solution.xml","Foundation and shared configuration","None","Investigate","External dependency must be validated for necessity, licensing, and target availability.","Required","Not required","True"
"MissingDependency","icon/msdynmkt_contactpointsettings.svg","msdyncrm_MarketingSMBApp","Other/Solution.xml","Foundation and shared configuration","None","Investigate","External dependency must be validated for necessity, licensing, and target availability.","Required","Not required","True"
"MissingDependency","icon/msdynmkt_customchannel.svg","msdyncrm_MarketingSMBApp","Other/Solution.xml","Foundation and shared configuration","None","Investigate","External dependency must be validated for necessity, licensing, and target availability.","Required","Not required","True"
"MissingDependency","icon/msdynmkt_cxpasset.svg","msdyncrm_MarketingSMBApp","Other/Solution.xml","Foundation and shared configuration","None","Investigate","External dependency must be validated for necessity, licensing, and target availability.","Required","Not required","True"
"MissingDependency","icon/msdynmkt_DefaultMarketingSettingsIcon.svg","msdyncrm_MarketingSMBApp","Other/Solution.xml","Foundation and shared configuration","None","Investigate","External dependency must be validated for necessity, licensing, and target availability.","Required","Not required","True"
"MissingDependency","icon/msdynmkt_FeatureSwitchIcon.svg","msdyncrm_MarketingSMBApp","Other/Solution.xml","Foundation and shared configuration","None","Investigate","External dependency must be validated for necessity, licensing, and target availability.","Required","Not required","True"
"MissingDependency","icon/msdynmkt_GetStartedSubArea.svg","msdyncrm_MarketingSMBApp","Other/Solution.xml","Foundation and shared configuration","None","Investigate","External dependency must be validated for necessity, licensing, and target availability.","Required","Not required","True"
"MissingDependency","icon/msdynmkt_journey.svg","msdyncrm_MarketingSMBApp","Other/Solution.xml","Foundation and shared configuration","None","Investigate","External dependency must be validated for necessity, licensing, and target availability.","Required","Not required","True"
"MissingDependency","icon/msdynmkt_LimitUsageIcon.svg","msdyncrm_MarketingSMBApp","Other/Solution.xml","Foundation and shared configuration","None","Investigate","External dependency must be validated for necessity, licensing, and target availability.","Required","Not required","True"
"MissingDependency","icon/msdynmkt_MarketingCopilotSubArea.svg","msdyncrm_MarketingSMBApp","Other/Solution.xml","Foundation and shared configuration","None","Investigate","External dependency must be validated for necessity, licensing, and target availability.","Required","Not required","True"
"MissingDependency","icon/msdynmkt_mobileapplication.svg","msdyncrm_MarketingSMBApp","Other/Solution.xml","Foundation and shared configuration","None","Investigate","External dependency must be validated for necessity, licensing, and target availability.","Required","Not required","True"
"MissingDependency","icon/msdynmkt_ProjectSophiaOutline.svg","msdyncrm_MarketingSMBApp","Other/Solution.xml","Foundation and shared configuration","None","Investigate","External dependency must be validated for necessity, licensing, and target availability.","Required","Not required","True"
"MissingDependency","icon/msdynmkt_quiettimesetting.svg","msdyncrm_MarketingSMBApp","Other/Solution.xml","Foundation and shared configuration","None","Investigate","External dependency must be validated for necessity, licensing, and target availability.","Required","Not required","True"
"MissingDependency","icon/msdynmkt_QuotaLimitsIcon.svg","msdyncrm_MarketingSMBApp","Other/Solution.xml","Foundation and shared configuration","None","Investigate","External dependency must be validated for necessity, licensing, and target availability.","Required","Not required","True"
"MissingDependency","icon/msdynmkt_sms.svg","msdyncrm_MarketingSMBApp","Other/Solution.xml","Foundation and shared configuration","None","Investigate","External dependency must be validated for necessity, licensing, and target availability.","Required","Not required","True"
"MissingDependency","icon/msdynmkt_TemplateHubSubArea.svg","msdyncrm_MarketingSMBApp","Other/Solution.xml","Foundation and shared configuration","None","Investigate","External dependency must be validated for necessity, licensing, and target availability.","Required","Not required","True"
"MissingDependency","icon/msdynmkt_VersionsSubArea.svg","msdyncrm_MarketingSMBApp","Other/Solution.xml","Foundation and shared configuration","None","Investigate","External dependency must be validated for necessity, licensing, and target availability.","Required","Not required","True"
"MissingDependency","icon/TriggerKeywords_SubArea.svg","msdyncrm_MarketingSMBApp","Other/Solution.xml","Foundation and shared configuration","None","Investigate","External dependency must be validated for necessity, licensing, and target availability.","Required","Not required","True"
"MissingDependency","icon/WebTracking_SubArea.svg","msdyncrm_MarketingSMBApp","Other/Solution.xml","Foundation and shared configuration","None","Investigate","External dependency must be validated for necessity, licensing, and target availability.","Required","Not required","True"
"MissingDependency","leadaddress","msdyncrm_MarketingSMBApp","Other/Solution.xml","Foundation and shared configuration","None","Investigate","External dependency must be validated for necessity, licensing, and target availability.","Required","Not required","True"
"MissingDependency","leadtoopportunitysalesprocess","msdyncrm_MarketingSMBApp","Other/Solution.xml","Foundation and shared configuration","None","Investigate","External dependency must be validated for necessity, licensing, and target availability.","Required","Not required","True"
"MissingDependency","list","msdyncrm_MarketingSMBApp","Other/Solution.xml","Foundation and shared configuration","None","Investigate","External dependency must be validated for necessity, licensing, and target availability.","Required","Not required","True"
"MissingDependency","msdyn_channelinstance","msdyncrm_MarketingSMBApp","Other/Solution.xml","Foundation and shared configuration","None","Investigate","External dependency must be validated for necessity, licensing, and target availability.","Required","Not required","True"
"MissingDependency","msdyn_channelinstanceaccount","msdyncrm_MarketingSMBApp","Other/Solution.xml","Foundation and shared configuration","None","Investigate","External dependency must be validated for necessity, licensing, and target availability.","Required","Not required","True"
"MissingDependency","msdyn_salesresearchmanager","msdyncrm_MarketingSMBApp","Other/Solution.xml","Foundation and shared configuration","None","Investigate","External dependency must be validated for necessity, licensing, and target availability.","Required","Not required","True"
"MissingDependency","msdyncrm_/Sitemap/Library.svg","msdyncrm_MarketingSMBApp","Other/Solution.xml","Foundation and shared configuration","None","Investigate","External dependency must be validated for necessity, licensing, and target availability.","Required","Not required","True"
"MissingDependency","msdyncrm_/Sitemap/msdyncrm_GetStarted.svg","msdyncrm_MarketingSMBApp","Other/Solution.xml","Foundation and shared configuration","None","Investigate","External dependency must be validated for necessity, licensing, and target availability.","Required","Not required","True"
"MissingDependency","msdyncrm_appointmentactivitymarketingtemplate","msdyncrm_MarketingSMBApp","Other/Solution.xml","Foundation and shared configuration","None","Investigate","External dependency must be validated for necessity, licensing, and target availability.","Required","Not required","True"
"MissingDependency","msdyncrm_cdsaconnectorconfiguration","msdyncrm_MarketingSMBApp","Other/Solution.xml","Foundation and shared configuration","None","Investigate","External dependency must be validated for necessity, licensing, and target availability.","Required","Not required","True"
"MissingDependency","msdyncrm_contentblock","msdyncrm_MarketingSMBApp","Other/Solution.xml","Foundation and shared configuration","None","Investigate","External dependency must be validated for necessity, licensing, and target availability.","Required","Not required","True"
"MissingDependency","msdyncrm_contentsettings","msdyncrm_MarketingSMBApp","Other/Solution.xml","Foundation and shared configuration","None","Investigate","External dependency must be validated for necessity, licensing, and target availability.","Required","Not required","True"
"MissingDependency","msdyncrm_customerinsightsinfo","msdyncrm_MarketingSMBApp","Other/Solution.xml","Foundation and shared configuration","None","Investigate","External dependency must be validated for necessity, licensing, and target availability.","Required","Not required","True"
"MissingDependency","msdyncrm_customerjourney","msdyncrm_MarketingSMBApp","Other/Solution.xml","Foundation and shared configuration","None","Investigate","External dependency must be validated for necessity, licensing, and target availability.","Required","Not required","True"
"MissingDependency","msdyncrm_customerjourneycustomchannelactivity","msdyncrm_MarketingSMBApp","Other/Solution.xml","Foundation and shared configuration","None","Investigate","External dependency must be validated for necessity, licensing, and target availability.","Required","Not required","True"
"MissingDependency","msdyncrm_customerjourneyiteration","msdyncrm_MarketingSMBApp","Other/Solution.xml","Foundation and shared configuration","None","Investigate","External dependency must be validated for necessity, licensing, and target availability.","Required","Not required","True"
"MissingDependency","msdyncrm_customerjourneytemplate","msdyncrm_MarketingSMBApp","Other/Solution.xml","Foundation and shared configuration","None","Investigate","External dependency must be validated for necessity, licensing, and target availability.","Required","Not required","True"
"MissingDependency","msdyncrm_customerjourneyworkflowlink","msdyncrm_MarketingSMBApp","Other/Solution.xml","Foundation and shared configuration","None","Investigate","External dependency must be validated for necessity, licensing, and target availability.","Required","Not required","True"
"MissingDependency","msdyncrm_defaultmarketingsetting","msdyncrm_MarketingSMBApp","Other/Solution.xml","Foundation and shared configuration","None","Investigate","External dependency must be validated for necessity, licensing, and target availability.","Required","Not required","True"
"MissingDependency","msdyncrm_designerfeatureavailability","msdyncrm_MarketingSMBApp","Other/Solution.xml","Foundation and shared configuration","None","Investigate","External dependency must be validated for necessity, licensing, and target availability.","Required","Not required","True"
"MissingDependency","msdyncrm_file","msdyncrm_MarketingSMBApp","Other/Solution.xml","Foundation and shared configuration","None","Investigate","External dependency must be validated for necessity, licensing, and target availability.","Required","Not required","True"
"MissingDependency","msdyncrm_formpage","msdyncrm_MarketingSMBApp","Other/Solution.xml","Foundation and shared configuration","None","Investigate","External dependency must be validated for necessity, licensing, and target availability.","Required","Not required","True"
"MissingDependency","msdyncrm_formpagetemplate","msdyncrm_MarketingSMBApp","Other/Solution.xml","Foundation and shared configuration","None","Investigate","External dependency must be validated for necessity, licensing, and target availability.","Required","Not required","True"
"MissingDependency","msdyncrm_geopin","msdyncrm_MarketingSMBApp","Other/Solution.xml","Foundation and shared configuration","None","Investigate","External dependency must be validated for necessity, licensing, and target availability.","Required","Not required","True"
"MissingDependency","msdyncrm_keyword","msdyncrm_MarketingSMBApp","Other/Solution.xml","Foundation and shared configuration","None","Investigate","External dependency must be validated for necessity, licensing, and target availability.","Required","Not required","True"
"MissingDependency","msdyncrm_leadscoremodel","msdyncrm_MarketingSMBApp","Other/Solution.xml","Foundation and shared configuration","None","Investigate","External dependency must be validated for necessity, licensing, and target availability.","Required","Not required","True"
"MissingDependency","msdyncrm_leadscoringconfiguration","msdyncrm_MarketingSMBApp","Other/Solution.xml","Foundation and shared configuration","None","Investigate","External dependency must be validated for necessity, licensing, and target availability.","Required","Not required","True"
"MissingDependency","msdyncrm_linkedinfieldmapping","msdyncrm_MarketingSMBApp","Other/Solution.xml","Foundation and shared configuration","None","Investigate","External dependency must be validated for necessity, licensing, and target availability.","Required","Not required","True"
"MissingDependency","msdyncrm_linkedinform","msdyncrm_MarketingSMBApp","Other/Solution.xml","Foundation and shared configuration","None","Investigate","External dependency must be validated for necessity, licensing, and target availability.","Required","Not required","True"
"MissingDependency","msdyncrm_linkedinformsubmission","msdyncrm_MarketingSMBApp","Other/Solution.xml","Foundation and shared configuration","None","Investigate","External dependency must be validated for necessity, licensing, and target availability.","Required","Not required","True"
"MissingDependency","msdyncrm_LinkedInLeadGen.Sitemap.Form.png","msdyncrm_MarketingSMBApp","Other/Solution.xml","Foundation and shared configuration","None","Investigate","External dependency must be validated for necessity, licensing, and target availability.","Required","Not required","True"
"MissingDependency","msdyncrm_LinkedInLeadGen.Sitemap.FormSubmission.png","msdyncrm_MarketingSMBApp","Other/Solution.xml","Foundation and shared configuration","None","Investigate","External dependency must be validated for necessity, licensing, and target availability.","Required","Not required","True"
"MissingDependency","msdyncrm_LinkedInLeadGen.Sitemap.UserProfile.png","msdyncrm_MarketingSMBApp","Other/Solution.xml","Foundation and shared configuration","None","Investigate","External dependency must be validated for necessity, licensing, and target availability.","Required","Not required","True"
"MissingDependency","msdyncrm_linkedinleadmatchingstrategy","msdyncrm_MarketingSMBApp","Other/Solution.xml","Foundation and shared configuration","None","Investigate","External dependency must be validated for necessity, licensing, and target availability.","Required","Not required","True"
"MissingDependency","msdyncrm_linkedinuserprofile","msdyncrm_MarketingSMBApp","Other/Solution.xml","Foundation and shared configuration","None","Investigate","External dependency must be validated for necessity, licensing, and target availability.","Required","Not required","True"
"MissingDependency","msdyncrm_marketingconfiguration","msdyncrm_MarketingSMBApp","Other/Solution.xml","Foundation and shared configuration","None","Investigate","External dependency must be validated for necessity, licensing, and target availability.","Required","Not required","True"
"MissingDependency","msdyncrm_marketingdynamiccontentmetadata","msdyncrm_MarketingSMBApp","Other/Solution.xml","Foundation and shared configuration","None","Investigate","External dependency must be validated for necessity, licensing, and target availability.","Required","Not required","True"
"MissingDependency","msdyncrm_marketingemail","msdyncrm_MarketingSMBApp","Other/Solution.xml","Foundation and shared configuration","None","Investigate","External dependency must be validated for necessity, licensing, and target availability.","Required","Not required","True"
"MissingDependency","msdyncrm_marketingemaildynamiccontentmetadata","msdyncrm_MarketingSMBApp","Other/Solution.xml","Foundation and shared configuration","None","Investigate","External dependency must be validated for necessity, licensing, and target availability.","Required","Not required","True"
"MissingDependency","msdyncrm_marketingemailtemplate","msdyncrm_MarketingSMBApp","Other/Solution.xml","Foundation and shared configuration","None","Investigate","External dependency must be validated for necessity, licensing, and target availability.","Required","Not required","True"
"MissingDependency","msdyncrm_marketingemailtestsend","msdyncrm_MarketingSMBApp","Other/Solution.xml","Foundation and shared configuration","None","Investigate","External dependency must be validated for necessity, licensing, and target availability.","Required","Not required","True"
"MissingDependency","msdyncrm_marketingform","msdyncrm_MarketingSMBApp","Other/Solution.xml","Foundation and shared configuration","None","Investigate","External dependency must be validated for necessity, licensing, and target availability.","Required","Not required","True"
"MissingDependency","msdyncrm_marketingformfield","msdyncrm_MarketingSMBApp","Other/Solution.xml","Foundation and shared configuration","None","Investigate","External dependency must be validated for necessity, licensing, and target availability.","Required","Not required","True"
"MissingDependency","msdyncrm_marketingformtemplate","msdyncrm_MarketingSMBApp","Other/Solution.xml","Foundation and shared configuration","None","Investigate","External dependency must be validated for necessity, licensing, and target availability.","Required","Not required","True"
"MissingDependency","msdyncrm_marketingformwhitelistrule","msdyncrm_MarketingSMBApp","Other/Solution.xml","Foundation and shared configuration","None","Investigate","External dependency must be validated for necessity, licensing, and target availability.","Required","Not required","True"
"MissingDependency","msdyncrm_MarketingLogo","msdyncrm_MarketingSMBApp","Other/Solution.xml","Foundation and shared configuration","None","Investigate","External dependency must be validated for necessity, licensing, and target availability.","Required","Not required","True"
"MissingDependency","msdyncrm_marketingpage","msdyncrm_MarketingSMBApp","Other/Solution.xml","Foundation and shared configuration","None","Investigate","External dependency must be validated for necessity, licensing, and target availability.","Required","Not required","True"
"MissingDependency","msdyncrm_marketingpageconfiguration","msdyncrm_MarketingSMBApp","Other/Solution.xml","Foundation and shared configuration","None","Investigate","External dependency must be validated for necessity, licensing, and target availability.","Required","Not required","True"
"MissingDependency","msdyncrm_marketingpagetemplate","msdyncrm_MarketingSMBApp","Other/Solution.xml","Foundation and shared configuration","None","Investigate","External dependency must be validated for necessity, licensing, and target availability.","Required","Not required","True"
"MissingDependency","msdyncrm_MarketingSMBApp","msdyncrm_MarketingSMBApp","Other/Solution.xml","Foundation and shared configuration","None","Investigate","External dependency must be validated for necessity, licensing, and target availability.","Required","Not required","True"
"MissingDependency","msdyncrm_matchingstrategy","msdyncrm_MarketingSMBApp","Other/Solution.xml","Foundation and shared configuration","None","Investigate","External dependency must be validated for necessity, licensing, and target availability.","Required","Not required","True"
"MissingDependency","msdyncrm_matchingstrategyattribute","msdyncrm_MarketingSMBApp","Other/Solution.xml","Foundation and shared configuration","None","Investigate","External dependency must be validated for necessity, licensing, and target availability.","Required","Not required","True"
"MissingDependency","msdyncrm_mktactivity","msdyncrm_MarketingSMBApp","Other/Solution.xml","Foundation and shared configuration","None","Investigate","External dependency must be validated for necessity, licensing, and target availability.","Required","Not required","True"
"MissingDependency","msdyncrm_personalizedpage","msdyncrm_MarketingSMBApp","Other/Solution.xml","Foundation and shared configuration","None","Investigate","External dependency must be validated for necessity, licensing, and target availability.","Required","Not required","True"
"MissingDependency","msdyncrm_phonecallactivitymarketingtemplate","msdyncrm_MarketingSMBApp","Other/Solution.xml","Foundation and shared configuration","None","Investigate","External dependency must be validated for necessity, licensing, and target availability.","Required","Not required","True"
"MissingDependency","msdyncrm_redirecturl","msdyncrm_MarketingSMBApp","Other/Solution.xml","Foundation and shared configuration","None","Investigate","External dependency must be validated for necessity, licensing, and target availability.","Required","Not required","True"
"MissingDependency","msdyncrm_segment","msdyncrm_MarketingSMBApp","Other/Solution.xml","Foundation and shared configuration","None","Investigate","External dependency must be validated for necessity, licensing, and target availability.","Required","Not required","True"
"MissingDependency","msdyncrm_segmenttemplate","msdyncrm_MarketingSMBApp","Other/Solution.xml","Foundation and shared configuration","None","Investigate","External dependency must be validated for necessity, licensing, and target availability.","Required","Not required","True"
"MissingDependency","msdyncrm_socialpost","msdyncrm_MarketingSMBApp","Other/Solution.xml","Foundation and shared configuration","None","Investigate","External dependency must be validated for necessity, licensing, and target availability.","Required","Not required","True"
"MissingDependency","msdyncrm_socialpostingconfiguration","msdyncrm_MarketingSMBApp","Other/Solution.xml","Foundation and shared configuration","None","Investigate","External dependency must be validated for necessity, licensing, and target availability.","Required","Not required","True"
"MissingDependency","msdyncrm_taskactivitymarketingtemplate","msdyncrm_MarketingSMBApp","Other/Solution.xml","Foundation and shared configuration","None","Investigate","External dependency must be validated for necessity, licensing, and target availability.","Required","Not required","True"
"MissingDependency","msdyncrm_uicconfig","msdyncrm_MarketingSMBApp","Other/Solution.xml","Foundation and shared configuration","None","Investigate","External dependency must be validated for necessity, licensing, and target availability.","Required","Not required","True"
"MissingDependency","msdyncrm_usergeoregion","msdyncrm_MarketingSMBApp","Other/Solution.xml","Foundation and shared configuration","None","Investigate","External dependency must be validated for necessity, licensing, and target availability.","Required","Not required","True"
"MissingDependency","msdyncrm_video","msdyncrm_MarketingSMBApp","Other/Solution.xml","Foundation and shared configuration","None","Investigate","External dependency must be validated for necessity, licensing, and target availability.","Required","Not required","True"
"MissingDependency","msdyncrm_website","msdyncrm_MarketingSMBApp","Other/Solution.xml","Foundation and shared configuration","None","Investigate","External dependency must be validated for necessity, licensing, and target availability.","Required","Not required","True"
"MissingDependency","msdynmkt_brandprofile","msdyncrm_MarketingSMBApp","Other/Solution.xml","Foundation and shared configuration","None","Investigate","External dependency must be validated for necessity, licensing, and target availability.","Required","Not required","True"
"MissingDependency","msdynmkt_brandsender","msdyncrm_MarketingSMBApp","Other/Solution.xml","Foundation and shared configuration","None","Investigate","External dependency must be validated for necessity, licensing, and target availability.","Required","Not required","True"
"MissingDependency","msdynmkt_compliancesettings","msdyncrm_MarketingSMBApp","Other/Solution.xml","Foundation and shared configuration","None","Investigate","External dependency must be validated for necessity, licensing, and target availability.","Required","Not required","True"
"MissingDependency","msdynmkt_compliancesettings3","msdyncrm_MarketingSMBApp","Other/Solution.xml","Foundation and shared configuration","None","Investigate","External dependency must be validated for necessity, licensing, and target availability.","Required","Not required","True"
"MissingDependency","msdynmkt_compliancesettings4","msdyncrm_MarketingSMBApp","Other/Solution.xml","Foundation and shared configuration","None","Investigate","External dependency must be validated for necessity, licensing, and target availability.","Required","Not required","True"
"MissingDependency","msdynmkt_consent","msdyncrm_MarketingSMBApp","Other/Solution.xml","Foundation and shared configuration","None","Investigate","External dependency must be validated for necessity, licensing, and target availability.","Required","Not required","True"
"MissingDependency","msdynmkt_contactpointconsent2","msdyncrm_MarketingSMBApp","Other/Solution.xml","Foundation and shared configuration","None","Investigate","External dependency must be validated for necessity, licensing, and target availability.","Required","Not required","True"
"MissingDependency","msdynmkt_contactpointconsent3","msdyncrm_MarketingSMBApp","Other/Solution.xml","Foundation and shared configuration","None","Investigate","External dependency must be validated for necessity, licensing, and target availability.","Required","Not required","True"
"MissingDependency","msdynmkt_contactpointconsent4","msdyncrm_MarketingSMBApp","Other/Solution.xml","Foundation and shared configuration","None","Investigate","External dependency must be validated for necessity, licensing, and target availability.","Required","Not required","True"
"MissingDependency","msdynmkt_contactpointsettings","msdyncrm_MarketingSMBApp","Other/Solution.xml","Foundation and shared configuration","None","Investigate","External dependency must be validated for necessity, licensing, and target availability.","Required","Not required","True"
"MissingDependency","msdynmkt_customchannelmessage","msdyncrm_MarketingSMBApp","Other/Solution.xml","Foundation and shared configuration","None","Investigate","External dependency must be validated for necessity, licensing, and target availability.","Required","Not required","True"
"MissingDependency","msdynmkt_email","msdyncrm_MarketingSMBApp","Other/Solution.xml","Foundation and shared configuration","None","Investigate","External dependency must be validated for necessity, licensing, and target availability.","Required","Not required","True"
"MissingDependency","msdynmkt_emailtemplate","msdyncrm_MarketingSMBApp","Other/Solution.xml","Foundation and shared configuration","None","Investigate","External dependency must be validated for necessity, licensing, and target availability.","Required","Not required","True"
"MissingDependency","msdynmkt_entityscoringmodel","msdyncrm_MarketingSMBApp","Other/Solution.xml","Foundation and shared configuration","None","Investigate","External dependency must be validated for necessity, licensing, and target availability.","Required","Not required","True"
"MissingDependency","msdynmkt_eventmetadata","msdyncrm_MarketingSMBApp","Other/Solution.xml","Foundation and shared configuration","None","Investigate","External dependency must be validated for necessity, licensing, and target availability.","Required","Not required","True"
"MissingDependency","msdynmkt_formsetting","msdyncrm_MarketingSMBApp","Other/Solution.xml","Foundation and shared configuration","None","Investigate","External dependency must be validated for necessity, licensing, and target availability.","Required","Not required","True"
"MissingDependency","msdynmkt_fragment","msdyncrm_MarketingSMBApp","Other/Solution.xml","Foundation and shared configuration","None","Investigate","External dependency must be validated for necessity, licensing, and target availability.","Required","Not required","True"
"MissingDependency","msdynmkt_frequencycap","msdyncrm_MarketingSMBApp","Other/Solution.xml","Foundation and shared configuration","None","Investigate","External dependency must be validated for necessity, licensing, and target availability.","Required","Not required","True"
"MissingDependency","msdynmkt_journey","msdyncrm_MarketingSMBApp","Other/Solution.xml","Foundation and shared configuration","None","Investigate","External dependency must be validated for necessity, licensing, and target availability.","Required","Not required","True"
"MissingDependency","msdynmkt_journeytemplate","msdyncrm_MarketingSMBApp","Other/Solution.xml","Foundation and shared configuration","None","Investigate","External dependency must be validated for necessity, licensing, and target availability.","Required","Not required","True"
"MissingDependency","msdynmkt_keyword","msdyncrm_MarketingSMBApp","Other/Solution.xml","Foundation and shared configuration","None","Investigate","External dependency must be validated for necessity, licensing, and target availability.","Required","Not required","True"
"MissingDependency","msdynmkt_leadqualificationmodel","msdyncrm_MarketingSMBApp","Other/Solution.xml","Foundation and shared configuration","None","Investigate","External dependency must be validated for necessity, licensing, and target availability.","Required","Not required","True"
"MissingDependency","msdynmkt_marketingform","msdyncrm_MarketingSMBApp","Other/Solution.xml","Foundation and shared configuration","None","Investigate","External dependency must be validated for necessity, licensing, and target availability.","Required","Not required","True"
"MissingDependency","msdynmkt_marketingformtemplate","msdyncrm_MarketingSMBApp","Other/Solution.xml","Foundation and shared configuration","None","Investigate","External dependency must be validated for necessity, licensing, and target availability.","Required","Not required","True"
"MissingDependency","msdynmkt_matchingstrategy","msdyncrm_MarketingSMBApp","Other/Solution.xml","Foundation and shared configuration","None","Investigate","External dependency must be validated for necessity, licensing, and target availability.","Required","Not required","True"
"MissingDependency","msdynmkt_mobileapplication","msdyncrm_MarketingSMBApp","Other/Solution.xml","Foundation and shared configuration","None","Investigate","External dependency must be validated for necessity, licensing, and target availability.","Required","Not required","True"
"MissingDependency","msdynmkt_purpose","msdyncrm_MarketingSMBApp","Other/Solution.xml","Foundation and shared configuration","None","Investigate","External dependency must be validated for necessity, licensing, and target availability.","Required","Not required","True"
"MissingDependency","msdynmkt_pushnotification","msdyncrm_MarketingSMBApp","Other/Solution.xml","Foundation and shared configuration","None","Investigate","External dependency must be validated for necessity, licensing, and target availability.","Required","Not required","True"
"MissingDependency","msdynmkt_quiettimesetting","msdyncrm_MarketingSMBApp","Other/Solution.xml","Foundation and shared configuration","None","Investigate","External dependency must be validated for necessity, licensing, and target availability.","Required","Not required","True"
"MissingDependency","msdynmkt_sms","msdyncrm_MarketingSMBApp","Other/Solution.xml","Foundation and shared configuration","None","Investigate","External dependency must be validated for necessity, licensing, and target availability.","Required","Not required","True"
"MissingDependency","msdynmkt_smsphonenumber","msdyncrm_MarketingSMBApp","Other/Solution.xml","Foundation and shared configuration","None","Investigate","External dependency must be validated for necessity, licensing, and target availability.","Required","Not required","True"
"MissingDependency","msdynmkt_topic","msdyncrm_MarketingSMBApp","Other/Solution.xml","Foundation and shared configuration","None","Investigate","External dependency must be validated for necessity, licensing, and target availability.","Required","Not required","True"
"MissingDependency","msdynmkt_utmtracking","msdyncrm_MarketingSMBApp","Other/Solution.xml","Foundation and shared configuration","None","Investigate","External dependency must be validated for necessity, licensing, and target availability.","Required","Not required","True"
"MissingDependency","msdynmkt_virtualdomain","msdyncrm_MarketingSMBApp","Other/Solution.xml","Foundation and shared configuration","None","Investigate","External dependency must be validated for necessity, licensing, and target availability.","Required","Not required","True"
"MissingDependency","msdynmkt_virtualsegment","msdyncrm_MarketingSMBApp","Other/Solution.xml","Foundation and shared configuration","None","Investigate","External dependency must be validated for necessity, licensing, and target availability.","Required","Not required","True"
"MissingDependency","msevtmgt_/Images/EventManagement","msdyncrm_MarketingSMBApp","Other/Solution.xml","Foundation and shared configuration","None","Investigate","External dependency must be validated for necessity, licensing, and target availability.","Required","Not required","True"
"MissingDependency","msevtmgt_/Images/Events","msdyncrm_MarketingSMBApp","Other/Solution.xml","Foundation and shared configuration","None","Investigate","External dependency must be validated for necessity, licensing, and target availability.","Required","Not required","True"
"MissingDependency","msevtmgt_attendeepass","msdyncrm_MarketingSMBApp","Other/Solution.xml","Foundation and shared configuration","None","Investigate","External dependency must be validated for necessity, licensing, and target availability.","Required","Not required","True"
"MissingDependency","msevtmgt_authenticationsettings","msdyncrm_MarketingSMBApp","Other/Solution.xml","Foundation and shared configuration","None","Investigate","External dependency must be validated for necessity, licensing, and target availability.","Required","Not required","True"
"MissingDependency","msevtmgt_bpf_9623d46752ae497989f62ac0d11dad99","msdyncrm_MarketingSMBApp","Other/Solution.xml","Foundation and shared configuration","None","Investigate","External dependency must be validated for necessity, licensing, and target availability.","Required","Not required","True"
"MissingDependency","msevtmgt_building","msdyncrm_MarketingSMBApp","Other/Solution.xml","Foundation and shared configuration","None","Investigate","External dependency must be validated for necessity, licensing, and target availability.","Required","Not required","True"
"MissingDependency","msevtmgt_checkin","msdyncrm_MarketingSMBApp","Other/Solution.xml","Foundation and shared configuration","None","Investigate","External dependency must be validated for necessity, licensing, and target availability.","Required","Not required","True"
"MissingDependency","msevtmgt_customregistrationfield","msdyncrm_MarketingSMBApp","Other/Solution.xml","Foundation and shared configuration","None","Investigate","External dependency must be validated for necessity, licensing, and target availability.","Required","Not required","True"
"MissingDependency","msevtmgt_entitycounter","msdyncrm_MarketingSMBApp","Other/Solution.xml","Foundation and shared configuration","None","Investigate","External dependency must be validated for necessity, licensing, and target availability.","Required","Not required","True"
"MissingDependency","msevtmgt_event","msdyncrm_MarketingSMBApp","Other/Solution.xml","Foundation and shared configuration","None","Investigate","External dependency must be validated for necessity, licensing, and target availability.","Required","Not required","True"
"MissingDependency","msevtmgt_eventadministration","msdyncrm_MarketingSMBApp","Other/Solution.xml","Foundation and shared configuration","None","Investigate","External dependency must be validated for necessity, licensing, and target availability.","Required","Not required","True"
"MissingDependency","msevtmgt_eventcustomregistrationfield","msdyncrm_MarketingSMBApp","Other/Solution.xml","Foundation and shared configuration","None","Investigate","External dependency must be validated for necessity, licensing, and target availability.","Required","Not required","True"
"MissingDependency","msevtmgt_eventmanagementconfiguration","msdyncrm_MarketingSMBApp","Other/Solution.xml","Foundation and shared configuration","None","Investigate","External dependency must be validated for necessity, licensing, and target availability.","Required","Not required","True"
"MissingDependency","msevtmgt_eventregistration","msdyncrm_MarketingSMBApp","Other/Solution.xml","Foundation and shared configuration","None","Investigate","External dependency must be validated for necessity, licensing, and target availability.","Required","Not required","True"
"MissingDependency","msevtmgt_eventregistrationsettings","msdyncrm_MarketingSMBApp","Other/Solution.xml","Foundation and shared configuration","None","Investigate","External dependency must be validated for necessity, licensing, and target availability.","Required","Not required","True"
"MissingDependency","msevtmgt_eventteammember","msdyncrm_MarketingSMBApp","Other/Solution.xml","Foundation and shared configuration","None","Investigate","External dependency must be validated for necessity, licensing, and target availability.","Required","Not required","True"
"MissingDependency","msevtmgt_eventvendor","msdyncrm_MarketingSMBApp","Other/Solution.xml","Foundation and shared configuration","None","Investigate","External dependency must be validated for necessity, licensing, and target availability.","Required","Not required","True"
"MissingDependency","msevtmgt_hotel","msdyncrm_MarketingSMBApp","Other/Solution.xml","Foundation and shared configuration","None","Investigate","External dependency must be validated for necessity, licensing, and target availability.","Required","Not required","True"
"MissingDependency","msevtmgt_hotelroomallocation","msdyncrm_MarketingSMBApp","Other/Solution.xml","Foundation and shared configuration","None","Investigate","External dependency must be validated for necessity, licensing, and target availability.","Required","Not required","True"
"MissingDependency","msevtmgt_hotelroomreservation","msdyncrm_MarketingSMBApp","Other/Solution.xml","Foundation and shared configuration","None","Investigate","External dependency must be validated for necessity, licensing, and target availability.","Required","Not required","True"
"MissingDependency","msevtmgt_integrationconfiguration","msdyncrm_MarketingSMBApp","Other/Solution.xml","Foundation and shared configuration","None","Investigate","External dependency must be validated for necessity, licensing, and target availability.","Required","Not required","True"
"MissingDependency","msevtmgt_layout","msdyncrm_MarketingSMBApp","Other/Solution.xml","Foundation and shared configuration","None","Investigate","External dependency must be validated for necessity, licensing, and target availability.","Required","Not required","True"
"MissingDependency","msevtmgt_pass","msdyncrm_MarketingSMBApp","Other/Solution.xml","Foundation and shared configuration","None","Investigate","External dependency must be validated for necessity, licensing, and target availability.","Required","Not required","True"
"MissingDependency","msevtmgt_paymentprovider","msdyncrm_MarketingSMBApp","Other/Solution.xml","Foundation and shared configuration","None","Investigate","External dependency must be validated for necessity, licensing, and target availability.","Required","Not required","True"
"MissingDependency","msevtmgt_powerpageswebsite","msdyncrm_MarketingSMBApp","Other/Solution.xml","Foundation and shared configuration","None","Investigate","External dependency must be validated for necessity, licensing, and target availability.","Required","Not required","True"
"MissingDependency","msevtmgt_room","msdyncrm_MarketingSMBApp","Other/Solution.xml","Foundation and shared configuration","None","Investigate","External dependency must be validated for necessity, licensing, and target availability.","Required","Not required","True"
"MissingDependency","msevtmgt_session","msdyncrm_MarketingSMBApp","Other/Solution.xml","Foundation and shared configuration","None","Investigate","External dependency must be validated for necessity, licensing, and target availability.","Required","Not required","True"
"MissingDependency","msevtmgt_sessionregistration","msdyncrm_MarketingSMBApp","Other/Solution.xml","Foundation and shared configuration","None","Investigate","External dependency must be validated for necessity, licensing, and target availability.","Required","Not required","True"
"MissingDependency","msevtmgt_sessiontrack","msdyncrm_MarketingSMBApp","Other/Solution.xml","Foundation and shared configuration","None","Investigate","External dependency must be validated for necessity, licensing, and target availability.","Required","Not required","True"
"MissingDependency","msevtmgt_speaker","msdyncrm_MarketingSMBApp","Other/Solution.xml","Foundation and shared configuration","None","Investigate","External dependency must be validated for necessity, licensing, and target availability.","Required","Not required","True"
"MissingDependency","msevtmgt_speakerengagement","msdyncrm_MarketingSMBApp","Other/Solution.xml","Foundation and shared configuration","None","Investigate","External dependency must be validated for necessity, licensing, and target availability.","Required","Not required","True"
"MissingDependency","msevtmgt_sponsorablearticle","msdyncrm_MarketingSMBApp","Other/Solution.xml","Foundation and shared configuration","None","Investigate","External dependency must be validated for necessity, licensing, and target availability.","Required","Not required","True"
"MissingDependency","msevtmgt_sponsorship","msdyncrm_MarketingSMBApp","Other/Solution.xml","Foundation and shared configuration","None","Investigate","External dependency must be validated for necessity, licensing, and target availability.","Required","Not required","True"
"MissingDependency","msevtmgt_venue","msdyncrm_MarketingSMBApp","Other/Solution.xml","Foundation and shared configuration","None","Investigate","External dependency must be validated for necessity, licensing, and target availability.","Required","Not required","True"
"MissingDependency","msevtmgt_waitlistitem","msdyncrm_MarketingSMBApp","Other/Solution.xml","Foundation and shared configuration","None","Investigate","External dependency must be validated for necessity, licensing, and target availability.","Required","Not required","True"
"MissingDependency","msevtmgt_webapplication","msdyncrm_MarketingSMBApp","Other/Solution.xml","Foundation and shared configuration","None","Investigate","External dependency must be validated for necessity, licensing, and target availability.","Required","Not required","True"
"MissingDependency","msevtmgt_webinarconfiguration","msdyncrm_MarketingSMBApp","Other/Solution.xml","Foundation and shared configuration","None","Investigate","External dependency must be validated for necessity, licensing, and target availability.","Required","Not required","True"
"MissingDependency","msevtmgt_webinarconsent","msdyncrm_MarketingSMBApp","Other/Solution.xml","Foundation and shared configuration","None","Investigate","External dependency must be validated for necessity, licensing, and target availability.","Required","Not required","True"
"MissingDependency","msevtmgt_webinarprovider","msdyncrm_MarketingSMBApp","Other/Solution.xml","Foundation and shared configuration","None","Investigate","External dependency must be validated for necessity, licensing, and target availability.","Required","Not required","True"
"MissingDependency","msevtmgt_webinartype","msdyncrm_MarketingSMBApp","Other/Solution.xml","Foundation and shared configuration","None","Investigate","External dependency must be validated for necessity, licensing, and target availability.","Required","Not required","True"
"MissingDependency","msevtmgt_websiteentityconfiguration","msdyncrm_MarketingSMBApp","Other/Solution.xml","Foundation and shared configuration","None","Investigate","External dependency must be validated for necessity, licensing, and target availability.","Required","Not required","True"
"MissingDependency","opportunity","msdyncrm_MarketingSMBApp","Other/Solution.xml","Foundation and shared configuration","None","Investigate","External dependency must be validated for necessity, licensing, and target availability.","Required","Not required","True"
"MissingDependency","opportunityclose","msdyncrm_MarketingSMBApp","Other/Solution.xml","Foundation and shared configuration","None","Investigate","External dependency must be validated for necessity, licensing, and target availability.","Required","Not required","True"
"MissingDependency","opportunitysalesprocess","msdyncrm_MarketingSMBApp","Other/Solution.xml","Foundation and shared configuration","None","Investigate","External dependency must be validated for necessity, licensing, and target availability.","Required","Not required","True"
"MissingDependency","site","msdyncrm_MarketingSMBApp","Other/Solution.xml","Foundation and shared configuration","None","Investigate","External dependency must be validated for necessity, licensing, and target availability.","Required","Not required","True"
"MissingDependency","type:SettingDefinition","OverrideAppHeaderColor","Other/Solution.xml","Foundation and shared configuration","None","Investigate","External dependency must be validated for necessity, licensing, and target availability.","Required","Not required","True"
"MissingDependency","type:SettingDefinition","parentappmoduleid.uniquename=cr7e8_AdvisorCockpit,settingdefinitionid.uniquename=AppChannel","Other/Solution.xml","Foundation and shared configuration","None","Investigate","External dependency must be validated for necessity, licensing, and target availability.","Required","Not required","True"
"MissingDependency","type:SettingDefinition","parentappmoduleid.uniquename=cr7e8_AdvisorCockpit,settingdefinitionid.uniquename=m365copilotmodelappenabled","Other/Solution.xml","Foundation and shared configuration","None","Investigate","External dependency must be validated for necessity, licensing, and target availability.","Required","Not required","True"
"MissingDependency","type:SettingDefinition","parentappmoduleid.uniquename=cr7e8_AdvisorCockpit,settingdefinitionid.uniquename=msdyn_enablertecopilot","Other/Solution.xml","Foundation and shared configuration","None","Investigate","External dependency must be validated for necessity, licensing, and target availability.","Required","Not required","True"
"MissingDependency","type:SettingDefinition","parentappmoduleid.uniquename=cr7e8_AdvisorCockpit,settingdefinitionid.uniquename=msdyn_rtecopilotdefaultonruncompleted","Other/Solution.xml","Foundation and shared configuration","None","Investigate","External dependency must be validated for necessity, licensing, and target availability.","Required","Not required","True"
"MissingDependency","type:SettingDefinition","parentappmoduleid.uniquename=cr7e8_BrokerManager,settingdefinitionid.uniquename=AppChannel","Other/Solution.xml","Foundation and shared configuration","None","Investigate","External dependency must be validated for necessity, licensing, and target availability.","Required","Not required","True"
"MissingDependency","type:SettingDefinition","parentappmoduleid.uniquename=cr7e8_ClaimCockpit,settingdefinitionid.uniquename=AppChannel","Other/Solution.xml","Foundation and shared configuration","None","Investigate","External dependency must be validated for necessity, licensing, and target availability.","Required","Not required","True"
"MissingDependency","msdyn_CustomerServiceWorkspace","parentappmoduleid.uniquename=msdyn_CustomerServiceWorkspace,settingdefinitionid.uniquename=msdyn_enablertecopilot","Other/Solution.xml","Foundation and shared configuration","None","Investigate","External dependency must be validated for necessity, licensing, and target availability.","Required","Not required","True"
"MissingDependency","type:SettingDefinition","parentappmoduleid.uniquename=msdyn_CustomerServiceWorkspace,settingdefinitionid.uniquename=msdyn_enablertecopilot","Other/Solution.xml","Foundation and shared configuration","None","Investigate","External dependency must be validated for necessity, licensing, and target availability.","Required","Not required","True"
"MissingDependency","msdyn_CustomerServiceWorkspace","parentappmoduleid.uniquename=msdyn_CustomerServiceWorkspace,settingdefinitionid.uniquename=msdyn_rtecopilotdefaultonruncompleted","Other/Solution.xml","Foundation and shared configuration","None","Investigate","External dependency must be validated for necessity, licensing, and target availability.","Required","Not required","True"
"MissingDependency","type:SettingDefinition","parentappmoduleid.uniquename=msdyn_CustomerServiceWorkspace,settingdefinitionid.uniquename=msdyn_rtecopilotdefaultonruncompleted","Other/Solution.xml","Foundation and shared configuration","None","Investigate","External dependency must be validated for necessity, licensing, and target availability.","Required","Not required","True"
"OrganizationSetting","OverrideAppHeaderColor","","organizationsettings/OverrideAppHeaderColor/organizationsetting.xml","Foundation and shared configuration","crmshow_Foundation","Investigate","Validate the environment-level configuration independently before adopting it.","Investigate","Not required","True"
"Relationship","business_unit_cr7e8_broker","","Other/Relationships.xml","Party, household, and relationship","crmshow_DataModel","Redesign","Broker is an Account type with dated relationship and ownership roles, not a parallel party table.","Investigate","Not required","True"
"Relationship","business_unit_cr7e8_campaign","","Other/Relationships.xml","Marketing, consent, and journeys","crmshow_Marketing","Redesign","Validate against native Customer Insights - Journeys and consent-per-contact-per-channel before rebuilding custom campaign artefacts.","Required","Not required","True"
"Relationship","business_unit_cr7e8_claim","","Other/Relationships.xml","Service and case management","crmshow_DataModel","Redesign","Claim must become an Account-owned, externally referenced thin projection rather than a Contact-owned CRM record.","Investigate","Not required","True"
"Relationship","cr7e8_account_Account_cr7e8_broker","","Other/Relationships.xml","Party, household, and relationship","crmshow_DataModel","Redesign","Broker is an Account type with dated relationship and ownership roles, not a parallel party table.","Investigate","Not required","True"
"Relationship","cr7e8_account_Account_cr7e8_campaign","","Other/Relationships.xml","Marketing, consent, and journeys","crmshow_Marketing","Redesign","Validate against native Customer Insights - Journeys and consent-per-contact-per-channel before rebuilding custom campaign artefacts.","Required","Not required","True"
"Relationship","cr7e8_claim_Contact_contact","","Other/Relationships.xml","Service and case management","crmshow_DataModel","Redesign","Claim must become an Account-owned, externally referenced thin projection rather than a Contact-owned CRM record.","Investigate","Not required","True"
"Relationship","cr7e8_contact_Contact_cr7e8_campaign","","Other/Relationships.xml","Marketing, consent, and journeys","crmshow_Marketing","Redesign","Validate against native Customer Insights - Journeys and consent-per-contact-per-channel before rebuilding custom campaign artefacts.","Required","Not required","True"
"Relationship","cr7e8_contact_Primary_Contact_cr7e8_broker","","Other/Relationships.xml","Party, household, and relationship","crmshow_DataModel","Redesign","Broker is an Account type with dated relationship and ownership roles, not a parallel party table.","Investigate","Not required","True"
"Relationship","cr7e8_product_Product_cr7e8_campaign","","Other/Relationships.xml","Marketing, consent, and journeys","crmshow_Marketing","Redesign","Validate against native Customer Insights - Journeys and consent-per-contact-per-channel before rebuilding custom campaign artefacts.","Required","Not required","True"
"Relationship","cr7e8_systemuser_Makler_Betreuer_cr7e8_broker","","Other/Relationships.xml","Party, household, and relationship","crmshow_DataModel","Redesign","Broker is an Account type with dated relationship and ownership roles, not a parallel party table.","Investigate","Not required","True"
"Relationship","lk_cr7e8_broker_createdby","","Other/Relationships.xml","Party, household, and relationship","crmshow_DataModel","Redesign","Broker is an Account type with dated relationship and ownership roles, not a parallel party table.","Investigate","Not required","True"
"Relationship","lk_cr7e8_broker_modifiedby","","Other/Relationships.xml","Party, household, and relationship","crmshow_DataModel","Redesign","Broker is an Account type with dated relationship and ownership roles, not a parallel party table.","Investigate","Not required","True"
"Relationship","lk_cr7e8_campaign_createdby","","Other/Relationships.xml","Marketing, consent, and journeys","crmshow_Marketing","Redesign","Validate against native Customer Insights - Journeys and consent-per-contact-per-channel before rebuilding custom campaign artefacts.","Required","Not required","True"
"Relationship","lk_cr7e8_campaign_modifiedby","","Other/Relationships.xml","Marketing, consent, and journeys","crmshow_Marketing","Redesign","Validate against native Customer Insights - Journeys and consent-per-contact-per-channel before rebuilding custom campaign artefacts.","Required","Not required","True"
"Relationship","lk_cr7e8_claim_createdby","","Other/Relationships.xml","Service and case management","crmshow_DataModel","Redesign","Claim must become an Account-owned, externally referenced thin projection rather than a Contact-owned CRM record.","Investigate","Not required","True"
"Relationship","lk_cr7e8_claim_modifiedby","","Other/Relationships.xml","Service and case management","crmshow_DataModel","Redesign","Claim must become an Account-owned, externally referenced thin projection rather than a Contact-owned CRM record.","Investigate","Not required","True"
"Relationship","owner_cr7e8_broker","","Other/Relationships.xml","Party, household, and relationship","crmshow_DataModel","Redesign","Broker is an Account type with dated relationship and ownership roles, not a parallel party table.","Investigate","Not required","True"
"Relationship","owner_cr7e8_campaign","","Other/Relationships.xml","Marketing, consent, and journeys","crmshow_Marketing","Redesign","Validate against native Customer Insights - Journeys and consent-per-contact-per-channel before rebuilding custom campaign artefacts.","Required","Not required","True"
"Relationship","owner_cr7e8_claim","","Other/Relationships.xml","Service and case management","crmshow_DataModel","Redesign","Claim must become an Account-owned, externally referenced thin projection rather than a Contact-owned CRM record.","Investigate","Not required","True"
"Relationship","team_cr7e8_broker","","Other/Relationships.xml","Party, household, and relationship","crmshow_DataModel","Redesign","Broker is an Account type with dated relationship and ownership roles, not a parallel party table.","Investigate","Not required","True"
"Relationship","team_cr7e8_campaign","","Other/Relationships.xml","Marketing, consent, and journeys","crmshow_Marketing","Redesign","Validate against native Customer Insights - Journeys and consent-per-contact-per-channel before rebuilding custom campaign artefacts.","Required","Not required","True"
"Relationship","team_cr7e8_claim","","Other/Relationships.xml","Service and case management","crmshow_DataModel","Redesign","Claim must become an Account-owned, externally referenced thin projection rather than a Contact-owned CRM record.","Investigate","Not required","True"
"Relationship","user_cr7e8_broker","","Other/Relationships.xml","Party, household, and relationship","crmshow_DataModel","Redesign","Broker is an Account type with dated relationship and ownership roles, not a parallel party table.","Investigate","Not required","True"
"Relationship","user_cr7e8_campaign","","Other/Relationships.xml","Marketing, consent, and journeys","crmshow_Marketing","Redesign","Validate against native Customer Insights - Journeys and consent-per-contact-per-channel before rebuilding custom campaign artefacts.","Required","Not required","True"
"Relationship","user_cr7e8_claim","","Other/Relationships.xml","Service and case management","crmshow_DataModel","Redesign","Claim must become an Account-owned, externally referenced thin projection rather than a Contact-owned CRM record.","Investigate","Not required","True"
"Relationship","cr7e8_cr7e8_household_Household_cr7e8_policy","cr7e8_household","metadata:DataverseModelBuilder/cr7e8_household","Party, household, and relationship","crmshow_DataModel","Redesign","Household must be represented by Account with accountType=Household; the parallel household table is retired.","Investigate","Not required","True"
"Relationship","cr7e8_cr7e8_policy_Related_Policy_cr7e8_offer","cr7e8_offer","metadata:DataverseModelBuilder/cr7e8_offer","Policy, claim, quote, and insured-object projections","crmshow_DataModel","Redesign","Policy must be a thin Account-owned projection with external system and external reference keys.","Investigate","Not required","True"
"Relationship","cr7e8_cr7e8_household_Household_cr7e8_policy","cr7e8_policy","metadata:DataverseModelBuilder/cr7e8_policy","Party, household, and relationship","crmshow_DataModel","Redesign","Household must be represented by Account with accountType=Household; the parallel household table is retired.","Investigate","Not required","True"
"Relationship","cr7e8_cr7e8_policy_Related_Policy_cr7e8_offer","cr7e8_policy","metadata:DataverseModelBuilder/cr7e8_policy","Policy, claim, quote, and insured-object projections","crmshow_DataModel","Redesign","Policy must be a thin Account-owned projection with external system and external reference keys.","Investigate","Not required","True"
"Ribbon","Account:ribbon","Account","Entities/Account/RibbonDiff.xml","Party, household, and relationship","crmshow_Sales","Refactor","Reuse native party tables while rebuilding only approved extensions and role relationships.","Investigate","Not required","True"
"Ribbon","Contact:ribbon","Contact","Entities/Contact/RibbonDiff.xml","Party, household, and relationship","crmshow_Sales","Refactor","Reuse native party tables while rebuilding only approved extensions and role relationships.","Investigate","Not required","True"
"Ribbon","cr7e8_broker:ribbon","cr7e8_broker","Entities/cr7e8_broker/RibbonDiff.xml","Party, household, and relationship","crmshow_Sales","Redesign","Broker is an Account type with dated relationship and ownership roles, not a parallel party table.","Investigate","Not required","True"
"Ribbon","cr7e8_campaign:ribbon","cr7e8_campaign","Entities/cr7e8_campaign/RibbonDiff.xml","Marketing, consent, and journeys","crmshow_Marketing","Redesign","Validate against native Customer Insights - Journeys and consent-per-contact-per-channel before rebuilding custom campaign artefacts.","Required","Not required","True"
"Ribbon","cr7e8_Claim:ribbon","cr7e8_Claim","Entities/cr7e8_Claim/RibbonDiff.xml","Service and case management","crmshow_Service","Redesign","Claim must become an Account-owned, externally referenced thin projection rather than a Contact-owned CRM record.","Investigate","Not required","True"
"Ribbon","cr7e8_household:ribbon","cr7e8_household","Entities/cr7e8_household/RibbonDiff.xml","Party, household, and relationship","crmshow_Sales","Redesign","Household must be represented by Account with accountType=Household; the parallel household table is retired.","Investigate","Not required","True"
"Ribbon","cr7e8_offer:ribbon","cr7e8_offer","Entities/cr7e8_offer/RibbonDiff.xml","Sales and opportunity management","crmshow_Sales","Redesign","Rebuild around native Lead and Opportunity; offer or quote data remains an externally referenced projection.","Investigate","Not required","True"
"Ribbon","cr7e8_policy:ribbon","cr7e8_policy","Entities/cr7e8_policy/RibbonDiff.xml","Policy, claim, quote, and insured-object projections","crmshow_Sales","Redesign","Policy must be a thin Account-owned projection with external system and external reference keys.","Investigate","Not required","True"
"Ribbon","Incident:ribbon","Incident","Entities/Incident/RibbonDiff.xml","Service and case management","crmshow_Service","Refactor","Retain the service requirement but rebuild through native Customer Service configuration and governed extensions.","Investigate","Not required","True"
"Ribbon","Lead:ribbon","Lead","Entities/Lead/RibbonDiff.xml","Sales and opportunity management","crmshow_Sales","Redesign","Rebuild around native Lead and Opportunity; offer or quote data remains an externally referenced projection.","Investigate","Not required","True"
"Ribbon","msdyn_ocliveworkitem:ribbon","msdyn_ocliveworkitem","Entities/msdyn_ocliveworkitem/RibbonDiff.xml","Service and case management","crmshow_Service","Refactor","Retain the service requirement but rebuild through native Customer Service configuration and governed extensions.","Investigate","Not required","True"
"SettingDefinition","OverrideAppHeaderColor","","settingdefinitions/OverrideAppHeaderColor/settingdefinition.xml","Foundation and shared configuration","crmshow_Foundation","Investigate","Validate the environment-level configuration independently before adopting it.","Investigate","Not required","True"
"SiteMap","cr7e8_AdvisorCockpit","","AppModuleSiteMaps/cr7e8_AdvisorCockpit/AppModuleSiteMap.xml","Sales and opportunity management","crmshow_Sales","Redesign","Rebuild around native Lead and Opportunity; offer or quote data remains an externally referenced projection.","Investigate","Not required","True"
"SiteMap","cr7e8_BrokerManager","","AppModuleSiteMaps/cr7e8_BrokerManager/AppModuleSiteMap.xml","Party, household, and relationship","crmshow_Sales","Redesign","Broker is an Account type with dated relationship and ownership roles, not a parallel party table.","Investigate","Not required","True"
"SiteMap","cr7e8_ClaimCockpit","","AppModuleSiteMaps/cr7e8_ClaimCockpit/AppModuleSiteMap.xml","Service and case management","crmshow_Service","Redesign","Claim must become an Account-owned, externally referenced thin projection rather than a Contact-owned CRM record.","Investigate","Not required","True"
"SiteMap","msdyn_CustomerServiceWorkspace","","AppModuleSiteMaps/msdyn_CustomerServiceWorkspace/AppModuleSiteMap.xml","Service and case management","crmshow_Service","Refactor","Retain the service requirement but rebuild through native Customer Service configuration and governed extensions.","Investigate","Not required","True"
"SiteMap","msdyncrm_MarketingSMBApp","","AppModuleSiteMaps/msdyncrm_MarketingSMBApp/AppModuleSiteMap.xml","Marketing, consent, and journeys","crmshow_Marketing","Redesign","Validate against native Customer Insights - Journeys and consent-per-contact-per-channel before rebuilding custom campaign artefacts.","Required","Not required","True"
"View","{14a48887-6d56-41b3-9e09-3a66f46d4f6a}","cr7e8_broker","Entities/cr7e8_broker/SavedQueries/{14a48887-6d56-41b3-9e09-3a66f46d4f6a}.xml","Party, household, and relationship","crmshow_Sales","Redesign","Broker is an Account type with dated relationship and ownership roles, not a parallel party table.","Investigate","Not required","True"
"View","{223305c9-0c4f-4a6c-93cc-dbadc9be9683}","cr7e8_broker","Entities/cr7e8_broker/SavedQueries/{223305c9-0c4f-4a6c-93cc-dbadc9be9683}.xml","Party, household, and relationship","crmshow_Sales","Redesign","Broker is an Account type with dated relationship and ownership roles, not a parallel party table.","Investigate","Not required","True"
"View","{327ab6e3-0f3f-42fc-be34-a903cba6e5aa}","cr7e8_broker","Entities/cr7e8_broker/SavedQueries/{327ab6e3-0f3f-42fc-be34-a903cba6e5aa}.xml","Party, household, and relationship","crmshow_Sales","Redesign","Broker is an Account type with dated relationship and ownership roles, not a parallel party table.","Investigate","Not required","True"
"View","{34ee2df0-220a-4ec6-b2a7-23d6deebf1ca}","cr7e8_broker","Entities/cr7e8_broker/SavedQueries/{34ee2df0-220a-4ec6-b2a7-23d6deebf1ca}.xml","Party, household, and relationship","crmshow_Sales","Redesign","Broker is an Account type with dated relationship and ownership roles, not a parallel party table.","Investigate","Not required","True"
"View","{426a025f-bb51-4ce0-9491-5a44eac37529}","cr7e8_broker","Entities/cr7e8_broker/SavedQueries/{426a025f-bb51-4ce0-9491-5a44eac37529}.xml","Party, household, and relationship","crmshow_Sales","Redesign","Broker is an Account type with dated relationship and ownership roles, not a parallel party table.","Investigate","Not required","True"
"View","{9d5bd805-0d6b-f111-ab0c-000d3a3839bf}","cr7e8_broker","Entities/cr7e8_broker/SavedQueries/{9d5bd805-0d6b-f111-ab0c-000d3a3839bf}.xml","Party, household, and relationship","crmshow_Sales","Redesign","Broker is an Account type with dated relationship and ownership roles, not a parallel party table.","Investigate","Not required","True"
"View","{f3118ca7-c8b8-4f76-b08e-e9de3b9a0c57}","cr7e8_broker","Entities/cr7e8_broker/SavedQueries/{f3118ca7-c8b8-4f76-b08e-e9de3b9a0c57}.xml","Party, household, and relationship","crmshow_Sales","Redesign","Broker is an Account type with dated relationship and ownership roles, not a parallel party table.","Investigate","Not required","True"
"View","{1b65041c-344c-4726-b4f0-ae53bb4b1917}","cr7e8_campaign","Entities/cr7e8_campaign/SavedQueries/{1b65041c-344c-4726-b4f0-ae53bb4b1917}.xml","Marketing, consent, and journeys","crmshow_Marketing","Redesign","Validate against native Customer Insights - Journeys and consent-per-contact-per-channel before rebuilding custom campaign artefacts.","Required","Not required","True"
"View","{35fca911-8d75-409b-87ef-3544ddd2a37b}","cr7e8_campaign","Entities/cr7e8_campaign/SavedQueries/{35fca911-8d75-409b-87ef-3544ddd2a37b}.xml","Marketing, consent, and journeys","crmshow_Marketing","Redesign","Validate against native Customer Insights - Journeys and consent-per-contact-per-channel before rebuilding custom campaign artefacts.","Required","Not required","True"
"View","{55cff096-8684-472e-aa3b-ca9e0438cdd1}","cr7e8_campaign","Entities/cr7e8_campaign/SavedQueries/{55cff096-8684-472e-aa3b-ca9e0438cdd1}.xml","Marketing, consent, and journeys","crmshow_Marketing","Redesign","Validate against native Customer Insights - Journeys and consent-per-contact-per-channel before rebuilding custom campaign artefacts.","Required","Not required","True"
"View","{6584ecfb-3e6d-f111-ab0c-70a8a59b9caf}","cr7e8_campaign","Entities/cr7e8_campaign/SavedQueries/{6584ecfb-3e6d-f111-ab0c-70a8a59b9caf}.xml","Marketing, consent, and journeys","crmshow_Marketing","Redesign","Validate against native Customer Insights - Journeys and consent-per-contact-per-channel before rebuilding custom campaign artefacts.","Required","Not required","True"
"View","{b2367252-f109-4f82-aae8-f152e18c4f19}","cr7e8_campaign","Entities/cr7e8_campaign/SavedQueries/{b2367252-f109-4f82-aae8-f152e18c4f19}.xml","Marketing, consent, and journeys","crmshow_Marketing","Redesign","Validate against native Customer Insights - Journeys and consent-per-contact-per-channel before rebuilding custom campaign artefacts.","Required","Not required","True"
"View","{f1627480-6f73-4de5-b5c6-ed3b74d647bf}","cr7e8_campaign","Entities/cr7e8_campaign/SavedQueries/{f1627480-6f73-4de5-b5c6-ed3b74d647bf}.xml","Marketing, consent, and journeys","crmshow_Marketing","Redesign","Validate against native Customer Insights - Journeys and consent-per-contact-per-channel before rebuilding custom campaign artefacts.","Required","Not required","True"
"View","{fbd49f73-e0ce-464b-9692-27f979879c2b}","cr7e8_campaign","Entities/cr7e8_campaign/SavedQueries/{fbd49f73-e0ce-464b-9692-27f979879c2b}.xml","Marketing, consent, and journeys","crmshow_Marketing","Redesign","Validate against native Customer Insights - Journeys and consent-per-contact-per-channel before rebuilding custom campaign artefacts.","Required","Not required","True"
"View","{0ab716ae-617a-4458-8dde-3e8da0fa7758}","cr7e8_Claim","Entities/cr7e8_Claim/SavedQueries/{0ab716ae-617a-4458-8dde-3e8da0fa7758}.xml","Service and case management","crmshow_Service","Redesign","Claim must become an Account-owned, externally referenced thin projection rather than a Contact-owned CRM record.","Investigate","Not required","True"
"View","{363197be-3be7-4ef2-8056-ed5f78393784}","cr7e8_Claim","Entities/cr7e8_Claim/SavedQueries/{363197be-3be7-4ef2-8056-ed5f78393784}.xml","Service and case management","crmshow_Service","Redesign","Claim must become an Account-owned, externally referenced thin projection rather than a Contact-owned CRM record.","Investigate","Not required","True"
"View","{4789e6f1-2d09-45cc-b1b5-156b0003808e}","cr7e8_Claim","Entities/cr7e8_Claim/SavedQueries/{4789e6f1-2d09-45cc-b1b5-156b0003808e}.xml","Service and case management","crmshow_Service","Redesign","Claim must become an Account-owned, externally referenced thin projection rather than a Contact-owned CRM record.","Investigate","Not required","True"
"View","{48bfa37e-3b04-4f43-ac8a-8dd1e5f73d68}","cr7e8_Claim","Entities/cr7e8_Claim/SavedQueries/{48bfa37e-3b04-4f43-ac8a-8dd1e5f73d68}.xml","Service and case management","crmshow_Service","Redesign","Claim must become an Account-owned, externally referenced thin projection rather than a Contact-owned CRM record.","Investigate","Not required","True"
"View","{5682b932-5f1d-4035-a2a8-a787aa9cd860}","cr7e8_Claim","Entities/cr7e8_Claim/SavedQueries/{5682b932-5f1d-4035-a2a8-a787aa9cd860}.xml","Service and case management","crmshow_Service","Redesign","Claim must become an Account-owned, externally referenced thin projection rather than a Contact-owned CRM record.","Investigate","Not required","True"
"View","{5e71d043-73bd-44f2-8d35-47ddfcde1de1}","cr7e8_Claim","Entities/cr7e8_Claim/SavedQueries/{5e71d043-73bd-44f2-8d35-47ddfcde1de1}.xml","Service and case management","crmshow_Service","Redesign","Claim must become an Account-owned, externally referenced thin projection rather than a Contact-owned CRM record.","Investigate","Not required","True"
"View","{adebe0e5-e0b3-4a51-85c0-466b763b9eca}","cr7e8_Claim","Entities/cr7e8_Claim/SavedQueries/{adebe0e5-e0b3-4a51-85c0-466b763b9eca}.xml","Service and case management","crmshow_Service","Redesign","Claim must become an Account-owned, externally referenced thin projection rather than a Contact-owned CRM record.","Investigate","Not required","True"
"WebResource","cr7e8_mobiliarlogo","","WebResources/cr7e8_mobiliarlogo","Foundation and shared configuration","None","Retire","Customer-specific branding is not copied into the anonymized CRM Showcase.","Investigate","Not required","True"
"WebResource","cr7e8_moderntheme","","WebResources/cr7e8_moderntheme","Foundation and shared configuration","None","Retire","Customer-specific branding is not copied into the anonymized CRM Showcase.","Investigate","Not required","True"
"WebResource","cr7e8_sharedpage01advisorcockpit","","WebResources/cr7e8_sharedpage01advisorcockpit","Sales and opportunity management","crmshow_Sales","Redesign","Rebuild around native Lead and Opportunity; offer or quote data remains an externally referenced projection.","Investigate","Not required","True"
"WebResource","cr7e8_sharedpage12v2salessteeringcockpit","","WebResources/cr7e8_sharedpage12v2salessteeringcockpit","Sales and opportunity management","crmshow_Sales","Redesign","Rebuild around native Lead and Opportunity; offer or quote data remains an externally referenced projection.","Investigate","Not required","True"
"WebResource","cr7e8_ucas1page10bclaimexpertdashboard","","WebResources/cr7e8_ucas1page10bclaimexpertdashboard","Service and case management","crmshow_Service","Refactor","Retain the service requirement but rebuild through native Customer Service configuration and governed extensions.","Investigate","Not required","True"
"WebResource","cr7e8_ucas1page10cclaimrecord","","WebResources/cr7e8_ucas1page10cclaimrecord","Service and case management","crmshow_Service","Refactor","Retain the service requirement but rebuild through native Customer Service configuration and governed extensions.","Investigate","Not required","True"
"WebResource","cr7e8_ucas1page10eleadrecord","","WebResources/cr7e8_ucas1page10eleadrecord","Sales and opportunity management","crmshow_Sales","Redesign","Rebuild around native Lead and Opportunity; offer or quote data remains an externally referenced projection.","Investigate","Not required","True"
"WebResource","cr7e8_ucm1page21campaignperformancedashboard","","WebResources/cr7e8_ucm1page21campaignperformancedashboard","Marketing, consent, and journeys","crmshow_Marketing","Redesign","Validate against native Customer Insights - Journeys and consent-per-contact-per-channel before rebuilding custom campaign artefacts.","Required","Not required","True"
"WebResource","cr7e8_ucm1page22campaigndefinition","","WebResources/cr7e8_ucm1page22campaigndefinition","Marketing, consent, and journeys","crmshow_Marketing","Redesign","Validate against native Customer Insights - Journeys and consent-per-contact-per-channel before rebuilding custom campaign artefacts.","Required","Not required","True"
"WebResource","cr7e8_ucm2page23eventmanagementworkspace","","WebResources/cr7e8_ucm2page23eventmanagementworkspace","Marketing, consent, and journeys","crmshow_Marketing","Redesign","Validate against native Customer Insights - Journeys and consent-per-contact-per-channel before rebuilding custom campaign artefacts.","Required","Not required","True"
"WebResource","cr7e8_ucm2page26eventeffectanalysis","","WebResources/cr7e8_ucm2page26eventeffectanalysis","Marketing, consent, and journeys","crmshow_Marketing","Redesign","Validate against native Customer Insights - Journeys and consent-per-contact-per-channel before rebuilding custom campaign artefacts.","Required","Not required","True"
"WebResource","cr7e8_ucmakler1page13brokermanagementworkspace","","WebResources/cr7e8_ucmakler1page13brokermanagementworkspace","Party, household, and relationship","crmshow_Sales","Redesign","Broker is an Account type with dated relationship and ownership roles, not a parallel party table.","Investigate","Not required","True"
"WebResource","cr7e8_ucmakler1page14brokeraccountannualreview","","WebResources/cr7e8_ucmakler1page14brokeraccountannualreview","Party, household, and relationship","crmshow_Sales","Redesign","Broker is an Account type with dated relationship and ownership roles, not a parallel party table.","Investigate","Not required","True"
"WebResource","cr7e8_ucmakler1page15brokeroffertracking","","WebResources/cr7e8_ucmakler1page15brokeroffertracking","Party, household, and relationship","crmshow_Sales","Redesign","Broker is an Account type with dated relationship and ownership roles, not a parallel party table.","Investigate","Not required","True"
"WebResource","cr7e8_ucmb1page18bofferonboarding","","WebResources/cr7e8_ucmb1page18bofferonboarding","Sales and opportunity management","crmshow_Sales","Redesign","Rebuild around native Lead and Opportunity; offer or quote data remains an externally referenced projection.","Investigate","Not required","True"
"WebResource","cr7e8_ucmb1page18brunnercustomer360","","WebResources/cr7e8_ucmb1page18brunnercustomer360","Party, household, and relationship","crmshow_Sales","Refactor","Reuse native party tables while rebuilding only approved extensions and role relationships.","Investigate","Not required","True"
"WebResource","cr7e8_ucmb1page18callpopup","","WebResources/cr7e8_ucmb1page18callpopup","Sales and opportunity management","crmshow_Sales","Refactor","Treat the prototype user experience as requirement evidence and rebuild with native configuration before custom code.","Investigate","Not required","True"
"WebResource","cr7e8_ucmb1page18cpolicyrecord","","WebResources/cr7e8_ucmb1page18cpolicyrecord","Policy, claim, quote, and insured-object projections","crmshow_Sales","Redesign","Policy must be a thin Account-owned projection with external system and external reference keys.","Investigate","Not required","True"
"WebResource","cr7e8_ucmb1page18dhouseholdrecord","","WebResources/cr7e8_ucmb1page18dhouseholdrecord","Party, household, and relationship","crmshow_Sales","Refactor","Reuse native party tables while rebuilding only approved extensions and role relationships.","Investigate","Not required","True"
"WebResource","cr7e8_ucmobi24page11mobi24assistancecase","","WebResources/cr7e8_ucmobi24page11mobi24assistancecase","Service and case management","crmshow_Service","Refactor","Retain the service requirement but rebuild through native Customer Service configuration and governed extensions.","Investigate","Not required","True"
"WebResource","cr7e8_ucmobi24page17mobi24operationssupervisor","","WebResources/cr7e8_ucmobi24page17mobi24operationssupervisor","Service and case management","crmshow_Service","Refactor","Retain the service requirement but rebuild through native Customer Service configuration and governed extensions.","Investigate","Not required","True"
"WebResource","cr7e8_ucmobi24page19bsupervisordailycommandcenter","","WebResources/cr7e8_ucmobi24page19bsupervisordailycommandcenter","Service and case management","crmshow_Service","Refactor","Retain the service requirement but rebuild through native Customer Service configuration and governed extensions.","Investigate","Not required","True"
